4 1 9 0 1469598103934665603
1 3 1 1 0 1 1 11095657374244587402
1 132 2 2 1 1 0 1 1 0 1 1 0 1 1 0 1 1 0 1 1 0 1 1 0 1 1 0 1 1 0 1 1 0 1 1 0 1 1 0 1 1 0 1 1 0 1 1 0 1 1 0 1 1 0 1 1 0 1 1 0 1 1 0 1 1 0 1 1 0 1 1 0 1 1 0 1 1 0 1 1 0 1 1 0 1 1 0 1 1 0 1 1 0 1 1 0 1 1 0 1 1 0 1 1 0 1 1 0 1 1 0 1 1 0 1 1 0 1 1 0 1 1 0 1 1 0 1 1 0 1 1 0 1 2 1 2 11965003218769575415
1 68 3 3 2 2 2 2 2 2 2 2 2 2 2 2 2 2 2 2 2 2 2 2 2 2 2 2 2 2 2 2 2 2 2 2 2 2 2 2 2 2 2 2 2 2 2 2 2 2 2 2 2 2 2 2 2 2 2 2 2 2 2 2 2 2 2 2 2 2 3 1 2 3 5639923385676640306
5 2 8 3 3 1 2 3 5639923385676640306
6 2 0 1 3 1 2 3 5639923385676640306
8 1 1 3 1 2 3 5639923385676640306
8 1 1 3 1 2 3 5639923385676640306
8 1 1 3 1 2 3 5639923385676640306
8 1 1 3 1 2 3 5639923385676640306
8 1 1 3 1 2 3 5639923385676640306
8 1 1 3 1 2 3 5639923385676640306
8 1 1 3 1 2 3 5639923385676640306
8 1 1 3 1 2 3 5639923385676640306
8 1 1 3 1 2 3 5639923385676640306
8 1 1 3 1 2 3 5639923385676640306
8 1 1 3 1 2 3 5639923385676640306
8 1 1 3 1 2 3 5639923385676640306
8 1 1 3 1 2 3 5639923385676640306
8 1 1 3 1 2 3 5639923385676640306
8 1 1 3 1 2 3 5639923385676640306
8 1 1 3 1 2 3 5639923385676640306
8 1 1 3 1 2 3 5639923385676640306
3 1 0 3 1 2 3 5639923385676640306
3 1 2 3 1 2 3 5639923385676640306
10 0 3 1 2 3 5639923385676640306
14 1 18446744073709551615 3 1 2 3 5639923385676640306
7 2 0 4 3 1 2 3 5639923385676640306
3 1 4 3 1 2 3 5639923385676640306
5 2 8 0 0 1469598103934665603
11 0 0 1469598103934665603
14 1 18446744073709551615 0 1469598103934665603
14 1 0 0 1469598103934665603
1 3 1 4 60 1 4 12146644434217833094
14 1 8 1 4 12146644434217833094
3 1 60 0 1469598103934665603
14 1 32 0 1469598103934665603
4 1 16 0 1469598103934665603
14 1 0 0 1469598103934665603
14 1 8 0 1469598103934665603
1 3 1 5 61 1 5 1870864911592938842
14 1 2 1 5 1870864911592938842
5 2 7 5 1 5 1870864911592938842
2 2 5 21 1 5 1870864911592938842
5 2 3 0 1 5 1870864911592938842
6 2 6 61 1 5 1870864911592938842
3 1 21 1 5 1870864911592938842
10 0 1 5 1870864911592938842
1 3 1 6 58 2 5 6 9280359174269023239
8 1 6 2 5 6 9280359174269023239
14 1 33 2 5 6 9280359174269023239
8 1 5 2 5 6 9280359174269023239
3 1 58 2 5 6 9280359174269023239
8 1 6 2 5 6 9280359174269023239
8 1 6 2 5 6 9280359174269023239
14 1 1 2 5 6 9280359174269023239
14 1 32 2 5 6 9280359174269023239
10 0 1 5 1870864911592938842
8 1 5 1 5 1870864911592938842
5 2 14 5 1 5 1870864911592938842
1 3 1 7 51 2 5 7 1118261084954259379
5 2 2 0 2 5 7 1118261084954259379
6 2 3 51 2 5 7 1118261084954259379
5 2 1 0 2 5 7 1118261084954259379
1 3 3 8 37 3 5 7 8 7877163628468834066
1 11 2 9 0 7 0 8 0 8 0 7 0 4 5 7 8 9 4573633376144325606
2 2 8 63 4 5 7 8 9 4573633376144325606
3 1 63 4 5 7 8 9 4573633376144325606
3 1 0 3 5 7 8 7877163628468834066
13 2 8 7 3 5 7 8 4916520685376207270
8 1 8 3 5 7 8 4916520685376207270
6 2 15 37 3 5 7 8 4916520685376207270
1 10 2 10 47 5 7 5 5 5 5 0 4 5 7 8 10 11262742311820883557
1 3 3 11 39 5 5 7 8 10 11 10257054966490815569
8 1 7 5 5 7 8 10 11 10257054966490815569
14 1 8 5 5 7 8 10 11 10257054966490815569
8 1 7 5 5 7 8 10 11 10257054966490815569
12 3 8 0 0 5 5 7 8 10 11 500285099730598340
5 2 14 8 5 5 7 8 10 11 500285099730598340
3 1 47 4 5 7 8 11 2044468218586129335
2 2 8 11 4 5 7 8 11 2044468218586129335
9 1 39 4 5 7 8 11 2044468218586129335
1 11 3 12 61 11 11 11 5 5 5 8 0 5 5 7 8 11 12 16899384468389008554
12 3 8 0 7 5 5 7 8 11 12 2467538331025072827
9 1 11 5 5 7 8 11 12 2467538331025072827
10 0 5 5 7 8 11 12 2467538331025072827
13 2 8 7 5 5 7 8 11 12 12054958382165815511
8 1 12 5 5 7 8 11 12 12054958382165815511
3 1 61 5 5 7 8 11 12 12054958382165815511
7 2 7 32 5 5 7 8 11 12 12054958382165815511
8 1 11 5 5 7 8 11 12 12054958382165815511
3 1 32 5 5 7 8 11 12 12054958382165815511
2 2 11 30 5 5 7 8 11 12 12054958382165815511
1 3 1 13 16 6 5 7 8 11 12 13 1745590698315353326
8 1 8 6 5 7 8 11 12 13 1745590698315353326
2 2 13 32 6 5 7 8 11 12 13 1745590698315353326
2 2 8 40 6 5 7 8 11 12 13 1745590698315353326
2 2 8 56 6 5 7 8 11 12 13 1745590698315353326
11 0 4 7 8 11 13 9463889165671035280
13 2 8 7 4 7 8 11 13 7622896735533933290
1 3 1 14 52 5 7 8 11 13 14 16313324304683081191
13 2 8 7 5 7 8 11 13 14 10225005001867553421
14 1 33 5 7 8 11 13 14 10225005001867553421
14 1 0 5 7 8 11 13 14 10225005001867553421
4 1 2 5 7 8 11 13 14 10225005001867553421
8 1 8 5 7 8 11 13 14 10225005001867553421
8 1 7 5 7 8 11 13 14 10225005001867553421
9 1 56 5 7 8 11 13 14 10225005001867553421
3 1 40 5 7 8 11 13 14 10225005001867553421
14 1 2 5 7 8 11 13 14 10225005001867553421
2 2 14 24 5 7 8 11 13 14 10225005001867553421
8 1 14 5 7 8 11 13 14 10225005001867553421
9 1 30 5 7 8 11 13 14 10225005001867553421
8 1 7 5 7 8 11 13 14 10225005001867553421
6 2 0 52 5 7 8 11 13 14 10225005001867553421
5 2 1 11 5 7 8 11 13 14 10225005001867553421
1 3 1 15 14 6 7 8 11 13 14 15 13403969443332664756
3 1 16 6 7 8 11 13 14 15 13403969443332664756
8 1 13 6 7 8 11 13 14 15 13403969443332664756
14 1 18446744073709551615 6 7 8 11 13 14 15 13403969443332664756
1 10 3 16 43 0 14 15 14 8 13 7 7 7 8 11 13 14 15 16 3073920020992231931
14 1 32 7 7 8 11 13 14 15 16 3073920020992231931
9 1 14 7 7 8 11 13 14 15 16 3073920020992231931
3 1 32 7 7 8 11 13 14 15 16 3073920020992231931
1 3 1 17 4 8 7 8 11 13 14 15 16 17 2790374427450837154
14 1 0 8 7 8 11 13 14 15 16 17 2790374427450837154
1 3 1 18 28 9 7 8 11 13 14 15 16 17 18 4843245323674787967
3 1 28 8 7 8 11 13 14 15 16 17 2790374427450837154
5 2 1 0 8 7 8 11 13 14 15 16 17 2790374427450837154
14 1 33 8 7 8 11 13 14 15 16 17 2790374427450837154
8 1 14 8 7 8 11 13 14 15 16 17 2790374427450837154
6 2 1 24 8 7 8 11 13 14 15 16 17 2790374427450837154
14 1 2 8 7 8 11 13 14 15 16 17 2790374427450837154
5 2 0 17 8 7 8 11 13 14 15 16 17 2790374427450837154
3 1 43 7 7 8 11 13 14 15 17 12831068191887752329
1 3 3 19 14 8 7 8 11 13 14 15 17 19 13346355892610606005
7 2 1 61 8 7 8 11 13 14 15 17 19 13346355892610606005
4 1 9 8 7 8 11 13 14 15 17 19 13346355892610606005
4 1 2 8 7 8 11 13 14 15 17 19 13346355892610606005
6 2 0 61 8 7 8 11 13 14 15 17 19 13346355892610606005
7 2 0 47 8 7 8 11 13 14 15 17 19 13346355892610606005
10 0 8 7 8 11 13 14 15 17 19 13346355892610606005
10 0 8 7 8 11 13 14 15 17 19 13346355892610606005
3 1 4 8 7 8 11 13 14 15 17 19 13346355892610606005
6 2 1 47 8 7 8 11 13 14 15 17 19 13346355892610606005
13 2 11 8 8 7 8 11 13 14 15 17 19 7245246951893194012
1 11 3 20 6 17 11 0 13 19 19 17 15 9 7 8 11 13 14 15 17 19 20 3820294631157481766
1 3 3 21 28 10 7 8 11 13 14 15 17 19 20 21 18324123518586260026
2 2 20 41 10 7 8 11 13 14 15 17 19 20 21 18324123518586260026
8 1 21 10 7 8 11 13 14 15 17 19 20 21 18324123518586260026
9 1 14 10 7 8 11 13 14 15 17 19 20 21 18324123518586260026
12 3 8 0 14 10 7 8 11 13 14 15 17 19 20 21 11845408827555868249
13 2 8 14 10 7 8 11 13 14 15 17 19 20 21 3126323610713152508
14 1 8 10 7 8 11 13 14 15 17 19 20 21 3126323610713152508
1 11 2 22 26 11 11 7 20 21 13 11 17 11 7 8 11 13 14 15 17 19 20 21 22 5916722053154650423
1 6 3 23 54 20 14 14 12 7 8 11 13 14 15 17 19 20 21 22 23 13816643232883511146
10 0 12 7 8 11 13 14 15 17 19 20 21 22 23 13816643232883511146
9 1 41 12 7 8 11 13 14 15 17 19 20 21 22 23 13816643232883511146
13 2 20 21 12 7 8 11 13 14 15 17 19 20 21 22 23 4500668472128856876
7 2 1 32 12 7 8 11 13 14 15 17 19 20 21 22 23 4500668472128856876
1 4 2 24 12 11 13 7 8 11 13 14 15 17 19 20 21 22 23 24 2138359208688004008
1 3 2 25 8 14 7 8 11 13 14 15 17 19 20 21 22 23 24 25 5498807300178618692
8 1 25 14 7 8 11 13 14 15 17 19 20 21 22 23 24 25 5498807300178618692
12 3 20 2 25 14 7 8 11 13 14 15 17 19 20 21 22 23 24 25 16994761335611365207
8 1 23 14 7 8 11 13 14 15 17 19 20 21 22 23 24 25 16994761335611365207
14 1 33 14 7 8 11 13 14 15 17 19 20 21 22 23 24 25 16994761335611365207
1 11 3 26 21 17 21 25 22 7 7 22 0 15 7 8 11 13 14 15 17 19 20 21 22 23 24 25 26 15135154290106717793
8 1 17 15 7 8 11 13 14 15 17 19 20 21 22 23 24 25 26 15135154290106717793
9 1 54 15 7 8 11 13 14 15 17 19 20 21 22 23 24 25 26 15135154290106717793
14 1 18446744073709551615 15 7 8 11 13 14 15 17 19 20 21 22 23 24 25 26 15135154290106717793
8 1 21 15 7 8 11 13 14 15 17 19 20 21 22 23 24 25 26 15135154290106717793
1 3 1 27 43 16 7 8 11 13 14 15 17 19 20 21 22 23 24 25 26 27 7213229664440571160
5 2 0 13 16 7 8 11 13 14 15 17 19 20 21 22 23 24 25 26 27 7213229664440571160
7 2 0 36 16 7 8 11 13 14 15 17 19 20 21 22 23 24 25 26 27 7213229664440571160
1 12 3 28 52 20 11 23 26 22 26 8 24 13 17 7 8 11 13 14 15 17 19 20 21 22 23 24 25 26 27 28 925176486701588927
1 12 2 29 56 8 22 20 28 22 7 7 26 22 18 7 8 11 13 14 15 17 19 20 21 22 23 24 25 26 27 28 29 9744747809474262334
1 3 2 30 4 19 7 8 11 13 14 15 17 19 20 21 22 23 24 25 26 27 28 29 30 492799322542407006
12 3 28 7 15 19 7 8 11 13 14 15 17 19 20 21 22 23 24 25 26 27 28 29 30 17941458936542828951
3 1 32 19 7 8 11 13 14 15 17 19 20 21 22 23 24 25 26 27 28 29 30 17941458936542828951
2 2 27 20 19 7 8 11 13 14 15 17 19 20 21 22 23 24 25 26 27 28 29 30 17941458936542828951
1 3 3 31 7 20 7 8 11 13 14 15 17 19 20 21 22 23 24 25 26 27 28 29 30 31 3812484517659682643
1 3 2 32 0 21 7 8 11 13 14 15 17 19 20 21 22 23 24 25 26 27 28 29 30 31 32 6027723696650215539
10 0 21 7 8 11 13 14 15 17 19 20 21 22 23 24 25 26 27 28 29 30 31 32 6027723696650215539
12 3 11 0 21 21 7 8 11 13 14 15 17 19 20 21 22 23 24 25 26 27 28 29 30 31 32 17056064501680207744
1 6 2 33 46 7 28 20 22 7 8 11 13 14 15 17 19 20 21 22 23 24 25 26 27 28 29 30 31 32 33 5795476082337302190
8 1 20 22 7 8 11 13 14 15 17 19 20 21 22 23 24 25 26 27 28 29 30 31 32 33 5795476082337302190
3 1 43 22 7 8 11 13 14 15 17 19 20 21 22 23 24 25 26 27 28 29 30 31 32 33 5795476082337302190
8 1 33 22 7 8 11 13 14 15 17 19 20 21 22 23 24 25 26 27 28 29 30 31 32 33 5795476082337302190
6 2 1 0 22 7 8 11 13 14 15 17 19 20 21 22 23 24 25 26 27 28 29 30 31 32 33 5795476082337302190
1 10 2 34 3 24 22 29 26 15 27 24 23 7 8 11 13 14 15 17 19 20 21 22 23 24 25 26 27 28 29 30 31 32 33 34 866063895524226748
1 3 1 35 18 24 7 8 11 13 14 15 17 19 20 21 22 23 24 25 26 27 28 29 30 31 32 33 34 35 2089953561399254977
13 2 11 30 24 7 8 11 13 14 15 17 19 20 21 22 23 24 25 26 27 28 29 30 31 32 33 34 35 13768263613720013288
12 3 29 6 23 24 7 8 11 13 14 15 17 19 20 21 22 23 24 25 26 27 28 29 30 31 32 33 34 35 18317005536093326488
7 2 1 57 24 7 8 11 13 14 15 17 19 20 21 22 23 24 25 26 27 28 29 30 31 32 33 34 35 18317005536093326488
3 1 57 23 7 8 11 13 14 15 17 19 20 21 22 23 24 25 26 27 28 29 30 31 33 34 35 8430982200724579540
9 1 26 23 7 8 11 13 14 15 17 19 20 21 22 23 24 25 26 27 28 29 30 31 33 34 35 8430982200724579540
12 3 20 6 19 23 7 8 11 13 14 15 17 19 20 21 22 23 24 25 26 27 28 29 30 31 33 34 35 335015981970842382
3 1 7 22 7 8 11 13 14 15 17 19 20 21 22 23 24 25 26 27 28 29 30 33 34 35 12991399762988228562
10 0 22 7 8 11 13 14 15 17 19 20 21 22 23 24 25 26 27 28 29 30 33 34 35 12991399762988228562
14 1 32 22 7 8 11 13 14 15 17 19 20 21 22 23 24 25 26 27 28 29 30 33 34 35 12991399762988228562
1 3 1 36 47 23 7 8 11 13 14 15 17 19 20 21 22 23 24 25 26 27 28 29 30 33 34 35 36 2798806722598043815
10 0 23 7 8 11 13 14 15 17 19 20 21 22 23 24 25 26 27 28 29 30 33 34 35 36 2798806722598043815
3 1 52 23 7 8 11 13 14 15 17 19 20 21 22 23 24 25 26 27 28 29 30 33 34 35 36 2798806722598043815
8 1 14 23 7 8 11 13 14 15 17 19 20 21 22 23 24 25 26 27 28 29 30 33 34 35 36 2798806722598043815
11 0 23 7 8 11 13 14 15 17 19 20 21 22 23 24 25 26 27 28 29 30 33 34 35 36 2798806722598043815
8 1 33 23 7 8 11 13 14 15 17 19 20 21 22 23 24 25 26 27 28 29 30 33 34 35 36 2798806722598043815
2 2 27 14 23 7 8 11 13 14 15 17 19 20 21 22 23 24 25 26 27 28 29 30 33 34 35 36 2798806722598043815
1 5 3 37 43 34 8 24 7 8 11 13 14 15 17 19 20 21 22 23 24 25 26 27 28 29 30 33 34 35 36 37 13797378282957594005
9 1 21 24 7 8 11 13 14 15 17 19 20 21 22 23 24 25 26 27 28 29 30 33 34 35 36 37 13797378282957594005
14 1 1 24 7 8 11 13 14 15 17 19 20 21 22 23 24 25 26 27 28 29 30 33 34 35 36 37 13797378282957594005
4 1 0 24 7 8 11 13 14 15 17 19 20 21 22 23 24 25 26 27 28 29 30 33 34 35 36 37 13797378282957594005
8 1 7 24 7 8 11 13 14 15 17 19 20 21 22 23 24 25 26 27 28 29 30 33 34 35 36 37 13797378282957594005
14 1 18446744073709551615 24 7 8 11 13 14 15 17 19 20 21 22 23 24 25 26 27 28 29 30 33 34 35 36 37 13797378282957594005
8 1 11 24 7 8 11 13 14 15 17 19 20 21 22 23 24 25 26 27 28 29 30 33 34 35 36 37 13797378282957594005
3 1 8 24 7 8 11 13 14 15 17 19 20 21 22 23 24 25 26 27 28 29 30 33 34 35 36 37 13797378282957594005
1 11 3 38 37 20 35 35 19 36 35 17 25 25 7 8 11 13 14 15 17 19 20 21 22 23 24 25 26 27 28 29 30 33 34 35 36 37 38 16230690585178926778
1 3 2 39 1 26 7 8 11 13 14 15 17 19 20 21 22 23 24 25 26 27 28 29 30 33 34 35 36 37 38 39 7614959830446389654
3 1 6 26 7 8 11 13 14 15 17 19 20 21 22 23 24 25 26 27 28 29 30 33 34 35 36 37 38 39 7614959830446389654
1 11 3 40 49 11 14 14 29 25 13 28 26 27 7 8 11 13 14 15 17 19 20 21 22 23 24 25 26 27 28 29 30 33 34 35 36 37 38 39 40 15712658602245415925
4 1 16 27 7 8 11 13 14 15 17 19 20 21 22 23 24 25 26 27 28 29 30 33 34 35 36 37 38 39 40 15712658602245415925
13 2 23 27 27 7 8 11 13 14 15 17 19 20 21 22 23 24 25 26 27 28 29 30 33 34 35 36 37 38 39 40 16227886156263946383
11 0 27 7 8 11 13 14 15 17 19 20 21 22 23 24 25 26 27 28 29 30 33 34 35 36 37 38 39 40 16227886156263946383
10 0 27 7 8 11 13 14 15 17 19 20 21 22 23 24 25 26 27 28 29 30 33 34 35 36 37 38 39 40 16227886156263946383
1 3 3 41 55 28 7 8 11 13 14 15 17 19 20 21 22 23 24 25 26 27 28 29 30 33 34 35 36 37 38 39 40 41 4316224641538025401
9 1 37 28 7 8 11 13 14 15 17 19 20 21 22 23 24 25 26 27 28 29 30 33 34 35 36 37 38 39 40 41 4316224641538025401
1 3 1 42 37 29 7 8 11 13 14 15 17 19 20 21 22 23 24 25 26 27 28 29 30 33 34 35 36 37 38 39 40 41 42 7465297128922225760
1 3 1 43 26 30 7 8 11 13 14 15 17 19 20 21 22 23 24 25 26 27 28 29 30 33 34 35 36 37 38 39 40 41 42 43 6866159448988480733
10 0 29 7 8 11 13 14 15 17 19 20 21 22 23 24 25 26 27 28 29 30 33 34 35 36 37 39 40 41 42 43 10714356027181359606
3 1 37 28 7 8 11 13 14 15 17 19 20 21 22 23 24 25 26 27 28 29 30 33 34 35 36 37 39 40 41 43 14690642017377049903
4 1 9 28 7 8 11 13 14 15 17 19 20 21 22 23 24 25 26 27 28 29 30 33 34 35 36 37 39 40 41 43 14690642017377049903
8 1 27 28 7 8 11 13 14 15 17 19 20 21 22 23 24 25 26 27 28 29 30 33 34 35 36 37 39 40 41 43 14690642017377049903
5 2 1 33 28 7 8 11 13 14 15 17 19 20 21 22 23 24 25 26 27 28 29 30 33 34 35 36 37 39 40 41 43 14690642017377049903
12 3 37 1 41 28 7 8 11 13 14 15 17 19 20 21 22 23 24 25 26 27 28 29 30 33 34 35 36 37 39 40 41 43 3153674844894604364
3 1 20 28 7 8 11 13 14 15 17 19 20 21 22 23 24 25 26 27 28 29 30 33 34 35 36 37 39 40 41 43 3153674844894604364
8 1 26 28 7 8 11 13 14 15 17 19 20 21 22 23 24 25 26 27 28 29 30 33 34 35 36 37 39 40 41 43 3153674844894604364
10 0 28 7 8 11 13 14 15 17 19 20 21 22 23 24 25 26 27 28 29 30 33 34 35 36 37 39 40 41 43 3153674844894604364
8 1 15 28 7 8 11 13 14 15 17 19 20 21 22 23 24 25 26 27 28 29 30 33 34 35 36 37 39 40 41 43 3153674844894604364
5 2 0 37 28 7 8 11 13 14 15 17 19 20 21 22 23 24 25 26 27 28 29 30 33 34 35 36 37 39 40 41 43 3153674844894604364
11 0 28 7 8 11 13 14 15 17 19 20 21 22 23 24 25 26 27 28 29 30 33 34 35 36 37 39 40 41 43 3153674844894604364
1 11 3 44 6 17 33 27 33 40 43 23 37 29 7 8 11 13 14 15 17 19 20 21 22 23 24 25 26 27 28 29 30 33 34 35 36 37 39 40 41 43 44 18302021977253499936
12 3 29 5 26 29 7 8 11 13 14 15 17 19 20 21 22 23 24 25 26 27 28 29 30 33 34 35 36 37 39 40 41 43 44 3845832085628704833
1 3 1 45 39 30 7 8 11 13 14 15 17 19 20 21 22 23 24 25 26 27 28 29 30 33 34 35 36 37 39 40 41 43 44 45 1928157678194759324
3 1 26 30 7 8 11 13 14 15 17 19 20 21 22 23 24 25 26 27 28 29 30 33 34 35 36 37 39 40 41 43 44 45 1928157678194759324
9 1 49 30 7 8 11 13 14 15 17 19 20 21 22 23 24 25 26 27 28 29 30 33 34 35 36 37 39 40 41 43 44 45 1928157678194759324
1 3 1 46 34 31 7 8 11 13 14 15 17 19 20 21 22 23 24 25 26 27 28 29 30 33 34 35 36 37 39 40 41 43 44 45 46 16248602664626343449
8 1 41 31 7 8 11 13 14 15 17 19 20 21 22 23 24 25 26 27 28 29 30 33 34 35 36 37 39 40 41 43 44 45 46 16248602664626343449
13 2 8 39 31 7 8 11 13 14 15 17 19 20 21 22 23 24 25 26 27 28 29 30 33 34 35 36 37 39 40 41 43 44 45 46 1572749264056426703
2 2 15 41 31 7 8 11 13 14 15 17 19 20 21 22 23 24 25 26 27 28 29 30 33 34 35 36 37 39 40 41 43 44 45 46 1572749264056426703
1 3 1 47 19 32 7 8 11 13 14 15 17 19 20 21 22 23 24 25 26 27 28 29 30 33 34 35 36 37 39 40 41 43 44 45 46 47 12941907392236626162
1 10 2 48 23 26 13 22 28 37 13 28 33 7 8 11 13 14 15 17 19 20 21 22 23 24 25 26 27 28 29 30 33 34 35 36 37 39 40 41 43 44 45 46 47 48 9119144481214977978
13 2 23 43 33 7 8 11 13 14 15 17 19 20 21 22 23 24 25 26 27 28 29 30 33 34 35 36 37 39 40 41 43 44 45 46 47 48 10133470571454906808
8 1 35 33 7 8 11 13 14 15 17 19 20 21 22 23 24 25 26 27 28 29 30 33 34 35 36 37 39 40 41 43 44 45 46 47 48 10133470571454906808
1 19 3 49 50 46 39 17 41 21 0 14 39 26 29 27 28 23 46 26 29 34 7 8 11 13 14 15 17 19 20 21 22 23 24 25 26 27 28 29 30 33 34 35 36 37 39 40 41 43 44 45 46 47 48 49 16940497337280976785
1 19 3 50 53 34 35 0 47 33 47 11 28 21 46 23 34 15 45 20 43 35 7 8 11 13 14 15 17 19 20 21 22 23 24 25 26 27 28 29 30 33 34 35 36 37 39 40 41 43 44 45 46 47 48 49 50 1571487716367407052
3 1 4 35 7 8 11 13 14 15 17 19 20 21 22 23 24 25 26 27 28 29 30 33 34 35 36 37 39 40 41 43 44 45 46 47 48 49 50 1571487716367407052
8 1 33 35 7 8 11 13 14 15 17 19 20 21 22 23 24 25 26 27 28 29 30 33 34 35 36 37 39 40 41 43 44 45 46 47 48 49 50 1571487716367407052
8 1 41 35 7 8 11 13 14 15 17 19 20 21 22 23 24 25 26 27 28 29 30 33 34 35 36 37 39 40 41 43 44 45 46 47 48 49 50 1571487716367407052
1 19 2 51 60 26 39 19 27 40 15 7 41 19 40 41 46 15 21 46 39 36 7 8 11 13 14 15 17 19 20 21 22 23 24 25 26 27 28 29 30 33 34 35 36 37 39 40 41 43 44 45 46 47 48 49 50 51 11596714148063692815
1 3 1 52 49 37 7 8 11 13 14 15 17 19 20 21 22 23 24 25 26 27 28 29 30 33 34 35 36 37 39 40 41 43 44 45 46 47 48 49 50 51 52 14474059952830414850
8 1 23 37 7 8 11 13 14 15 17 19 20 21 22 23 24 25 26 27 28 29 30 33 34 35 36 37 39 40 41 43 44 45 46 47 48 49 50 51 52 14474059952830414850
14 1 32 37 7 8 11 13 14 15 17 19 20 21 22 23 24 25 26 27 28 29 30 33 34 35 36 37 39 40 41 43 44 45 46 47 48 49 50 51 52 14474059952830414850
14 1 0 37 7 8 11 13 14 15 17 19 20 21 22 23 24 25 26 27 28 29 30 33 34 35 36 37 39 40 41 43 44 45 46 47 48 49 50 51 52 14474059952830414850
3 1 55 37 7 8 11 13 14 15 17 19 20 21 22 23 24 25 26 27 28 29 30 33 34 35 36 37 39 40 41 43 44 45 46 47 48 49 50 51 52 14474059952830414850
1 4 2 53 57 14 38 7 8 11 13 14 15 17 19 20 21 22 23 24 25 26 27 28 29 30 33 34 35 36 37 39 40 41 43 44 45 46 47 48 49 50 51 52 53 13338596856773085845
11 0 38 7 8 11 13 14 15 17 19 20 21 22 23 24 25 26 27 28 29 30 33 34 35 36 37 39 40 41 43 44 45 46 47 48 49 50 51 52 53 13338596856773085845
1 3 1 54 16 39 7 8 11 13 14 15 17 19 20 21 22 23 24 25 26 27 28 29 30 33 34 35 36 37 39 40 41 43 44 45 46 47 48 49 50 51 52 53 54 9943051790835462884
1 6 3 55 10 28 17 20 40 7 8 11 13 14 15 17 19 20 21 22 23 24 25 26 27 28 29 30 33 34 35 36 37 39 40 41 43 44 45 46 47 48 49 50 51 52 53 54 55 1693181317966549292
10 0 40 7 8 11 13 14 15 17 19 20 21 22 23 24 25 26 27 28 29 30 33 34 35 36 37 39 40 41 43 44 45 46 47 48 49 50 51 52 53 54 55 1693181317966549292
5 2 6 27 40 7 8 11 13 14 15 17 19 20 21 22 23 24 25 26 27 28 29 30 33 34 35 36 37 39 40 41 43 44 45 46 47 48 49 50 51 52 53 54 55 1693181317966549292
2 2 30 52 40 7 8 11 13 14 15 17 19 20 21 22 23 24 25 26 27 28 29 30 33 34 35 36 37 39 40 41 43 44 45 46 47 48 49 50 51 52 53 54 55 1693181317966549292
6 2 6 28 40 7 8 11 13 14 15 17 19 20 21 22 23 24 25 26 27 28 29 30 33 34 35 36 37 39 40 41 43 44 45 46 47 48 49 50 51 52 53 54 55 1693181317966549292
9 1 47 40 7 8 11 13 14 15 17 19 20 21 22 23 24 25 26 27 28 29 30 33 34 35 36 37 39 40 41 43 44 45 46 47 48 49 50 51 52 53 54 55 1693181317966549292
8 1 29 40 7 8 11 13 14 15 17 19 20 21 22 23 24 25 26 27 28 29 30 33 34 35 36 37 39 40 41 43 44 45 46 47 48 49 50 51 52 53 54 55 1693181317966549292
1 6 3 56 0 40 53 50 41 7 8 11 13 14 15 17 19 20 21 22 23 24 25 26 27 28 29 30 33 34 35 36 37 39 40 41 43 44 45 46 47 48 49 50 51 52 53 54 55 56 936814380852590497
1 10 2 57 24 53 48 36 46 48 50 45 42 7 8 11 13 14 15 17 19 20 21 22 23 24 25 26 27 28 29 30 33 34 35 36 37 39 40 41 43 44 45 46 47 48 49 50 51 52 53 54 55 56 57 3285761012871627592
2 2 13 61 42 7 8 11 13 14 15 17 19 20 21 22 23 24 25 26 27 28 29 30 33 34 35 36 37 39 40 41 43 44 45 46 47 48 49 50 51 52 53 54 55 56 57 3285761012871627592
4 1 8 42 7 8 11 13 14 15 17 19 20 21 22 23 24 25 26 27 28 29 30 33 34 35 36 37 39 40 41 43 44 45 46 47 48 49 50 51 52 53 54 55 56 57 3285761012871627592
1 3 1 58 44 43 7 8 11 13 14 15 17 19 20 21 22 23 24 25 26 27 28 29 30 33 34 35 36 37 39 40 41 43 44 45 46 47 48 49 50 51 52 53 54 55 56 57 58 7068553888671041397
2 2 28 25 43 7 8 11 13 14 15 17 19 20 21 22 23 24 25 26 27 28 29 30 33 34 35 36 37 39 40 41 43 44 45 46 47 48 49 50 51 52 53 54 55 56 57 58 7068553888671041397
8 1 28 43 7 8 11 13 14 15 17 19 20 21 22 23 24 25 26 27 28 29 30 33 34 35 36 37 39 40 41 43 44 45 46 47 48 49 50 51 52 53 54 55 56 57 58 7068553888671041397
12 3 57 0 19 43 7 8 11 13 14 15 17 19 20 21 22 23 24 25 26 27 28 29 30 33 34 35 36 37 39 40 41 43 44 45 46 47 48 49 50 51 52 53 54 55 56 57 58 16015459369923435943
5 2 6 48 43 7 8 11 13 14 15 17 19 20 21 22 23 24 25 26 27 28 29 30 33 34 35 36 37 39 40 41 43 44 45 46 47 48 49 50 51 52 53 54 55 56 57 58 16015459369923435943
12 3 24 0 28 43 7 8 11 13 14 15 17 19 20 21 22 23 24 25 26 27 28 29 30 33 34 35 36 37 39 40 41 43 44 45 46 47 48 49 50 51 52 53 54 55 56 57 58 3986442471602940756
7 2 6 17 43 7 8 11 13 14 15 17 19 20 21 22 23 24 25 26 27 28 29 30 33 34 35 36 37 39 40 41 43 44 45 46 47 48 49 50 51 52 53 54 55 56 57 58 3986442471602940756
14 1 1 43 7 8 11 13 14 15 17 19 20 21 22 23 24 25 26 27 28 29 30 33 34 35 36 37 39 40 41 43 44 45 46 47 48 49 50 51 52 53 54 55 56 57 58 3986442471602940756
8 1 55 43 7 8 11 13 14 15 17 19 20 21 22 23 24 25 26 27 28 29 30 33 34 35 36 37 39 40 41 43 44 45 46 47 48 49 50 51 52 53 54 55 56 57 58 3986442471602940756
4 1 8 43 7 8 11 13 14 15 17 19 20 21 22 23 24 25 26 27 28 29 30 33 34 35 36 37 39 40 41 43 44 45 46 47 48 49 50 51 52 53 54 55 56 57 58 3986442471602940756
9 1 17 43 7 8 11 13 14 15 17 19 20 21 22 23 24 25 26 27 28 29 30 33 34 35 36 37 39 40 41 43 44 45 46 47 48 49 50 51 52 53 54 55 56 57 58 3986442471602940756
12 3 11 1 41 43 7 8 11 13 14 15 17 19 20 21 22 23 24 25 26 27 28 29 30 33 34 35 36 37 39 40 41 43 44 45 46 47 48 49 50 51 52 53 54 55 56 57 58 7043761056172160385
12 3 49 9 13 43 7 8 11 13 14 15 17 19 20 21 22 23 24 25 26 27 28 29 30 33 34 35 36 37 39 40 41 43 44 45 46 47 48 49 50 51 52 53 54 55 56 57 58 4154707218382229169
8 1 58 43 7 8 11 13 14 15 17 19 20 21 22 23 24 25 26 27 28 29 30 33 34 35 36 37 39 40 41 43 44 45 46 47 48 49 50 51 52 53 54 55 56 57 58 4154707218382229169
6 2 6 10 43 7 8 11 13 14 15 17 19 20 21 22 23 24 25 26 27 28 29 30 33 34 35 36 37 39 40 41 43 44 45 46 47 48 49 50 51 52 53 54 55 56 57 58 4154707218382229169
3 1 43 43 7 8 11 13 14 15 17 19 20 21 22 23 24 25 26 27 28 29 30 33 34 35 36 37 39 40 41 43 44 45 46 47 48 49 50 51 52 53 54 55 56 57 58 4154707218382229169
13 2 56 22 43 7 8 11 13 14 15 17 19 20 21 22 23 24 25 26 27 28 29 30 33 34 35 36 37 39 40 41 43 44 45 46 47 48 49 50 51 52 53 54 55 56 57 58 6176289605162619014
6 2 4 61 43 7 8 11 13 14 15 17 19 20 21 22 23 24 25 26 27 28 29 30 33 34 35 36 37 39 40 41 43 44 45 46 47 48 49 50 51 52 53 54 55 56 57 58 6176289605162619014
12 3 53 0 11 43 7 8 11 13 14 15 17 19 20 21 22 23 24 25 26 27 28 29 30 33 34 35 36 37 39 40 41 43 44 45 46 47 48 49 50 51 52 53 54 55 56 57 58 10961343118365261305
5 2 7 35 43 7 8 11 13 14 15 17 19 20 21 22 23 24 25 26 27 28 29 30 33 34 35 36 37 39 40 41 43 44 45 46 47 48 49 50 51 52 53 54 55 56 57 58 10961343118365261305
6 2 4 39 43 7 8 11 13 14 15 17 19 20 21 22 23 24 25 26 27 28 29 30 33 34 35 36 37 39 40 41 43 44 45 46 47 48 49 50 51 52 53 54 55 56 57 58 10961343118365261305
1 3 1 59 62 44 7 8 11 13 14 15 17 19 20 21 22 23 24 25 26 27 28 29 30 33 34 35 36 37 39 40 41 43 44 45 46 47 48 49 50 51 52 53 54 55 56 57 58 59 4222955207986525872
14 1 8 44 7 8 11 13 14 15 17 19 20 21 22 23 24 25 26 27 28 29 30 33 34 35 36 37 39 40 41 43 44 45 46 47 48 49 50 51 52 53 54 55 56 57 58 59 4222955207986525872
10 0 44 7 8 11 13 14 15 17 19 20 21 22 23 24 25 26 27 28 29 30 33 34 35 36 37 39 40 41 43 44 45 46 47 48 49 50 51 52 53 54 55 56 57 58 59 4222955207986525872
1 3 2 60 27 45 7 8 11 13 14 15 17 19 20 21 22 23 24 25 26 27 28 29 30 33 34 35 36 37 39 40 41 43 44 45 46 47 48 49 50 51 52 53 54 55 56 57 58 59 60 5036179220205662156
7 2 7 21 45 7 8 11 13 14 15 17 19 20 21 22 23 24 25 26 27 28 29 30 33 34 35 36 37 39 40 41 43 44 45 46 47 48 49 50 51 52 53 54 55 56 57 58 59 60 5036179220205662156
11 0 45 7 8 11 13 14 15 17 19 20 21 22 23 24 25 26 27 28 29 30 33 34 35 36 37 39 40 41 43 44 45 46 47 48 49 50 51 52 53 54 55 56 57 58 59 60 5036179220205662156
3 1 34 45 7 8 11 13 14 15 17 19 20 21 22 23 24 25 26 27 28 29 30 33 34 35 36 37 39 40 41 43 44 45 46 47 48 49 50 51 52 53 54 55 56 57 58 59 60 5036179220205662156
14 1 8 45 7 8 11 13 14 15 17 19 20 21 22 23 24 25 26 27 28 29 30 33 34 35 36 37 39 40 41 43 44 45 46 47 48 49 50 51 52 53 54 55 56 57 58 59 60 5036179220205662156
11 0 44 7 8 11 13 14 15 17 19 20 21 22 23 24 25 26 27 28 29 30 33 34 35 36 37 39 40 41 43 44 45 46 47 48 49 50 51 52 53 54 56 57 58 59 60 8904319737025558980
11 0 44 7 8 11 13 14 15 17 19 20 21 22 23 24 25 26 27 28 29 30 33 34 35 36 37 39 40 41 43 44 45 46 47 48 49 50 51 52 53 54 56 57 58 59 60 8904319737025558980
5 2 1 19 44 7 8 11 13 14 15 17 19 20 21 22 23 24 25 26 27 28 29 30 33 34 35 36 37 39 40 41 43 44 45 46 47 48 49 50 51 52 53 54 56 57 58 59 60 8904319737025558980
1 12 3 61 33 57 41 58 15 23 37 50 35 52 45 7 8 11 13 14 15 17 19 20 21 22 23 24 25 26 27 28 29 30 33 34 35 36 37 39 40 41 43 44 45 46 47 48 49 50 51 52 53 54 56 57 58 59 60 61 2951534114525013735
9 1 18 45 7 8 11 13 14 15 17 19 20 21 22 23 24 25 26 27 28 29 30 33 34 35 36 37 39 40 41 43 44 45 46 47 48 49 50 51 52 53 54 56 57 58 59 60 61 2951534114525013735
14 1 32 45 7 8 11 13 14 15 17 19 20 21 22 23 24 25 26 27 28 29 30 33 34 35 36 37 39 40 41 43 44 45 46 47 48 49 50 51 52 53 54 56 57 58 59 60 61 2951534114525013735
3 1 52 44 7 8 11 13 14 15 17 19 20 21 22 23 24 25 26 27 28 29 33 34 35 36 37 39 40 41 43 44 45 46 47 48 49 50 51 52 53 54 56 57 58 59 60 61 7899427271687603207
10 0 44 7 8 11 13 14 15 17 19 20 21 22 23 24 25 26 27 28 29 33 34 35 36 37 39 40 41 43 44 45 46 47 48 49 50 51 52 53 54 56 57 58 59 60 61 7899427271687603207
3 1 1 44 7 8 11 13 14 15 17 19 20 21 22 23 24 25 26 27 28 29 33 34 35 36 37 39 40 41 43 44 45 46 47 48 49 50 51 52 53 54 56 57 58 59 60 61 7899427271687603207
6 2 0 19 44 7 8 11 13 14 15 17 19 20 21 22 23 24 25 26 27 28 29 33 34 35 36 37 39 40 41 43 44 45 46 47 48 49 50 51 52 53 54 56 57 58 59 60 61 7899427271687603207
5 2 0 56 44 7 8 11 13 14 15 17 19 20 21 22 23 24 25 26 27 28 29 33 34 35 36 37 39 40 41 43 44 45 46 47 48 49 50 51 52 53 54 56 57 58 59 60 61 7899427271687603207
14 1 18446744073709551615 44 7 8 11 13 14 15 17 19 20 21 22 23 24 25 26 27 28 29 33 34 35 36 37 39 40 41 43 44 45 46 47 48 49 50 51 52 53 54 56 57 58 59 60 61 7899427271687603207
7 2 0 22 44 7 8 11 13 14 15 17 19 20 21 22 23 24 25 26 27 28 29 33 34 35 36 37 39 40 41 43 44 45 46 47 48 49 50 51 52 53 54 56 57 58 59 60 61 7899427271687603207
1 5 2 62 8 22 39 45 7 8 11 13 14 15 17 19 20 21 22 23 24 25 26 27 28 29 33 34 35 36 37 39 40 41 43 44 45 46 47 48 49 50 51 52 53 54 56 57 58 59 60 61 62 12029206736782251338
1 6 2 63 7 35 43 25 46 7 8 11 13 14 15 17 19 20 21 22 23 24 25 26 27 28 29 33 34 35 36 37 39 40 41 43 44 45 46 47 48 49 50 51 52 53 54 56 57 58 59 60 61 62 63 10764190766382353744
10 0 46 7 8 11 13 14 15 17 19 20 21 22 23 24 25 26 27 28 29 33 34 35 36 37 39 40 41 43 44 45 46 47 48 49 50 51 52 53 54 56 57 58 59 60 61 62 63 10764190766382353744
10 0 46 7 8 11 13 14 15 17 19 20 21 22 23 24 25 26 27 28 29 33 34 35 36 37 39 40 41 43 44 45 46 47 48 49 50 51 52 53 54 56 57 58 59 60 61 62 63 10764190766382353744
9 1 60 46 7 8 11 13 14 15 17 19 20 21 22 23 24 25 26 27 28 29 33 34 35 36 37 39 40 41 43 44 45 46 47 48 49 50 51 52 53 54 56 57 58 59 60 61 62 63 10764190766382353744
13 2 19 35 46 7 8 11 13 14 15 17 19 20 21 22 23 24 25 26 27 28 29 33 34 35 36 37 39 40 41 43 44 45 46 47 48 49 50 51 52 53 54 56 57 58 59 60 61 62 63 10213001207023158834
12 3 19 0 14 46 7 8 11 13 14 15 17 19 20 21 22 23 24 25 26 27 28 29 33 34 35 36 37 39 40 41 43 44 45 46 47 48 49 50 51 52 53 54 56 57 58 59 60 61 62 63 16764524543619352567
3 1 50 45 7 8 11 13 14 15 17 19 20 21 22 23 24 25 26 27 28 29 33 34 35 36 37 39 40 41 43 44 45 46 47 48 50 51 52 53 54 56 57 58 59 60 61 62 63 7665203735672531858
9 1 44 45 7 8 11 13 14 15 17 19 20 21 22 23 24 25 26 27 28 29 33 34 35 36 37 39 40 41 43 44 45 46 47 48 50 51 52 53 54 56 57 58 59 60 61 62 63 7665203735672531858
14 1 1 45 7 8 11 13 14 15 17 19 20 21 22 23 24 25 26 27 28 29 33 34 35 36 37 39 40 41 43 44 45 46 47 48 50 51 52 53 54 56 57 58 59 60 61 62 63 7665203735672531858
8 1 33 45 7 8 11 13 14 15 17 19 20 21 22 23 24 25 26 27 28 29 33 34 35 36 37 39 40 41 43 44 45 46 47 48 50 51 52 53 54 56 57 58 59 60 61 62 63 7665203735672531858
1 3 2 64 10 46 7 8 11 13 14 15 17 19 20 21 22 23 24 25 26 27 28 29 33 34 35 36 37 39 40 41 43 44 45 46 47 48 50 51 52 53 54 56 57 58 59 60 61 62 63 64 3222146483924435458
8 1 59 46 7 8 11 13 14 15 17 19 20 21 22 23 24 25 26 27 28 29 33 34 35 36 37 39 40 41 43 44 45 46 47 48 50 51 52 53 54 56 57 58 59 60 61 62 63 64 3222146483924435458
1 3 2 65 40 47 7 8 11 13 14 15 17 19 20 21 22 23 24 25 26 27 28 29 33 34 35 36 37 39 40 41 43 44 45 46 47 48 50 51 52 53 54 56 57 58 59 60 61 62 63 64 65 7005203980840742086
3 1 62 47 7 8 11 13 14 15 17 19 20 21 22 23 24 25 26 27 28 29 33 34 35 36 37 39 40 41 43 44 45 46 47 48 50 51 52 53 54 56 57 58 59 60 61 62 63 64 65 7005203980840742086
1 5 3 66 4 61 65 48 7 8 11 13 14 15 17 19 20 21 22 23 24 25 26 27 28 29 33 34 35 36 37 39 40 41 43 44 45 46 47 48 50 51 52 53 54 56 57 58 59 60 61 62 63 64 65 66 14220703441508929315
11 0 46 7 8 11 13 14 15 17 19 20 21 22 23 24 25 26 27 28 29 33 34 35 36 37 39 40 41 43 44 45 46 47 48 50 52 53 54 56 57 58 60 61 62 63 64 65 66 15055963127685026527
1 4 2 67 63 26 47 7 8 11 13 14 15 17 19 20 21 22 23 24 25 26 27 28 29 33 34 35 36 37 39 40 41 43 44 45 46 47 48 50 52 53 54 56 57 58 60 61 62 63 64 65 66 67 13333752718621849250
14 1 1 47 7 8 11 13 14 15 17 19 20 21 22 23 24 25 26 27 28 29 33 34 35 36 37 39 40 41 43 44 45 46 47 48 50 52 53 54 56 57 58 60 61 62 63 64 65 66 67 13333752718621849250
2 2 29 19 47 7 8 11 13 14 15 17 19 20 21 22 23 24 25 26 27 28 29 33 34 35 36 37 39 40 41 43 44 45 46 47 48 50 52 53 54 56 57 58 60 61 62 63 64 65 66 67 13333752718621849250
12 3 23 0 46 47 7 8 11 13 14 15 17 19 20 21 22 23 24 25 26 27 28 29 33 34 35 36 37 39 40 41 43 44 45 46 47 48 50 52 53 54 56 57 58 60 61 62 63 64 65 66 67 15025350100442713948
1 5 3 68 52 47 41 48 7 8 11 13 14 15 17 19 20 21 22 23 24 25 26 27 28 29 33 34 35 36 37 39 40 41 43 44 45 46 47 48 50 52 53 54 56 57 58 60 61 62 63 64 65 66 67 68 15535775233946895265
2 2 54 18 48 7 8 11 13 14 15 17 19 20 21 22 23 24 25 26 27 28 29 33 34 35 36 37 39 40 41 43 44 45 46 47 48 50 52 53 54 56 57 58 60 61 62 63 64 65 66 67 68 15535775233946895265
4 1 8 48 7 8 11 13 14 15 17 19 20 21 22 23 24 25 26 27 28 29 33 34 35 36 37 39 40 41 43 44 45 46 47 48 50 52 53 54 56 57 58 60 61 62 63 64 65 66 67 68 15535775233946895265
14 1 0 48 7 8 11 13 14 15 17 19 20 21 22 23 24 25 26 27 28 29 33 34 35 36 37 39 40 41 43 44 45 46 47 48 50 52 53 54 56 57 58 60 61 62 63 64 65 66 67 68 15535775233946895265
11 0 48 7 8 11 13 14 15 17 19 20 21 22 23 24 25 26 27 28 29 33 34 35 36 37 39 40 41 43 44 45 46 47 48 50 52 53 54 56 57 58 60 61 62 63 64 65 66 67 68 15535775233946895265
12 3 40 7 68 48 7 8 11 13 14 15 17 19 20 21 22 23 24 25 26 27 28 29 33 34 35 36 37 39 40 41 43 44 45 46 47 48 50 52 53 54 56 57 58 60 61 62 63 64 65 66 67 68 289387327197111107
1 3 1 69 51 49 7 8 11 13 14 15 17 19 20 21 22 23 24 25 26 27 28 29 33 34 35 36 37 39 40 41 43 44 45 46 47 48 50 52 53 54 56 57 58 60 61 62 63 64 65 66 67 68 69 17217680553242424346
3 1 56 49 7 8 11 13 14 15 17 19 20 21 22 23 24 25 26 27 28 29 33 34 35 36 37 39 40 41 43 44 45 46 47 48 50 52 53 54 56 57 58 60 61 62 63 64 65 66 67 68 69 17217680553242424346
14 1 0 49 7 8 11 13 14 15 17 19 20 21 22 23 24 25 26 27 28 29 33 34 35 36 37 39 40 41 43 44 45 46 47 48 50 52 53 54 56 57 58 60 61 62 63 64 65 66 67 68 69 17217680553242424346
1 4 3 70 62 35 50 7 8 11 13 14 15 17 19 20 21 22 23 24 25 26 27 28 29 33 34 35 36 37 39 40 41 43 44 45 46 47 48 50 52 53 54 56 57 58 60 61 62 63 64 65 66 67 68 69 70 2844562942270136237
2 2 28 43 50 7 8 11 13 14 15 17 19 20 21 22 23 24 25 26 27 28 29 33 34 35 36 37 39 40 41 43 44 45 46 47 48 50 52 53 54 56 57 58 60 61 62 63 64 65 66 67 68 69 70 2844562942270136237
1 10 3 71 11 48 64 53 14 40 0 63 51 7 8 11 13 14 15 17 19 20 21 22 23 24 25 26 27 28 29 33 34 35 36 37 39 40 41 43 44 45 46 47 48 50 52 53 54 56 57 58 60 61 62 63 64 65 66 67 68 69 70 71 4885461540080253908
13 2 23 17 51 7 8 11 13 14 15 17 19 20 21 22 23 24 25 26 27 28 29 33 34 35 36 37 39 40 41 43 44 45 46 47 48 50 52 53 54 56 57 58 60 61 62 63 64 65 66 67 68 69 70 71 12361596908492271752
3 1 27 50 7 8 11 13 14 15 17 19 20 21 22 23 24 25 26 27 28 29 33 34 35 36 37 39 40 41 43 44 45 46 47 48 50 52 53 54 56 57 58 61 62 63 64 65 66 67 68 69 70 71 1137968439729024504
14 1 32 50 7 8 11 13 14 15 17 19 20 21 22 23 24 25 26 27 28 29 33 34 35 36 37 39 40 41 43 44 45 46 47 48 50 52 53 54 56 57 58 61 62 63 64 65 66 67 68 69 70 71 1137968439729024504
3 1 43 50 7 8 11 13 14 15 17 19 20 21 22 23 24 25 26 27 28 29 33 34 35 36 37 39 40 41 43 44 45 46 47 48 50 52 53 54 56 57 58 61 62 63 64 65 66 67 68 69 70 71 1137968439729024504
1 3 1 72 29 51 7 8 11 13 14 15 17 19 20 21 22 23 24 25 26 27 28 29 33 34 35 36 37 39 40 41 43 44 45 46 47 48 50 52 53 54 56 57 58 61 62 63 64 65 66 67 68 69 70 71 72 9033054607339487725
1 19 2 73 5 69 54 47 23 35 43 17 52 67 25 56 44 47 26 56 36 52 7 8 11 13 14 15 17 19 20 21 22 23 24 25 26 27 28 29 33 34 35 36 37 39 40 41 43 44 45 46 47 48 50 52 53 54 56 57 58 61 62 63 64 65 66 67 68 69 70 71 72 73 10110896464866632830
1 12 3 74 45 25 54 46 66 71 27 39 71 71 53 7 8 11 13 14 15 17 19 20 21 22 23 24 25 26 27 28 29 33 34 35 36 37 39 40 41 43 44 45 46 47 48 50 52 53 54 56 57 58 61 62 63 64 65 66 67 68 69 70 71 72 73 74 17193251573941729960
14 1 0 53 7 8 11 13 14 15 17 19 20 21 22 23 24 25 26 27 28 29 33 34 35 36 37 39 40 41 43 44 45 46 47 48 50 52 53 54 56 57 58 61 62 63 64 65 66 67 68 69 70 71 72 73 74 17193251573941729960
12 3 53 0 0 53 7 8 11 13 14 15 17 19 20 21 22 23 24 25 26 27 28 29 33 34 35 36 37 39 40 41 43 44 45 46 47 48 50 52 53 54 56 57 58 61 62 63 64 65 66 67 68 69 70 71 72 73 74 18174441671175451601
1 10 2 75 56 35 45 41 14 74 20 8 54 7 8 11 13 14 15 17 19 20 21 22 23 24 25 26 27 28 29 33 34 35 36 37 39 40 41 43 44 45 46 47 48 50 52 53 54 56 57 58 61 62 63 64 65 66 67 68 69 70 71 72 73 74 75 2614495003652175079
3 1 8 53 7 8 11 13 14 15 17 19 20 21 22 23 24 25 26 27 28 29 33 34 35 36 37 39 40 41 43 44 45 46 47 48 50 52 53 54 56 57 58 61 63 64 65 66 67 68 69 70 71 72 73 74 75 3601084325946786392
13 2 37 67 53 7 8 11 13 14 15 17 19 20 21 22 23 24 25 26 27 28 29 33 34 35 36 37 39 40 41 43 44 45 46 47 48 50 52 53 54 56 57 58 61 63 64 65 66 67 68 69 70 71 72 73 74 75 4350757950251441332
12 3 74 4 7 53 7 8 11 13 14 15 17 19 20 21 22 23 24 25 26 27 28 29 33 34 35 36 37 39 40 41 43 44 45 46 47 48 50 52 53 54 56 57 58 61 63 64 65 66 67 68 69 70 71 72 73 74 75 837791000766795252
1 4 2 76 54 71 54 7 8 11 13 14 15 17 19 20 21 22 23 24 25 26 27 28 29 33 34 35 36 37 39 40 41 43 44 45 46 47 48 50 52 53 54 56 57 58 61 63 64 65 66 67 68 69 70 71 72 73 74 75 76 14075826764411298852
1 4 3 77 59 73 55 7 8 11 13 14 15 17 19 20 21 22 23 24 25 26 27 28 29 33 34 35 36 37 39 40 41 43 44 45 46 47 48 50 52 53 54 56 57 58 61 63 64 65 66 67 68 69 70 71 72 73 74 75 76 77 5490360185507604118
3 1 36 55 7 8 11 13 14 15 17 19 20 21 22 23 24 25 26 27 28 29 33 34 35 36 37 39 40 41 43 44 45 46 47 48 50 52 53 54 56 57 58 61 63 64 65 66 67 68 69 70 71 72 73 74 75 76 77 5490360185507604118
1 4 2 78 39 50 56 7 8 11 13 14 15 17 19 20 21 22 23 24 25 26 27 28 29 33 34 35 36 37 39 40 41 43 44 45 46 47 48 50 52 53 54 56 57 58 61 63 64 65 66 67 68 69 70 71 72 73 74 75 76 77 78 10181418818639242457
2 2 26 34 56 7 8 11 13 14 15 17 19 20 21 22 23 24 25 26 27 28 29 33 34 35 36 37 39 40 41 43 44 45 46 47 48 50 52 53 54 56 57 58 61 63 64 65 66 67 68 69 70 71 72 73 74 75 76 77 78 10181418818639242457
1 4 3 79 36 26 57 7 8 11 13 14 15 17 19 20 21 22 23 24 25 26 27 28 29 33 34 35 36 37 39 40 41 43 44 45 46 47 48 50 52 53 54 56 57 58 61 63 64 65 66 67 68 69 70 71 72 73 74 75 76 77 78 79 16544790983977332260
14 1 33 57 7 8 11 13 14 15 17 19 20 21 22 23 24 25 26 27 28 29 33 34 35 36 37 39 40 41 43 44 45 46 47 48 50 52 53 54 56 57 58 61 63 64 65 66 67 68 69 70 71 72 73 74 75 76 77 78 79 16544790983977332260
3 1 57 57 7 8 11 13 14 15 17 19 20 21 22 23 24 25 26 27 28 29 33 34 35 36 37 39 40 41 43 44 45 46 47 48 50 52 53 54 56 57 58 61 63 64 65 66 67 68 69 70 71 72 73 74 75 76 77 78 79 16544790983977332260
1 11 2 80 60 25 43 24 63 74 69 7 36 58 7 8 11 13 14 15 17 19 20 21 22 23 24 25 26 27 28 29 33 34 35 36 37 39 40 41 43 44 45 46 47 48 50 52 53 54 56 57 58 61 63 64 65 66 67 68 69 70 71 72 73 74 75 76 77 78 79 80 9331062472332190979
14 1 32 58 7 8 11 13 14 15 17 19 20 21 22 23 24 25 26 27 28 29 33 34 35 36 37 39 40 41 43 44 45 46 47 48 50 52 53 54 56 57 58 61 63 64 65 66 67 68 69 70 71 72 73 74 75 76 77 78 79 80 9331062472332190979
2 2 22 15 58 7 8 11 13 14 15 17 19 20 21 22 23 24 25 26 27 28 29 33 34 35 36 37 39 40 41 43 44 45 46 47 48 50 52 53 54 56 57 58 61 63 64 65 66 67 68 69 70 71 72 73 74 75 76 77 78 79 80 9331062472332190979
12 3 33 2 29 58 7 8 11 13 14 15 17 19 20 21 22 23 24 25 26 27 28 29 33 34 35 36 37 39 40 41 43 44 45 46 47 48 50 52 53 54 56 57 58 61 63 64 65 66 67 68 69 70 71 72 73 74 75 76 77 78 79 80 17263119545539240112
4 1 8 58 7 8 11 13 14 15 17 19 20 21 22 23 24 25 26 27 28 29 33 34 35 36 37 39 40 41 43 44 45 46 47 48 50 52 53 54 56 57 58 61 63 64 65 66 67 68 69 70 71 72 73 74 75 76 77 78 79 80 17263119545539240112
3 1 46 58 7 8 11 13 14 15 17 19 20 21 22 23 24 25 26 27 28 29 33 34 35 36 37 39 40 41 43 44 45 46 47 48 50 52 53 54 56 57 58 61 63 64 65 66 67 68 69 70 71 72 73 74 75 76 77 78 79 80 17263119545539240112
1 3 1 81 58 59 7 8 11 13 14 15 17 19 20 21 22 23 24 25 26 27 28 29 33 34 35 36 37 39 40 41 43 44 45 46 47 48 50 52 53 54 56 57 58 61 63 64 65 66 67 68 69 70 71 72 73 74 75 76 77 78 79 80 81 11407045257613417573
8 1 65 59 7 8 11 13 14 15 17 19 20 21 22 23 24 25 26 27 28 29 33 34 35 36 37 39 40 41 43 44 45 46 47 48 50 52 53 54 56 57 58 61 63 64 65 66 67 68 69 70 71 72 73 74 75 76 77 78 79 80 81 11407045257613417573
3 1 60 58 7 8 11 13 14 15 17 19 20 21 22 23 24 25 26 27 28 29 33 34 35 36 37 39 40 41 43 44 45 46 47 48 50 52 53 54 56 57 58 61 63 64 65 66 67 68 69 70 71 72 73 74 75 76 77 78 79 81 13938669326874546722
9 1 63 58 7 8 11 13 14 15 17 19 20 21 22 23 24 25 26 27 28 29 33 34 35 36 37 39 40 41 43 44 45 46 47 48 50 52 53 54 56 57 58 61 63 64 65 66 67 68 69 70 71 72 73 74 75 76 77 78 79 81 13938669326874546722
1 3 1 82 31 59 7 8 11 13 14 15 17 19 20 21 22 23 24 25 26 27 28 29 33 34 35 36 37 39 40 41 43 44 45 46 47 48 50 52 53 54 56 57 58 61 63 64 65 66 67 68 69 70 71 72 73 74 75 76 77 78 79 81 82 5197741479023569791
2 2 35 35 59 7 8 11 13 14 15 17 19 20 21 22 23 24 25 26 27 28 29 33 34 35 36 37 39 40 41 43 44 45 46 47 48 50 52 53 54 56 57 58 61 63 64 65 66 67 68 69 70 71 72 73 74 75 76 77 78 79 81 82 5197741479023569791
1 12 2 83 42 70 35 26 23 76 82 69 13 15 60 7 8 11 13 14 15 17 19 20 21 22 23 24 25 26 27 28 29 33 34 35 36 37 39 40 41 43 44 45 46 47 48 50 52 53 54 56 57 58 61 63 64 65 66 67 68 69 70 71 72 73 74 75 76 77 78 79 81 82 83 3133573785838069277
12 3 33 0 63 60 7 8 11 13 14 15 17 19 20 21 22 23 24 25 26 27 28 29 33 34 35 36 37 39 40 41 43 44 45 46 47 48 50 52 53 54 56 57 58 61 63 64 65 66 67 68 69 70 71 72 73 74 75 76 77 78 79 81 82 83 12682993512653907093
14 1 0 60 7 8 11 13 14 15 17 19 20 21 22 23 24 25 26 27 28 29 33 34 35 36 37 39 40 41 43 44 45 46 47 48 50 52 53 54 56 57 58 61 63 64 65 66 67 68 69 70 71 72 73 74 75 76 77 78 79 81 82 83 12682993512653907093
1 4 2 84 27 7 61 7 8 11 13 14 15 17 19 20 21 22 23 24 25 26 27 28 29 33 34 35 36 37 39 40 41 43 44 45 46 47 48 50 52 53 54 56 57 58 61 63 64 65 66 67 68 69 70 71 72 73 74 75 76 77 78 79 81 82 83 84 13236525022091338911
8 1 67 61 7 8 11 13 14 15 17 19 20 21 22 23 24 25 26 27 28 29 33 34 35 36 37 39 40 41 43 44 45 46 47 48 50 52 53 54 56 57 58 61 63 64 65 66 67 68 69 70 71 72 73 74 75 76 77 78 79 81 82 83 84 13236525022091338911
1 5 2 85 30 79 7 62 7 8 11 13 14 15 17 19 20 21 22 23 24 25 26 27 28 29 33 34 35 36 37 39 40 41 43 44 45 46 47 48 50 52 53 54 56 57 58 61 63 64 65 66 67 68 69 70 71 72 73 74 75 76 77 78 79 81 82 83 84 85 1871535677305069119
3 1 35 62 7 8 11 13 14 15 17 19 20 21 22 23 24 25 26 27 28 29 33 34 35 36 37 39 40 41 43 44 45 46 47 48 50 52 53 54 56 57 58 61 63 64 65 66 67 68 69 70 71 72 73 74 75 76 77 78 79 81 82 83 84 85 1871535677305069119
5 2 7 20 62 7 8 11 13 14 15 17 19 20 21 22 23 24 25 26 27 28 29 33 34 35 36 37 39 40 41 43 44 45 46 47 48 50 52 53 54 56 57 58 61 63 64 65 66 67 68 69 70 71 72 73 74 75 76 77 78 79 81 82 83 84 85 1871535677305069119
8 1 75 62 7 8 11 13 14 15 17 19 20 21 22 23 24 25 26 27 28 29 33 34 35 36 37 39 40 41 43 44 45 46 47 48 50 52 53 54 56 57 58 61 63 64 65 66 67 68 69 70 71 72 73 74 75 76 77 78 79 81 82 83 84 85 1871535677305069119
13 2 44 52 62 7 8 11 13 14 15 17 19 20 21 22 23 24 25 26 27 28 29 33 34 35 36 37 39 40 41 43 44 45 46 47 48 50 52 53 54 56 57 58 61 63 64 65 66 67 68 69 70 71 72 73 74 75 76 77 78 79 81 82 83 84 85 14943736087871717712
12 3 63 0 81 62 7 8 11 13 14 15 17 19 20 21 22 23 24 25 26 27 28 29 33 34 35 36 37 39 40 41 43 44 45 46 47 48 50 52 53 54 56 57 58 61 63 64 65 66 67 68 69 70 71 72 73 74 75 76 77 78 79 81 82 83 84 85 6572815060206603794
8 1 83 62 7 8 11 13 14 15 17 19 20 21 22 23 24 25 26 27 28 29 33 34 35 36 37 39 40 41 43 44 45 46 47 48 50 52 53 54 56 57 58 61 63 64 65 66 67 68 69 70 71 72 73 74 75 76 77 78 79 81 82 83 84 85 6572815060206603794
1 12 2 86 20 40 43 69 72 64 56 11 15 61 63 7 8 11 13 14 15 17 19 20 21 22 23 24 25 26 27 28 29 33 34 35 36 37 39 40 41 43 44 45 46 47 48 50 52 53 54 56 57 58 61 63 64 65 66 67 68 69 70 71 72 73 74 75 76 77 78 79 81 82 83 84 85 86 376781209922176666
10 0 63 7 8 11 13 14 15 17 19 20 21 22 23 24 25 26 27 28 29 33 34 35 36 37 39 40 41 43 44 45 46 47 48 50 52 53 54 56 57 58 61 63 64 65 66 67 68 69 70 71 72 73 74 75 76 77 78 79 81 82 83 84 85 86 376781209922176666
4 1 9 63 7 8 11 13 14 15 17 19 20 21 22 23 24 25 26 27 28 29 33 34 35 36 37 39 40 41 43 44 45 46 47 48 50 52 53 54 56 57 58 61 63 64 65 66 67 68 69 70 71 72 73 74 75 76 77 78 79 81 82 83 84 85 86 376781209922176666
3 1 4 63 7 8 11 13 14 15 17 19 20 21 22 23 24 25 26 27 28 29 33 34 35 36 37 39 40 41 43 44 45 46 47 48 50 52 53 54 56 57 58 61 63 64 65 66 67 68 69 70 71 72 73 74 75 76 77 78 79 81 82 83 84 85 86 376781209922176666
1 4 3 87 43 71 64 7 8 11 13 14 15 17 19 20 21 22 23 24 25 26 27 28 29 33 34 35 36 37 39 40 41 43 44 45 46 47 48 50 52 53 54 56 57 58 61 63 64 65 66 67 68 69 70 71 72 73 74 75 76 77 78 79 81 82 83 84 85 86 87 10839365356442791456
1 10 2 88 37 36 17 61 8 67 52 81 65 7 8 11 13 14 15 17 19 20 21 22 23 24 25 26 27 28 29 33 34 35 36 37 39 40 41 43 44 45 46 47 48 50 52 53 54 56 57 58 61 63 64 65 66 67 68 69 70 71 72 73 74 75 76 77 78 79 81 82 83 84 85 86 87 88 4748444454753594891
14 1 1 65 7 8 11 13 14 15 17 19 20 21 22 23 24 25 26 27 28 29 33 34 35 36 37 39 40 41 43 44 45 46 47 48 50 52 53 54 56 57 58 61 63 64 65 66 67 68 69 70 71 72 73 74 75 76 77 78 79 81 82 83 84 85 86 87 88 4748444454753594891
12 3 70 0 23 65 7 8 11 13 14 15 17 19 20 21 22 23 24 25 26 27 28 29 33 34 35 36 37 39 40 41 43 44 45 46 47 48 50 52 53 54 56 57 58 61 63 64 65 66 67 68 69 70 71 72 73 74 75 76 77 78 79 81 82 83 84 85 86 87 88 2531483426353177831
1 5 2 89 32 27 61 66 7 8 11 13 14 15 17 19 20 21 22 23 24 25 26 27 28 29 33 34 35 36 37 39 40 41 43 44 45 46 47 48 50 52 53 54 56 57 58 61 63 64 65 66 67 68 69 70 71 72 73 74 75 76 77 78 79 81 82 83 84 85 86 87 88 89 8892436671779358745
5 2 7 58 66 7 8 11 13 14 15 17 19 20 21 22 23 24 25 26 27 28 29 33 34 35 36 37 39 40 41 43 44 45 46 47 48 50 52 53 54 56 57 58 61 63 64 65 66 67 68 69 70 71 72 73 74 75 76 77 78 79 81 82 83 84 85 86 87 88 89 8892436671779358745
12 3 44 6 29 66 7 8 11 13 14 15 17 19 20 21 22 23 24 25 26 27 28 29 33 34 35 36 37 39 40 41 43 44 45 46 47 48 50 52 53 54 56 57 58 61 63 64 65 66 67 68 69 70 71 72 73 74 75 76 77 78 79 81 82 83 84 85 86 87 88 89 14187047079793319783
8 1 19 66 7 8 11 13 14 15 17 19 20 21 22 23 24 25 26 27 28 29 33 34 35 36 37 39 40 41 43 44 45 46 47 48 50 52 53 54 56 57 58 61 63 64 65 66 67 68 69 70 71 72 73 74 75 76 77 78 79 81 82 83 84 85 86 87 88 89 14187047079793319783
10 0 66 7 8 11 13 14 15 17 19 20 21 22 23 24 25 26 27 28 29 33 34 35 36 37 39 40 41 43 44 45 46 47 48 50 52 53 54 56 57 58 61 63 64 65 66 67 68 69 70 71 72 73 74 75 76 77 78 79 81 82 83 84 85 86 87 88 89 14187047079793319783
12 3 86 2 52 66 7 8 11 13 14 15 17 19 20 21 22 23 24 25 26 27 28 29 33 34 35 36 37 39 40 41 43 44 45 46 47 48 50 52 53 54 56 57 58 61 63 64 65 66 67 68 69 70 71 72 73 74 75 76 77 78 79 81 82 83 84 85 86 87 88 89 17069158904248846142
4 1 2 66 7 8 11 13 14 15 17 19 20 21 22 23 24 25 26 27 28 29 33 34 35 36 37 39 40 41 43 44 45 46 47 48 50 52 53 54 56 57 58 61 63 64 65 66 67 68 69 70 71 72 73 74 75 76 77 78 79 81 82 83 84 85 86 87 88 89 17069158904248846142
2 2 50 1 66 7 8 11 13 14 15 17 19 20 21 22 23 24 25 26 27 28 29 33 34 35 36 37 39 40 41 43 44 45 46 47 48 50 52 53 54 56 57 58 61 63 64 65 66 67 68 69 70 71 72 73 74 75 76 77 78 79 81 82 83 84 85 86 87 88 89 17069158904248846142
2 2 39 28 66 7 8 11 13 14 15 17 19 20 21 22 23 24 25 26 27 28 29 33 34 35 36 37 39 40 41 43 44 45 46 47 48 50 52 53 54 56 57 58 61 63 64 65 66 67 68 69 70 71 72 73 74 75 76 77 78 79 81 82 83 84 85 86 87 88 89 17069158904248846142
14 1 32 66 7 8 11 13 14 15 17 19 20 21 22 23 24 25 26 27 28 29 33 34 35 36 37 39 40 41 43 44 45 46 47 48 50 52 53 54 56 57 58 61 63 64 65 66 67 68 69 70 71 72 73 74 75 76 77 78 79 81 82 83 84 85 86 87 88 89 17069158904248846142
6 2 0 22 66 7 8 11 13 14 15 17 19 20 21 22 23 24 25 26 27 28 29 33 34 35 36 37 39 40 41 43 44 45 46 47 48 50 52 53 54 56 57 58 61 63 64 65 66 67 68 69 70 71 72 73 74 75 76 77 78 79 81 82 83 84 85 86 87 88 89 17069158904248846142
5 2 0 75 66 7 8 11 13 14 15 17 19 20 21 22 23 24 25 26 27 28 29 33 34 35 36 37 39 40 41 43 44 45 46 47 48 50 52 53 54 56 57 58 61 63 64 65 66 67 68 69 70 71 72 73 74 75 76 77 78 79 81 82 83 84 85 86 87 88 89 17069158904248846142
1 19 2 90 4 78 25 53 57 63 85 43 50 69 50 86 29 23 50 34 24 67 7 8 11 13 14 15 17 19 20 21 22 23 24 25 26 27 28 29 33 34 35 36 37 39 40 41 43 44 45 46 47 48 50 52 53 54 56 57 58 61 63 64 65 66 67 68 69 70 71 72 73 74 75 76 77 78 79 81 82 83 84 85 86 87 88 89 90 9023331250269296261
11 0 67 7 8 11 13 14 15 17 19 20 21 22 23 24 25 26 27 28 29 33 34 35 36 37 39 40 41 43 44 45 46 47 48 50 52 53 54 56 57 58 61 63 64 65 66 67 68 69 70 71 72 73 74 75 76 77 78 79 81 82 83 84 85 86 87 88 89 90 9023331250269296261
9 1 12 67 7 8 11 13 14 15 17 19 20 21 22 23 24 25 26 27 28 29 33 34 35 36 37 39 40 41 43 44 45 46 47 48 50 52 53 54 56 57 58 61 63 64 65 66 67 68 69 70 71 72 73 74 75 76 77 78 79 81 82 83 84 85 86 87 88 89 90 9023331250269296261
7 2 7 63 67 7 8 11 13 14 15 17 19 20 21 22 23 24 25 26 27 28 29 33 34 35 36 37 39 40 41 43 44 45 46 47 48 50 52 53 54 56 57 58 61 63 64 65 66 67 68 69 70 71 72 73 74 75 76 77 78 79 81 82 83 84 85 86 87 88 89 90 9023331250269296261
14 1 32 67 7 8 11 13 14 15 17 19 20 21 22 23 24 25 26 27 28 29 33 34 35 36 37 39 40 41 43 44 45 46 47 48 50 52 53 54 56 57 58 61 63 64 65 66 67 68 69 70 71 72 73 74 75 76 77 78 79 81 82 83 84 85 86 87 88 89 90 9023331250269296261
8 1 73 67 7 8 11 13 14 15 17 19 20 21 22 23 24 25 26 27 28 29 33 34 35 36 37 39 40 41 43 44 45 46 47 48 50 52 53 54 56 57 58 61 63 64 65 66 67 68 69 70 71 72 73 74 75 76 77 78 79 81 82 83 84 85 86 87 88 89 90 9023331250269296261
1 10 3 91 38 33 90 83 19 56 90 69 68 7 8 11 13 14 15 17 19 20 21 22 23 24 25 26 27 28 29 33 34 35 36 37 39 40 41 43 44 45 46 47 48 50 52 53 54 56 57 58 61 63 64 65 66 67 68 69 70 71 72 73 74 75 76 77 78 79 81 82 83 84 85 86 87 88 89 90 91 7949012584721701894
4 1 8 68 7 8 11 13 14 15 17 19 20 21 22 23 24 25 26 27 28 29 33 34 35 36 37 39 40 41 43 44 45 46 47 48 50 52 53 54 56 57 58 61 63 64 65 66 67 68 69 70 71 72 73 74 75 76 77 78 79 81 82 83 84 85 86 87 88 89 90 91 7949012584721701894
12 3 68 0 0 68 7 8 11 13 14 15 17 19 20 21 22 23 24 25 26 27 28 29 33 34 35 36 37 39 40 41 43 44 45 46 47 48 50 52 53 54 56 57 58 61 63 64 65 66 67 68 69 70 71 72 73 74 75 76 77 78 79 81 82 83 84 85 86 87 88 89 90 91 3683022393053879779
5 2 6 7 68 7 8 11 13 14 15 17 19 20 21 22 23 24 25 26 27 28 29 33 34 35 36 37 39 40 41 43 44 45 46 47 48 50 52 53 54 56 57 58 61 63 64 65 66 67 68 69 70 71 72 73 74 75 76 77 78 79 81 82 83 84 85 86 87 88 89 90 91 3683022393053879779
11 0 68 7 8 11 13 14 15 17 19 20 21 22 23 24 25 26 27 28 29 33 34 35 36 37 39 40 41 43 44 45 46 47 48 50 52 53 54 56 57 58 61 63 64 65 66 67 68 69 70 71 72 73 74 75 76 77 78 79 81 82 83 84 85 86 87 88 89 90 91 3683022393053879779
3 1 7 68 7 8 11 13 14 15 17 19 20 21 22 23 24 25 26 27 28 29 33 34 35 36 37 39 40 41 43 44 45 46 47 48 50 52 53 54 56 57 58 61 63 64 65 66 67 68 69 70 71 72 73 74 75 76 77 78 79 81 82 83 84 85 86 87 88 89 90 91 3683022393053879779
11 0 68 7 8 11 13 14 15 17 19 20 21 22 23 24 25 26 27 28 29 33 34 35 36 37 39 40 41 43 44 45 46 47 48 50 52 53 54 56 57 58 61 63 64 65 66 67 68 69 70 71 72 73 74 75 76 77 78 79 81 82 83 84 85 86 87 88 89 90 91 3683022393053879779
3 1 5 68 7 8 11 13 14 15 17 19 20 21 22 23 24 25 26 27 28 29 33 34 35 36 37 39 40 41 43 44 45 46 47 48 50 52 53 54 56 57 58 61 63 64 65 66 67 68 69 70 71 72 73 74 75 76 77 78 79 81 82 83 84 85 86 87 88 89 90 91 3683022393053879779
14 1 18446744073709551615 68 7 8 11 13 14 15 17 19 20 21 22 23 24 25 26 27 28 29 33 34 35 36 37 39 40 41 43 44 45 46 47 48 50 52 53 54 56 57 58 61 63 64 65 66 67 68 69 70 71 72 73 74 75 76 77 78 79 81 82 83 84 85 86 87 88 89 90 91 3683022393053879779
1 3 1 92 44 69 7 8 11 13 14 15 17 19 20 21 22 23 24 25 26 27 28 29 33 34 35 36 37 39 40 41 43 44 45 46 47 48 50 52 53 54 56 57 58 61 63 64 65 66 67 68 69 70 71 72 73 74 75 76 77 78 79 81 82 83 84 85 86 87 88 89 90 91 92 8815254933426658678
8 1 91 69 7 8 11 13 14 15 17 19 20 21 22 23 24 25 26 27 28 29 33 34 35 36 37 39 40 41 43 44 45 46 47 48 50 52 53 54 56 57 58 61 63 64 65 66 67 68 69 70 71 72 73 74 75 76 77 78 79 81 82 83 84 85 86 87 88 89 90 91 92 8815254933426658678
5 2 7 34 69 7 8 11 13 14 15 17 19 20 21 22 23 24 25 26 27 28 29 33 34 35 36 37 39 40 41 43 44 45 46 47 48 50 52 53 54 56 57 58 61 63 64 65 66 67 68 69 70 71 72 73 74 75 76 77 78 79 81 82 83 84 85 86 87 88 89 90 91 92 8815254933426658678
1 11 3 93 50 13 65 65 43 25 82 53 69 70 7 8 11 13 14 15 17 19 20 21 22 23 24 25 26 27 28 29 33 34 35 36 37 39 40 41 43 44 45 46 47 48 50 52 53 54 56 57 58 61 63 64 65 66 67 68 69 70 71 72 73 74 75 76 77 78 79 81 82 83 84 85 86 87 88 89 90 91 92 93 325685559988326929
3 1 40 70 7 8 11 13 14 15 17 19 20 21 22 23 24 25 26 27 28 29 33 34 35 36 37 39 40 41 43 44 45 46 47 48 50 52 53 54 56 57 58 61 63 64 65 66 67 68 69 70 71 72 73 74 75 76 77 78 79 81 82 83 84 85 86 87 88 89 90 91 92 93 325685559988326929
4 1 2 70 7 8 11 13 14 15 17 19 20 21 22 23 24 25 26 27 28 29 33 34 35 36 37 39 40 41 43 44 45 46 47 48 50 52 53 54 56 57 58 61 63 64 65 66 67 68 69 70 71 72 73 74 75 76 77 78 79 81 82 83 84 85 86 87 88 89 90 91 92 93 325685559988326929
1 4 3 94 26 66 71 7 8 11 13 14 15 17 19 20 21 22 23 24 25 26 27 28 29 33 34 35 36 37 39 40 41 43 44 45 46 47 48 50 52 53 54 56 57 58 61 63 64 65 66 67 68 69 70 71 72 73 74 75 76 77 78 79 81 82 83 84 85 86 87 88 89 90 91 92 93 94 15888081501470241977
3 1 19 71 7 8 11 13 14 15 17 19 20 21 22 23 24 25 26 27 28 29 33 34 35 36 37 39 40 41 43 44 45 46 47 48 50 52 53 54 56 57 58 61 63 64 65 66 67 68 69 70 71 72 73 74 75 76 77 78 79 81 82 83 84 85 86 87 88 89 90 91 92 93 94 15888081501470241977
2 2 46 13 71 7 8 11 13 14 15 17 19 20 21 22 23 24 25 26 27 28 29 33 34 35 36 37 39 40 41 43 44 45 46 47 48 50 52 53 54 56 57 58 61 63 64 65 66 67 68 69 70 71 72 73 74 75 76 77 78 79 81 82 83 84 85 86 87 88 89 90 91 92 93 94 15888081501470241977
4 1 1 71 7 8 11 13 14 15 17 19 20 21 22 23 24 25 26 27 28 29 33 34 35 36 37 39 40 41 43 44 45 46 47 48 50 52 53 54 56 57 58 61 63 64 65 66 67 68 69 70 71 72 73 74 75 76 77 78 79 81 82 83 84 85 86 87 88 89 90 91 92 93 94 15888081501470241977
13 2 44 15 71 7 8 11 13 14 15 17 19 20 21 22 23 24 25 26 27 28 29 33 34 35 36 37 39 40 41 43 44 45 46 47 48 50 52 53 54 56 57 58 61 63 64 65 66 67 68 69 70 71 72 73 74 75 76 77 78 79 81 82 83 84 85 86 87 88 89 90 91 92 93 94 11655441254341291393
3 1 45 71 7 8 11 13 14 15 17 19 20 21 22 23 24 25 26 27 28 29 33 34 35 36 37 39 40 41 43 44 45 46 47 48 50 52 53 54 56 57 58 61 63 64 65 66 67 68 69 70 71 72 73 74 75 76 77 78 79 81 82 83 84 85 86 87 88 89 90 91 92 93 94 11655441254341291393
9 1 39 71 7 8 11 13 14 15 17 19 20 21 22 23 24 25 26 27 28 29 33 34 35 36 37 39 40 41 43 44 45 46 47 48 50 52 53 54 56 57 58 61 63 64 65 66 67 68 69 70 71 72 73 74 75 76 77 78 79 81 82 83 84 85 86 87 88 89 90 91 92 93 94 11655441254341291393
12 3 50 11 29 71 7 8 11 13 14 15 17 19 20 21 22 23 24 25 26 27 28 29 33 34 35 36 37 39 40 41 43 44 45 46 47 48 50 52 53 54 56 57 58 61 63 64 65 66 67 68 69 70 71 72 73 74 75 76 77 78 79 81 82 83 84 85 86 87 88 89 90 91 92 93 94 12808594859540639830
8 1 13 71 7 8 11 13 14 15 17 19 20 21 22 23 24 25 26 27 28 29 33 34 35 36 37 39 40 41 43 44 45 46 47 48 50 52 53 54 56 57 58 61 63 64 65 66 67 68 69 70 71 72 73 74 75 76 77 78 79 81 82 83 84 85 86 87 88 89 90 91 92 93 94 12808594859540639830
3 1 34 71 7 8 11 13 14 15 17 19 20 21 22 23 24 25 26 27 28 29 33 34 35 36 37 39 40 41 43 44 45 46 47 48 50 52 53 54 56 57 58 61 63 64 65 66 67 68 69 70 71 72 73 74 75 76 77 78 79 81 82 83 84 85 86 87 88 89 90 91 92 93 94 12808594859540639830
14 1 1 71 7 8 11 13 14 15 17 19 20 21 22 23 24 25 26 27 28 29 33 34 35 36 37 39 40 41 43 44 45 46 47 48 50 52 53 54 56 57 58 61 63 64 65 66 67 68 69 70 71 72 73 74 75 76 77 78 79 81 82 83 84 85 86 87 88 89 90 91 92 93 94 12808594859540639830
1 4 2 95 45 69 72 7 8 11 13 14 15 17 19 20 21 22 23 24 25 26 27 28 29 33 34 35 36 37 39 40 41 43 44 45 46 47 48 50 52 53 54 56 57 58 61 63 64 65 66 67 68 69 70 71 72 73 74 75 76 77 78 79 81 82 83 84 85 86 87 88 89 90 91 92 93 94 95 3853373754999121372
4 1 9 72 7 8 11 13 14 15 17 19 20 21 22 23 24 25 26 27 28 29 33 34 35 36 37 39 40 41 43 44 45 46 47 48 50 52 53 54 56 57 58 61 63 64 65 66 67 68 69 70 71 72 73 74 75 76 77 78 79 81 82 83 84 85 86 87 88 89 90 91 92 93 94 95 3853373754999121372
1 12 2 96 35 91 76 86 89 22 86 36 76 54 73 7 8 11 13 14 15 17 19 20 21 22 23 24 25 26 27 28 29 33 34 35 36 37 39 40 41 43 44 45 46 47 48 50 52 53 54 56 57 58 61 63 64 65 66 67 68 69 70 71 72 73 74 75 76 77 78 79 81 82 83 84 85 86 87 88 89 90 91 92 93 94 95 96 11400249918527940369
12 3 77 0 37 72 7 8 11 13 14 15 17 19 20 21 22 23 24 25 26 27 28 29 33 34 35 36 37 39 40 41 43 44 45 46 47 48 50 52 53 54 56 57 58 61 63 64 65 66 67 68 69 70 71 72 74 75 76 77 78 79 81 82 83 84 85 86 87 88 89 90 91 92 93 94 95 96 2209350815427414366
5 2 7 92 72 7 8 11 13 14 15 17 19 20 21 22 23 24 25 26 27 28 29 33 34 35 36 37 39 40 41 43 44 45 46 47 48 50 52 53 54 56 57 58 61 63 64 65 66 67 68 69 70 71 72 74 75 76 77 78 79 81 82 83 84 85 86 87 88 89 90 91 92 93 94 95 96 2209350815427414366
8 1 54 72 7 8 11 13 14 15 17 19 20 21 22 23 24 25 26 27 28 29 33 34 35 36 37 39 40 41 43 44 45 46 47 48 50 52 53 54 56 57 58 61 63 64 65 66 67 68 69 70 71 72 74 75 76 77 78 79 81 82 83 84 85 86 87 88 89 90 91 92 93 94 95 96 2209350815427414366
8 1 57 72 7 8 11 13 14 15 17 19 20 21 22 23 24 25 26 27 28 29 33 34 35 36 37 39 40 41 43 44 45 46 47 48 50 52 53 54 56 57 58 61 63 64 65 66 67 68 69 70 71 72 74 75 76 77 78 79 81 82 83 84 85 86 87 88 89 90 91 92 93 94 95 96 2209350815427414366
7 2 7 9 72 7 8 11 13 14 15 17 19 20 21 22 23 24 25 26 27 28 29 33 34 35 36 37 39 40 41 43 44 45 46 47 48 50 52 53 54 56 57 58 61 63 64 65 66 67 68 69 70 71 72 74 75 76 77 78 79 81 82 83 84 85 86 87 88 89 90 91 92 93 94 95 96 2209350815427414366
3 1 27 71 7 8 11 13 14 15 17 19 20 21 22 23 24 25 26 27 28 29 33 34 35 36 37 39 40 41 43 44 45 46 47 48 50 52 53 54 56 57 58 61 63 64 65 66 67 68 69 70 71 72 74 75 76 77 78 79 81 82 83 85 86 87 88 89 90 91 92 93 94 95 96 6695278977426719416
3 1 41 71 7 8 11 13 14 15 17 19 20 21 22 23 24 25 26 27 28 29 33 34 35 36 37 39 40 41 43 44 45 46 47 48 50 52 53 54 56 57 58 61 63 64 65 66 67 68 69 70 71 72 74 75 76 77 78 79 81 82 83 85 86 87 88 89 90 91 92 93 94 95 96 6695278977426719416
14 1 0 71 7 8 11 13 14 15 17 19 20 21 22 23 24 25 26 27 28 29 33 34 35 36 37 39 40 41 43 44 45 46 47 48 50 52 53 54 56 57 58 61 63 64 65 66 67 68 69 70 71 72 74 75 76 77 78 79 81 82 83 85 86 87 88 89 90 91 92 93 94 95 96 6695278977426719416
8 1 93 71 7 8 11 13 14 15 17 19 20 21 22 23 24 25 26 27 28 29 33 34 35 36 37 39 40 41 43 44 45 46 47 48 50 52 53 54 56 57 58 61 63 64 65 66 67 68 69 70 71 72 74 75 76 77 78 79 81 82 83 85 86 87 88 89 90 91 92 93 94 95 96 6695278977426719416
5 2 7 26 71 7 8 11 13 14 15 17 19 20 21 22 23 24 25 26 27 28 29 33 34 35 36 37 39 40 41 43 44 45 46 47 48 50 52 53 54 56 57 58 61 63 64 65 66 67 68 69 70 71 72 74 75 76 77 78 79 81 82 83 85 86 87 88 89 90 91 92 93 94 95 96 6695278977426719416
14 1 1 71 7 8 11 13 14 15 17 19 20 21 22 23 24 25 26 27 28 29 33 34 35 36 37 39 40 41 43 44 45 46 47 48 50 52 53 54 56 57 58 61 63 64 65 66 67 68 69 70 71 72 74 75 76 77 78 79 81 82 83 85 86 87 88 89 90 91 92 93 94 95 96 6695278977426719416
10 0 71 7 8 11 13 14 15 17 19 20 21 22 23 24 25 26 27 28 29 33 34 35 36 37 39 40 41 43 44 45 46 47 48 50 52 53 54 56 57 58 61 63 64 65 66 67 68 69 70 71 72 74 75 76 77 78 79 81 82 83 85 86 87 88 89 90 91 92 93 94 95 96 6695278977426719416
1 11 3 97 5 44 17 90 41 7 71 79 35 72 7 8 11 13 14 15 17 19 20 21 22 23 24 25 26 27 28 29 33 34 35 36 37 39 40 41 43 44 45 46 47 48 50 52 53 54 56 57 58 61 63 64 65 66 67 68 69 70 71 72 74 75 76 77 78 79 81 82 83 85 86 87 88 89 90 91 92 93 94 95 96 97 9797508745319943426
7 2 7 12 72 7 8 11 13 14 15 17 19 20 21 22 23 24 25 26 27 28 29 33 34 35 36 37 39 40 41 43 44 45 46 47 48 50 52 53 54 56 57 58 61 63 64 65 66 67 68 69 70 71 72 74 75 76 77 78 79 81 82 83 85 86 87 88 89 90 91 92 93 94 95 96 97 9797508745319943426
10 0 72 7 8 11 13 14 15 17 19 20 21 22 23 24 25 26 27 28 29 33 34 35 36 37 39 40 41 43 44 45 46 47 48 50 52 53 54 56 57 58 61 63 64 65 66 67 68 69 70 71 72 74 75 76 77 78 79 81 82 83 85 86 87 88 89 90 91 92 93 94 95 96 97 9797508745319943426
3 1 37 71 7 8 11 13 14 15 17 19 20 21 22 23 24 25 26 27 28 29 33 34 35 36 37 39 40 41 43 44 45 46 47 48 50 52 53 54 56 57 58 61 63 64 65 66 67 68 69 70 71 72 74 75 76 77 78 79 81 82 83 85 86 87 89 90 91 92 93 94 95 96 97 16081226067239959965
13 2 21 72 71 7 8 11 13 14 15 17 19 20 21 22 23 24 25 26 27 28 29 33 34 35 36 37 39 40 41 43 44 45 46 47 48 50 52 53 54 56 57 58 61 63 64 65 66 67 68 69 70 71 72 74 75 76 77 78 79 81 82 83 85 86 87 89 90 91 92 93 94 95 96 97 13203774829886036516
5 2 5 83 71 7 8 11 13 14 15 17 19 20 21 22 23 24 25 26 27 28 29 33 34 35 36 37 39 40 41 43 44 45 46 47 48 50 52 53 54 56 57 58 61 63 64 65 66 67 68 69 70 71 72 74 75 76 77 78 79 81 82 83 85 86 87 89 90 91 92 93 94 95 96 97 13203774829886036516
1 19 3 98 34 23 33 94 15 41 65 28 45 83 22 45 64 52 83 44 85 72 7 8 11 13 14 15 17 19 20 21 22 23 24 25 26 27 28 29 33 34 35 36 37 39 40 41 43 44 45 46 47 48 50 52 53 54 56 57 58 61 63 64 65 66 67 68 69 70 71 72 74 75 76 77 78 79 81 82 83 85 86 87 89 90 91 92 93 94 95 96 97 98 14104151536518162845
3 1 3 72 7 8 11 13 14 15 17 19 20 21 22 23 24 25 26 27 28 29 33 34 35 36 37 39 40 41 43 44 45 46 47 48 50 52 53 54 56 57 58 61 63 64 65 66 67 68 69 70 71 72 74 75 76 77 78 79 81 82 83 85 86 87 89 90 91 92 93 94 95 96 97 98 14104151536518162845
1 19 2 99 61 27 95 47 35 7 67 97 72 19 94 90 91 64 53 23 52 73 7 8 11 13 14 15 17 19 20 21 22 23 24 25 26 27 28 29 33 34 35 36 37 39 40 41 43 44 45 46 47 48 50 52 53 54 56 57 58 61 63 64 65 66 67 68 69 70 71 72 74 75 76 77 78 79 81 82 83 85 86 87 89 90 91 92 93 94 95 96 97 98 99 3922518634272357784
14 1 18446744073709551615 73 7 8 11 13 14 15 17 19 20 21 22 23 24 25 26 27 28 29 33 34 35 36 37 39 40 41 43 44 45 46 47 48 50 52 53 54 56 57 58 61 63 64 65 66 67 68 69 70 71 72 74 75 76 77 78 79 81 82 83 85 86 87 89 90 91 92 93 94 95 96 97 98 99 3922518634272357784
7 2 5 46 73 7 8 11 13 14 15 17 19 20 21 22 23 24 25 26 27 28 29 33 34 35 36 37 39 40 41 43 44 45 46 47 48 50 52 53 54 56 57 58 61 63 64 65 66 67 68 69 70 71 72 74 75 76 77 78 79 81 82 83 85 86 87 89 90 91 92 93 94 95 96 97 98 99 3922518634272357784
6 2 8 26 73 7 8 11 13 14 15 17 19 20 21 22 23 24 25 26 27 28 29 33 34 35 36 37 39 40 41 43 44 45 46 47 48 50 52 53 54 56 57 58 61 63 64 65 66 67 68 69 70 71 72 74 75 76 77 78 79 81 82 83 85 86 87 89 90 91 92 93 94 95 96 97 98 99 3922518634272357784
13 2 97 15 73 7 8 11 13 14 15 17 19 20 21 22 23 24 25 26 27 28 29 33 34 35 36 37 39 40 41 43 44 45 46 47 48 50 52 53 54 56 57 58 61 63 64 65 66 67 68 69 70 71 72 74 75 76 77 78 79 81 82 83 85 86 87 89 90 91 92 93 94 95 96 97 98 99 10631560997330083656
2 2 26 47 73 7 8 11 13 14 15 17 19 20 21 22 23 24 25 26 27 28 29 33 34 35 36 37 39 40 41 43 44 45 46 47 48 50 52 53 54 56 57 58 61 63 64 65 66 67 68 69 70 71 72 74 75 76 77 78 79 81 82 83 85 86 87 89 90 91 92 93 94 95 96 97 98 99 10631560997330083656
1 11 3 100 3 41 79 82 22 96 89 93 71 74 7 8 11 13 14 15 17 19 20 21 22 23 24 25 26 27 28 29 33 34 35 36 37 39 40 41 43 44 45 46 47 48 50 52 53 54 56 57 58 61 63 64 65 66 67 68 69 70 71 72 74 75 76 77 78 79 81 82 83 85 86 87 89 90 91 92 93 94 95 96 97 98 99 100 15450908964875649472
14 1 33 74 7 8 11 13 14 15 17 19 20 21 22 23 24 25 26 27 28 29 33 34 35 36 37 39 40 41 43 44 45 46 47 48 50 52 53 54 56 57 58 61 63 64 65 66 67 68 69 70 71 72 74 75 76 77 78 79 81 82 83 85 86 87 89 90 91 92 93 94 95 96 97 98 99 100 15450908964875649472
14 1 18446744073709551615 74 7 8 11 13 14 15 17 19 20 21 22 23 24 25 26 27 28 29 33 34 35 36 37 39 40 41 43 44 45 46 47 48 50 52 53 54 56 57 58 61 63 64 65 66 67 68 69 70 71 72 74 75 76 77 78 79 81 82 83 85 86 87 89 90 91 92 93 94 95 96 97 98 99 100 15450908964875649472
5 2 8 8 74 7 8 11 13 14 15 17 19 20 21 22 23 24 25 26 27 28 29 33 34 35 36 37 39 40 41 43 44 45 46 47 48 50 52 53 54 56 57 58 61 63 64 65 66 67 68 69 70 71 72 74 75 76 77 78 79 81 82 83 85 86 87 89 90 91 92 93 94 95 96 97 98 99 100 15450908964875649472
10 0 74 7 8 11 13 14 15 17 19 20 21 22 23 24 25 26 27 28 29 33 34 35 36 37 39 40 41 43 44 45 46 47 48 50 52 53 54 56 57 58 61 63 64 65 66 67 68 69 70 71 72 74 75 76 77 78 79 81 82 83 85 86 87 89 90 91 92 93 94 95 96 97 98 99 100 15450908964875649472
1 3 1 101 2 75 7 8 11 13 14 15 17 19 20 21 22 23 24 25 26 27 28 29 33 34 35 36 37 39 40 41 43 44 45 46 47 48 50 52 53 54 56 57 58 61 63 64 65 66 67 68 69 70 71 72 74 75 76 77 78 79 81 82 83 85 86 87 89 90 91 92 93 94 95 96 97 98 99 100 101 2035464964573069701
8 1 81 75 7 8 11 13 14 15 17 19 20 21 22 23 24 25 26 27 28 29 33 34 35 36 37 39 40 41 43 44 45 46 47 48 50 52 53 54 56 57 58 61 63 64 65 66 67 68 69 70 71 72 74 75 76 77 78 79 81 82 83 85 86 87 89 90 91 92 93 94 95 96 97 98 99 100 101 2035464964573069701
8 1 77 75 7 8 11 13 14 15 17 19 20 21 22 23 24 25 26 27 28 29 33 34 35 36 37 39 40 41 43 44 45 46 47 48 50 52 53 54 56 57 58 61 63 64 65 66 67 68 69 70 71 72 74 75 76 77 78 79 81 82 83 85 86 87 89 90 91 92 93 94 95 96 97 98 99 100 101 2035464964573069701
12 3 67 0 85 75 7 8 11 13 14 15 17 19 20 21 22 23 24 25 26 27 28 29 33 34 35 36 37 39 40 41 43 44 45 46 47 48 50 52 53 54 56 57 58 61 63 64 65 66 67 68 69 70 71 72 74 75 76 77 78 79 81 82 83 85 86 87 89 90 91 92 93 94 95 96 97 98 99 100 101 5477600801953398334
8 1 40 75 7 8 11 13 14 15 17 19 20 21 22 23 24 25 26 27 28 29 33 34 35 36 37 39 40 41 43 44 45 46 47 48 50 52 53 54 56 57 58 61 63 64 65 66 67 68 69 70 71 72 74 75 76 77 78 79 81 82 83 85 86 87 89 90 91 92 93 94 95 96 97 98 99 100 101 5477600801953398334
1 5 2 102 27 63 76 76 7 8 11 13 14 15 17 19 20 21 22 23 24 25 26 27 28 29 33 34 35 36 37 39 40 41 43 44 45 46 47 48 50 52 53 54 56 57 58 61 63 64 65 66 67 68 69 70 71 72 74 75 76 77 78 79 81 82 83 85 86 87 89 90 91 92 93 94 95 96 97 98 99 100 101 102 12219941248212762147
13 2 37 46 76 7 8 11 13 14 15 17 19 20 21 22 23 24 25 26 27 28 29 33 34 35 36 37 39 40 41 43 44 45 46 47 48 50 52 53 54 56 57 58 61 63 64 65 66 67 68 69 70 71 72 74 75 76 77 78 79 81 82 83 85 86 87 89 90 91 92 93 94 95 96 97 98 99 100 101 102 5863535464631561036
3 1 36 76 7 8 11 13 14 15 17 19 20 21 22 23 24 25 26 27 28 29 33 34 35 36 37 39 40 41 43 44 45 46 47 48 50 52 53 54 56 57 58 61 63 64 65 66 67 68 69 70 71 72 74 75 76 77 78 79 81 82 83 85 86 87 89 90 91 92 93 94 95 96 97 98 99 100 101 102 5863535464631561036
5 2 3 7 76 7 8 11 13 14 15 17 19 20 21 22 23 24 25 26 27 28 29 33 34 35 36 37 39 40 41 43 44 45 46 47 48 50 52 53 54 56 57 58 61 63 64 65 66 67 68 69 70 71 72 74 75 76 77 78 79 81 82 83 85 86 87 89 90 91 92 93 94 95 96 97 98 99 100 101 102 5863535464631561036
9 1 23 76 7 8 11 13 14 15 17 19 20 21 22 23 24 25 26 27 28 29 33 34 35 36 37 39 40 41 43 44 45 46 47 48 50 52 53 54 56 57 58 61 63 64 65 66 67 68 69 70 71 72 74 75 76 77 78 79 81 82 83 85 86 87 89 90 91 92 93 94 95 96 97 98 99 100 101 102 5863535464631561036
14 1 1 76 7 8 11 13 14 15 17 19 20 21 22 23 24 25 26 27 28 29 33 34 35 36 37 39 40 41 43 44 45 46 47 48 50 52 53 54 56 57 58 61 63 64 65 66 67 68 69 70 71 72 74 75 76 77 78 79 81 82 83 85 86 87 89 90 91 92 93 94 95 96 97 98 99 100 101 102 5863535464631561036
1 3 1 103 23 77 7 8 11 13 14 15 17 19 20 21 22 23 24 25 26 27 28 29 33 34 35 36 37 39 40 41 43 44 45 46 47 48 50 52 53 54 56 57 58 61 63 64 65 66 67 68 69 70 71 72 74 75 76 77 78 79 81 82 83 85 86 87 89 90 91 92 93 94 95 96 97 98 99 100 101 102 103 11350403573487556465
8 1 14 77 7 8 11 13 14 15 17 19 20 21 22 23 24 25 26 27 28 29 33 34 35 36 37 39 40 41 43 44 45 46 47 48 50 52 53 54 56 57 58 61 63 64 65 66 67 68 69 70 71 72 74 75 76 77 78 79 81 82 83 85 86 87 89 90 91 92 93 94 95 96 97 98 99 100 101 102 103 11350403573487556465
3 1 59 77 7 8 11 13 14 15 17 19 20 21 22 23 24 25 26 27 28 29 33 34 35 36 37 39 40 41 43 44 45 46 47 48 50 52 53 54 56 57 58 61 63 64 65 66 67 68 69 70 71 72 74 75 76 77 78 79 81 82 83 85 86 87 89 90 91 92 93 94 95 96 97 98 99 100 101 102 103 11350403573487556465
12 3 102 1 33 77 7 8 11 13 14 15 17 19 20 21 22 23 24 25 26 27 28 29 33 34 35 36 37 39 40 41 43 44 45 46 47 48 50 52 53 54 56 57 58 61 63 64 65 66 67 68 69 70 71 72 74 75 76 77 78 79 81 82 83 85 86 87 89 90 91 92 93 94 95 96 97 98 99 100 101 102 103 17448857730217387318
13 2 68 27 77 7 8 11 13 14 15 17 19 20 21 22 23 24 25 26 27 28 29 33 34 35 36 37 39 40 41 43 44 45 46 47 48 50 52 53 54 56 57 58 61 63 64 65 66 67 68 69 70 71 72 74 75 76 77 78 79 81 82 83 85 86 87 89 90 91 92 93 94 95 96 97 98 99 100 101 102 103 6677962104528623614
14 1 33 77 7 8 11 13 14 15 17 19 20 21 22 23 24 25 26 27 28 29 33 34 35 36 37 39 40 41 43 44 45 46 47 48 50 52 53 54 56 57 58 61 63 64 65 66 67 68 69 70 71 72 74 75 76 77 78 79 81 82 83 85 86 87 89 90 91 92 93 94 95 96 97 98 99 100 101 102 103 6677962104528623614
7 2 3 60 77 7 8 11 13 14 15 17 19 20 21 22 23 24 25 26 27 28 29 33 34 35 36 37 39 40 41 43 44 45 46 47 48 50 52 53 54 56 57 58 61 63 64 65 66 67 68 69 70 71 72 74 75 76 77 78 79 81 82 83 85 86 87 89 90 91 92 93 94 95 96 97 98 99 100 101 102 103 6677962104528623614
8 1 93 77 7 8 11 13 14 15 17 19 20 21 22 23 24 25 26 27 28 29 33 34 35 36 37 39 40 41 43 44 45 46 47 48 50 52 53 54 56 57 58 61 63 64 65 66 67 68 69 70 71 72 74 75 76 77 78 79 81 82 83 85 86 87 89 90 91 92 93 94 95 96 97 98 99 100 101 102 103 6677962104528623614
2 2 70 26 77 7 8 11 13 14 15 17 19 20 21 22 23 24 25 26 27 28 29 33 34 35 36 37 39 40 41 43 44 45 46 47 48 50 52 53 54 56 57 58 61 63 64 65 66 67 68 69 70 71 72 74 75 76 77 78 79 81 82 83 85 86 87 89 90 91 92 93 94 95 96 97 98 99 100 101 102 103 6677962104528623614
1 3 1 104 39 78 7 8 11 13 14 15 17 19 20 21 22 23 24 25 26 27 28 29 33 34 35 36 37 39 40 41 43 44 45 46 47 48 50 52 53 54 56 57 58 61 63 64 65 66 67 68 69 70 71 72 74 75 76 77 78 79 81 82 83 85 86 87 89 90 91 92 93 94 95 96 97 98 99 100 101 102 103 104 4605822451483960995
14 1 18446744073709551615 78 7 8 11 13 14 15 17 19 20 21 22 23 24 25 26 27 28 29 33 34 35 36 37 39 40 41 43 44 45 46 47 48 50 52 53 54 56 57 58 61 63 64 65 66 67 68 69 70 71 72 74 75 76 77 78 79 81 82 83 85 86 87 89 90 91 92 93 94 95 96 97 98 99 100 101 102 103 104 4605822451483960995
1 3 3 105 57 79 7 8 11 13 14 15 17 19 20 21 22 23 24 25 26 27 28 29 33 34 35 36 37 39 40 41 43 44 45 46 47 48 50 52 53 54 56 57 58 61 63 64 65 66 67 68 69 70 71 72 74 75 76 77 78 79 81 82 83 85 86 87 89 90 91 92 93 94 95 96 97 98 99 100 101 102 103 104 105 12346308147192541637
1 10 3 106 59 25 33 39 33 44 24 97 80 7 8 11 13 14 15 17 19 20 21 22 23 24 25 26 27 28 29 33 34 35 36 37 39 40 41 43 44 45 46 47 48 50 52 53 54 56 57 58 61 63 64 65 66 67 68 69 70 71 72 74 75 76 77 78 79 81 82 83 85 86 87 89 90 91 92 93 94 95 96 97 98 99 100 101 102 103 104 105 106 5332913066751422700
14 1 2 80 7 8 11 13 14 15 17 19 20 21 22 23 24 25 26 27 28 29 33 34 35 36 37 39 40 41 43 44 45 46 47 48 50 52 53 54 56 57 58 61 63 64 65 66 67 68 69 70 71 72 74 75 76 77 78 79 81 82 83 85 86 87 89 90 91 92 93 94 95 96 97 98 99 100 101 102 103 104 105 106 5332913066751422700
1 3 2 107 22 81 7 8 11 13 14 15 17 19 20 21 22 23 24 25 26 27 28 29 33 34 35 36 37 39 40 41 43 44 45 46 47 48 50 52 53 54 56 57 58 61 63 64 65 66 67 68 69 70 71 72 74 75 76 77 78 79 81 82 83 85 86 87 89 90 91 92 93 94 95 96 97 98 99 100 101 102 103 104 105 106 107 14752662027585044224
1 3 1 108 7 82 7 8 11 13 14 15 17 19 20 21 22 23 24 25 26 27 28 29 33 34 35 36 37 39 40 41 43 44 45 46 47 48 50 52 53 54 56 57 58 61 63 64 65 66 67 68 69 70 71 72 74 75 76 77 78 79 81 82 83 85 86 87 89 90 91 92 93 94 95 96 97 98 99 100 101 102 103 104 105 106 107 108 4543104710715604805
12 3 86 1 26 82 7 8 11 13 14 15 17 19 20 21 22 23 24 25 26 27 28 29 33 34 35 36 37 39 40 41 43 44 45 46 47 48 50 52 53 54 56 57 58 61 63 64 65 66 67 68 69 70 71 72 74 75 76 77 78 79 81 82 83 85 86 87 89 90 91 92 93 94 95 96 97 98 99 100 101 102 103 104 105 106 107 108 12811115607597094576
8 1 53 82 7 8 11 13 14 15 17 19 20 21 22 23 24 25 26 27 28 29 33 34 35 36 37 39 40 41 43 44 45 46 47 48 50 52 53 54 56 57 58 61 63 64 65 66 67 68 69 70 71 72 74 75 76 77 78 79 81 82 83 85 86 87 89 90 91 92 93 94 95 96 97 98 99 100 101 102 103 104 105 106 107 108 12811115607597094576
1 10 2 109 55 95 14 20 102 22 102 43 83 7 8 11 13 14 15 17 19 20 21 22 23 24 25 26 27 28 29 33 34 35 36 37 39 40 41 43 44 45 46 47 48 50 52 53 54 56 57 58 61 63 64 65 66 67 68 69 70 71 72 74 75 76 77 78 79 81 82 83 85 86 87 89 90 91 92 93 94 95 96 97 98 99 100 101 102 103 104 105 106 107 108 109 51290009459250551
9 1 53 83 7 8 11 13 14 15 17 19 20 21 22 23 24 25 26 27 28 29 33 34 35 36 37 39 40 41 43 44 45 46 47 48 50 52 53 54 56 57 58 61 63 64 65 66 67 68 69 70 71 72 74 75 76 77 78 79 81 82 83 85 86 87 89 90 91 92 93 94 95 96 97 98 99 100 101 102 103 104 105 106 107 108 109 51290009459250551
1 4 3 110 41 109 84 7 8 11 13 14 15 17 19 20 21 22 23 24 25 26 27 28 29 33 34 35 36 37 39 40 41 43 44 45 46 47 48 50 52 53 54 56 57 58 61 63 64 65 66 67 68 69 70 71 72 74 75 76 77 78 79 81 82 83 85 86 87 89 90 91 92 93 94 95 96 97 98 99 100 101 102 103 104 105 106 107 108 109 110 5764436628701301426
8 1 93 84 7 8 11 13 14 15 17 19 20 21 22 23 24 25 26 27 28 29 33 34 35 36 37 39 40 41 43 44 45 46 47 48 50 52 53 54 56 57 58 61 63 64 65 66 67 68 69 70 71 72 74 75 76 77 78 79 81 82 83 85 86 87 89 90 91 92 93 94 95 96 97 98 99 100 101 102 103 104 105 106 107 108 109 110 5764436628701301426
5 2 1 101 84 7 8 11 13 14 15 17 19 20 21 22 23 24 25 26 27 28 29 33 34 35 36 37 39 40 41 43 44 45 46 47 48 50 52 53 54 56 57 58 61 63 64 65 66 67 68 69 70 71 72 74 75 76 77 78 79 81 82 83 85 86 87 89 90 91 92 93 94 95 96 97 98 99 100 101 102 103 104 105 106 107 108 109 110 5764436628701301426
8 1 93 84 7 8 11 13 14 15 17 19 20 21 22 23 24 25 26 27 28 29 33 34 35 36 37 39 40 41 43 44 45 46 47 48 50 52 53 54 56 57 58 61 63 64 65 66 67 68 69 70 71 72 74 75 76 77 78 79 81 82 83 85 86 87 89 90 91 92 93 94 95 96 97 98 99 100 101 102 103 104 105 106 107 108 109 110 5764436628701301426
6 2 8 38 84 7 8 11 13 14 15 17 19 20 21 22 23 24 25 26 27 28 29 33 34 35 36 37 39 40 41 43 44 45 46 47 48 50 52 53 54 56 57 58 61 63 64 65 66 67 68 69 70 71 72 74 75 76 77 78 79 81 82 83 85 86 87 89 90 91 92 93 94 95 96 97 98 99 100 101 102 103 104 105 106 107 108 109 110 5764436628701301426
3 1 33 84 7 8 11 13 14 15 17 19 20 21 22 23 24 25 26 27 28 29 33 34 35 36 37 39 40 41 43 44 45 46 47 48 50 52 53 54 56 57 58 61 63 64 65 66 67 68 69 70 71 72 74 75 76 77 78 79 81 82 83 85 86 87 89 90 91 92 93 94 95 96 97 98 99 100 101 102 103 104 105 106 107 108 109 110 5764436628701301426
8 1 65 84 7 8 11 13 14 15 17 19 20 21 22 23 24 25 26 27 28 29 33 34 35 36 37 39 40 41 43 44 45 46 47 48 50 52 53 54 56 57 58 61 63 64 65 66 67 68 69 70 71 72 74 75 76 77 78 79 81 82 83 85 86 87 89 90 91 92 93 94 95 96 97 98 99 100 101 102 103 104 105 106 107 108 109 110 5764436628701301426
2 2 86 33 84 7 8 11 13 14 15 17 19 20 21 22 23 24 25 26 27 28 29 33 34 35 36 37 39 40 41 43 44 45 46 47 48 50 52 53 54 56 57 58 61 63 64 65 66 67 68 69 70 71 72 74 75 76 77 78 79 81 82 83 85 86 87 89 90 91 92 93 94 95 96 97 98 99 100 101 102 103 104 105 106 107 108 109 110 5764436628701301426
3 1 15 84 7 8 11 13 14 15 17 19 20 21 22 23 24 25 26 27 28 29 33 34 35 36 37 39 40 41 43 44 45 46 47 48 50 52 53 54 56 57 58 61 63 64 65 66 67 68 69 70 71 72 74 75 76 77 78 79 81 82 83 85 86 87 89 90 91 92 93 94 95 96 97 98 99 100 101 102 103 104 105 106 107 108 109 110 5764436628701301426
2 2 26 8 84 7 8 11 13 14 15 17 19 20 21 22 23 24 25 26 27 28 29 33 34 35 36 37 39 40 41 43 44 45 46 47 48 50 52 53 54 56 57 58 61 63 64 65 66 67 68 69 70 71 72 74 75 76 77 78 79 81 82 83 85 86 87 89 90 91 92 93 94 95 96 97 98 99 100 101 102 103 104 105 106 107 108 109 110 5764436628701301426
11 0 83 7 8 11 13 14 15 17 19 20 21 22 23 24 25 26 27 28 29 33 34 35 36 37 39 40 41 43 44 45 46 47 48 50 52 53 54 56 57 58 61 63 64 65 66 67 68 69 70 71 72 74 75 76 78 79 81 82 83 85 86 87 89 90 91 92 93 94 95 96 97 98 99 100 101 102 103 104 105 106 107 108 109 110 9648749368616678664
6 2 0 56 83 7 8 11 13 14 15 17 19 20 21 22 23 24 25 26 27 28 29 33 34 35 36 37 39 40 41 43 44 45 46 47 48 50 52 53 54 56 57 58 61 63 64 65 66 67 68 69 70 71 72 74 75 76 78 79 81 82 83 85 86 87 89 90 91 92 93 94 95 96 97 98 99 100 101 102 103 104 105 106 107 108 109 110 9648749368616678664
5 2 0 28 81 7 8 11 13 14 15 17 19 20 21 22 23 24 25 26 27 28 29 33 34 35 36 37 39 40 41 43 44 45 46 47 48 50 52 53 54 56 57 58 61 63 64 65 66 67 68 69 70 71 72 76 78 79 81 82 83 85 86 87 89 90 91 92 93 94 95 96 97 98 99 100 101 102 103 104 105 106 107 108 109 110 9532157456413441098
5 2 0 94 81 7 8 11 13 14 15 17 19 20 21 22 23 24 25 26 27 28 29 33 34 35 36 37 39 40 41 43 44 45 46 47 48 50 52 53 54 56 57 58 61 63 64 65 66 67 68 69 70 71 72 76 78 79 81 82 83 85 86 87 89 90 91 92 93 94 95 96 97 98 99 100 101 102 103 104 105 106 107 108 109 110 9532157456413441098
7 2 0 56 81 7 8 11 13 14 15 17 19 20 21 22 23 24 25 26 27 28 29 33 34 35 36 37 39 40 41 43 44 45 46 47 48 50 52 53 54 56 57 58 61 63 64 65 66 67 68 69 70 71 72 76 78 79 81 82 83 85 86 87 89 90 91 92 93 94 95 96 97 98 99 100 101 102 103 104 105 106 107 108 109 110 9532157456413441098
8 1 108 81 7 8 11 13 14 15 17 19 20 21 22 23 24 25 26 27 28 29 33 34 35 36 37 39 40 41 43 44 45 46 47 48 50 52 53 54 56 57 58 61 63 64 65 66 67 68 69 70 71 72 76 78 79 81 82 83 85 86 87 89 90 91 92 93 94 95 96 97 98 99 100 101 102 103 104 105 106 107 108 109 110 9532157456413441098
1 12 3 111 15 98 90 24 108 103 78 57 35 82 82 7 8 11 13 14 15 17 19 20 21 22 23 24 25 26 27 28 29 33 34 35 36 37 39 40 41 43 44 45 46 47 48 50 52 53 54 56 57 58 61 63 64 65 66 67 68 69 70 71 72 76 78 79 81 82 83 85 86 87 89 90 91 92 93 94 95 96 97 98 99 100 101 102 103 104 105 106 107 108 109 110 111 12648618639126822016
3 1 52 82 7 8 11 13 14 15 17 19 20 21 22 23 24 25 26 27 28 29 33 34 35 36 37 39 40 41 43 44 45 46 47 48 50 52 53 54 56 57 58 61 63 64 65 66 67 68 69 70 71 72 76 78 79 81 82 83 85 86 87 89 90 91 92 93 94 95 96 97 98 99 100 101 102 103 104 105 106 107 108 109 110 111 12648618639126822016
9 1 58 82 7 8 11 13 14 15 17 19 20 21 22 23 24 25 26 27 28 29 33 34 35 36 37 39 40 41 43 44 45 46 47 48 50 52 53 54 56 57 58 61 63 64 65 66 67 68 69 70 71 72 76 78 79 81 82 83 85 86 87 89 90 91 92 93 94 95 96 97 98 99 100 101 102 103 104 105 106 107 108 109 110 111 12648618639126822016
2 2 91 40 82 7 8 11 13 14 15 17 19 20 21 22 23 24 25 26 27 28 29 33 34 35 36 37 39 40 41 43 44 45 46 47 48 50 52 53 54 56 57 58 61 63 64 65 66 67 68 69 70 71 72 76 78 79 81 82 83 85 86 87 89 90 91 92 93 94 95 96 97 98 99 100 101 102 103 104 105 106 107 108 109 110 111 12648618639126822016
5 2 0 83 82 7 8 11 13 14 15 17 19 20 21 22 23 24 25 26 27 28 29 33 34 35 36 37 39 40 41 43 44 45 46 47 48 50 52 53 54 56 57 58 61 63 64 65 66 67 68 69 70 71 72 76 78 79 81 82 83 85 86 87 89 90 91 92 93 94 95 96 97 98 99 100 101 102 103 104 105 106 107 108 109 110 111 12648618639126822016
5 2 0 111 82 7 8 11 13 14 15 17 19 20 21 22 23 24 25 26 27 28 29 33 34 35 36 37 39 40 41 43 44 45 46 47 48 50 52 53 54 56 57 58 61 63 64 65 66 67 68 69 70 71 72 76 78 79 81 82 83 85 86 87 89 90 91 92 93 94 95 96 97 98 99 100 101 102 103 104 105 106 107 108 109 110 111 12648618639126822016
12 3 20 3 104 82 7 8 11 13 14 15 17 19 20 21 22 23 24 25 26 27 28 29 33 34 35 36 37 39 40 41 43 44 45 46 47 48 50 52 53 54 56 57 58 61 63 64 65 66 67 68 69 70 71 72 76 78 79 81 82 83 85 86 87 89 90 91 92 93 94 95 96 97 98 99 100 101 102 103 104 105 106 107 108 109 110 111 5670330453545793411
1 19 3 112 48 82 28 23 0 90 63 64 85 34 64 68 110 82 110 70 93 83 7 8 11 13 14 15 17 19 20 21 22 23 24 25 26 27 28 29 33 34 35 36 37 39 40 41 43 44 45 46 47 48 50 52 53 54 56 57 58 61 63 64 65 66 67 68 69 70 71 72 76 78 79 81 82 83 85 86 87 89 90 91 92 93 94 95 96 97 98 99 100 101 102 103 104 105 106 107 108 109 110 111 112 14545020261399691186
8 1 86 83 7 8 11 13 14 15 17 19 20 21 22 23 24 25 26 27 28 29 33 34 35 36 37 39 40 41 43 44 45 46 47 48 50 52 53 54 56 57 58 61 63 64 65 66 67 68 69 70 71 72 76 78 79 81 82 83 85 86 87 89 90 91 92 93 94 95 96 97 98 99 100 101 102 103 104 105 106 107 108 109 110 111 112 14545020261399691186
2 2 109 17 83 7 8 11 13 14 15 17 19 20 21 22 23 24 25 26 27 28 29 33 34 35 36 37 39 40 41 43 44 45 46 47 48 50 52 53 54 56 57 58 61 63 64 65 66 67 68 69 70 71 72 76 78 79 81 82 83 85 86 87 89 90 91 92 93 94 95 96 97 98 99 100 101 102 103 104 105 106 107 108 109 110 111 112 14545020261399691186
12 3 53 0 24 83 7 8 11 13 14 15 17 19 20 21 22 23 24 25 26 27 28 29 33 34 35 36 37 39 40 41 43 44 45 46 47 48 50 52 53 54 56 57 58 61 63 64 65 66 67 68 69 70 71 72 76 78 79 81 82 83 85 86 87 89 90 91 92 93 94 95 96 97 98 99 100 101 102 103 104 105 106 107 108 109 110 111 112 5800066231554506250
7 2 0 58 83 7 8 11 13 14 15 17 19 20 21 22 23 24 25 26 27 28 29 33 34 35 36 37 39 40 41 43 44 45 46 47 48 50 52 53 54 56 57 58 61 63 64 65 66 67 68 69 70 71 72 76 78 79 81 82 83 85 86 87 89 90 91 92 93 94 95 96 97 98 99 100 101 102 103 104 105 106 107 108 109 110 111 112 5800066231554506250
9 1 56 83 7 8 11 13 14 15 17 19 20 21 22 23 24 25 26 27 28 29 33 34 35 36 37 39 40 41 43 44 45 46 47 48 50 52 53 54 56 57 58 61 63 64 65 66 67 68 69 70 71 72 76 78 79 81 82 83 85 86 87 89 90 91 92 93 94 95 96 97 98 99 100 101 102 103 104 105 106 107 108 109 110 111 112 5800066231554506250
1 11 3 113 52 65 35 40 103 81 26 111 79 84 7 8 11 13 14 15 17 19 20 21 22 23 24 25 26 27 28 29 33 34 35 36 37 39 40 41 43 44 45 46 47 48 50 52 53 54 56 57 58 61 63 64 65 66 67 68 69 70 71 72 76 78 79 81 82 83 85 86 87 89 90 91 92 93 94 95 96 97 98 99 100 101 102 103 104 105 106 107 108 109 110 111 112 113 13737946244727892254
11 0 84 7 8 11 13 14 15 17 19 20 21 22 23 24 25 26 27 28 29 33 34 35 36 37 39 40 41 43 44 45 46 47 48 50 52 53 54 56 57 58 61 63 64 65 66 67 68 69 70 71 72 76 78 79 81 82 83 85 86 87 89 90 91 92 93 94 95 96 97 98 99 100 101 102 103 104 105 106 107 108 109 110 111 112 113 13737946244727892254
3 1 22 83 7 8 11 13 14 15 17 19 20 21 22 23 24 25 26 27 28 29 33 34 35 36 37 39 40 41 43 44 45 46 47 48 50 52 53 54 56 57 58 61 63 64 65 66 67 68 69 70 71 72 76 78 79 81 82 83 85 86 87 89 90 91 92 93 94 95 96 97 98 99 100 101 102 103 104 105 106 108 109 110 111 112 113 17896474816065118026
3 1 49 83 7 8 11 13 14 15 17 19 20 21 22 23 24 25 26 27 28 29 33 34 35 36 37 39 40 41 43 44 45 46 47 48 50 52 53 54 56 57 58 61 63 64 65 66 67 68 69 70 71 72 76 78 79 81 82 83 85 86 87 89 90 91 92 93 94 95 96 97 98 99 100 101 102 103 104 105 106 108 109 110 111 112 113 17896474816065118026
1 3 1 114 49 84 7 8 11 13 14 15 17 19 20 21 22 23 24 25 26 27 28 29 33 34 35 36 37 39 40 41 43 44 45 46 47 48 50 52 53 54 56 57 58 61 63 64 65 66 67 68 69 70 71 72 76 78 79 81 82 83 85 86 87 89 90 91 92 93 94 95 96 97 98 99 100 101 102 103 104 105 106 108 109 110 111 112 113 114 15175717120864599847
11 0 84 7 8 11 13 14 15 17 19 20 21 22 23 24 25 26 27 28 29 33 34 35 36 37 39 40 41 43 44 45 46 47 48 50 52 53 54 56 57 58 61 63 64 65 66 67 68 69 70 71 72 76 78 79 81 82 83 85 86 87 89 90 91 92 93 94 95 96 97 98 99 100 101 102 103 104 105 106 108 109 110 111 112 113 114 15175717120864599847
8 1 15 84 7 8 11 13 14 15 17 19 20 21 22 23 24 25 26 27 28 29 33 34 35 36 37 39 40 41 43 44 45 46 47 48 50 52 53 54 56 57 58 61 63 64 65 66 67 68 69 70 71 72 76 78 79 81 82 83 85 86 87 89 90 91 92 93 94 95 96 97 98 99 100 101 102 103 104 105 106 108 109 110 111 112 113 114 15175717120864599847
1 3 2 115 56 85 7 8 11 13 14 15 17 19 20 21 22 23 24 25 26 27 28 29 33 34 35 36 37 39 40 41 43 44 45 46 47 48 50 52 53 54 56 57 58 61 63 64 65 66 67 68 69 70 71 72 76 78 79 81 82 83 85 86 87 89 90 91 92 93 94 95 96 97 98 99 100 101 102 103 104 105 106 108 109 110 111 112 113 114 115 11954386513092656847
7 2 7 53 85 7 8 11 13 14 15 17 19 20 21 22 23 24 25 26 27 28 29 33 34 35 36 37 39 40 41 43 44 45 46 47 48 50 52 53 54 56 57 58 61 63 64 65 66 67 68 69 70 71 72 76 78 79 81 82 83 85 86 87 89 90 91 92 93 94 95 96 97 98 99 100 101 102 103 104 105 106 108 109 110 111 112 113 114 115 11954386513092656847
1 3 1 116 22 86 7 8 11 13 14 15 17 19 20 21 22 23 24 25 26 27 28 29 33 34 35 36 37 39 40 41 43 44 45 46 47 48 50 52 53 54 56 57 58 61 63 64 65 66 67 68 69 70 71 72 76 78 79 81 82 83 85 86 87 89 90 91 92 93 94 95 96 97 98 99 100 101 102 103 104 105 106 108 109 110 111 112 113 114 115 116 18118935460528246210
3 1 48 85 7 8 11 13 14 15 17 19 20 21 22 23 24 25 26 27 28 29 33 34 35 36 37 39 40 41 43 44 45 46 47 48 50 52 53 54 56 57 58 61 63 64 65 66 67 68 69 70 71 72 76 78 79 81 82 83 85 86 87 89 90 91 92 93 94 95 96 97 98 99 100 101 102 103 104 105 106 108 109 110 111 113 114 115 116 1676219729828360677
14 1 32 85 7 8 11 13 14 15 17 19 20 21 22 23 24 25 26 27 28 29 33 34 35 36 37 39 40 41 43 44 45 46 47 48 50 52 53 54 56 57 58 61 63 64 65 66 67 68 69 70 71 72 76 78 79 81 82 83 85 86 87 89 90 91 92 93 94 95 96 97 98 99 100 101 102 103 104 105 106 108 109 110 111 113 114 115 116 1676219729828360677
13 2 44 7 85 7 8 11 13 14 15 17 19 20 21 22 23 24 25 26 27 28 29 33 34 35 36 37 39 40 41 43 44 45 46 47 48 50 52 53 54 56 57 58 61 63 64 65 66 67 68 69 70 71 72 76 78 79 81 82 83 85 86 87 89 90 91 92 93 94 95 96 97 98 99 100 101 102 103 104 105 106 108 109 110 111 113 114 115 116 11819116777742624667
12 3 97 0 108 85 7 8 11 13 14 15 17 19 20 21 22 23 24 25 26 27 28 29 33 34 35 36 37 39 40 41 43 44 45 46 47 48 50 52 53 54 56 57 58 61 63 64 65 66 67 68 69 70 71 72 76 78 79 81 82 83 85 86 87 89 90 91 92 93 94 95 96 97 98 99 100 101 102 103 104 105 106 108 109 110 111 113 114 115 116 13435759654587704283
13 2 21 7 85 7 8 11 13 14 15 17 19 20 21 22 23 24 25 26 27 28 29 33 34 35 36 37 39 40 41 43 44 45 46 47 48 50 52 53 54 56 57 58 61 63 64 65 66 67 68 69 70 71 72 76 78 79 81 82 83 85 86 87 89 90 91 92 93 94 95 96 97 98 99 100 101 102 103 104 105 106 108 109 110 111 113 114 115 116 7819965651195809581
3 1 13 85 7 8 11 13 14 15 17 19 20 21 22 23 24 25 26 27 28 29 33 34 35 36 37 39 40 41 43 44 45 46 47 48 50 52 53 54 56 57 58 61 63 64 65 66 67 68 69 70 71 72 76 78 79 81 82 83 85 86 87 89 90 91 92 93 94 95 96 97 98 99 100 101 102 103 104 105 106 108 109 110 111 113 114 115 116 7819965651195809581
9 1 0 85 7 8 11 13 14 15 17 19 20 21 22 23 24 25 26 27 28 29 33 34 35 36 37 39 40 41 43 44 45 46 47 48 50 52 53 54 56 57 58 61 63 64 65 66 67 68 69 70 71 72 76 78 79 81 82 83 85 86 87 89 90 91 92 93 94 95 96 97 98 99 100 101 102 103 104 105 106 108 109 110 111 113 114 115 116 7819965651195809581
1 3 1 117 13 86 7 8 11 13 14 15 17 19 20 21 22 23 24 25 26 27 28 29 33 34 35 36 37 39 40 41 43 44 45 46 47 48 50 52 53 54 56 57 58 61 63 64 65 66 67 68 69 70 71 72 76 78 79 81 82 83 85 86 87 89 90 91 92 93 94 95 96 97 98 99 100 101 102 103 104 105 106 108 109 110 111 113 114 115 116 117 9073191604948058520
2 2 44 37 86 7 8 11 13 14 15 17 19 20 21 22 23 24 25 26 27 28 29 33 34 35 36 37 39 40 41 43 44 45 46 47 48 50 52 53 54 56 57 58 61 63 64 65 66 67 68 69 70 71 72 76 78 79 81 82 83 85 86 87 89 90 91 92 93 94 95 96 97 98 99 100 101 102 103 104 105 106 108 109 110 111 113 114 115 116 117 9073191604948058520
1 3 1 118 19 87 7 8 11 13 14 15 17 19 20 21 22 23 24 25 26 27 28 29 33 34 35 36 37 39 40 41 43 44 45 46 47 48 50 52 53 54 56 57 58 61 63 64 65 66 67 68 69 70 71 72 76 78 79 81 82 83 85 86 87 89 90 91 92 93 94 95 96 97 98 99 100 101 102 103 104 105 106 108 109 110 111 113 114 115 116 117 118 13963510443548069333
5 2 1 25 87 7 8 11 13 14 15 17 19 20 21 22 23 24 25 26 27 28 29 33 34 35 36 37 39 40 41 43 44 45 46 47 48 50 52 53 54 56 57 58 61 63 64 65 66 67 68 69 70 71 72 76 78 79 81 82 83 85 86 87 89 90 91 92 93 94 95 96 97 98 99 100 101 102 103 104 105 106 108 109 110 111 113 114 115 116 117 118 13963510443548069333
11 0 87 7 8 11 13 14 15 17 19 20 21 22 23 24 25 26 27 28 29 33 34 35 36 37 39 40 41 43 44 45 46 47 48 50 52 53 54 56 57 58 61 63 64 65 66 67 68 69 70 71 72 76 78 79 81 82 83 85 86 87 89 90 91 92 93 94 95 96 97 98 99 100 101 102 103 104 105 106 108 109 110 111 113 114 115 116 117 118 13963510443548069333
3 1 53 87 7 8 11 13 14 15 17 19 20 21 22 23 24 25 26 27 28 29 33 34 35 36 37 39 40 41 43 44 45 46 47 48 50 52 53 54 56 57 58 61 63 64 65 66 67 68 69 70 71 72 76 78 79 81 82 83 85 86 87 89 90 91 92 93 94 95 96 97 98 99 100 101 102 103 104 105 106 108 109 110 111 113 114 115 116 117 118 13963510443548069333
1 5 2 119 53 82 8 88 7 8 11 13 14 15 17 19 20 21 22 23 24 25 26 27 28 29 33 34 35 36 37 39 40 41 43 44 45 46 47 48 50 52 53 54 56 57 58 61 63 64 65 66 67 68 69 70 71 72 76 78 79 81 82 83 85 86 87 89 90 91 92 93 94 95 96 97 98 99 100 101 102 103 104 105 106 108 109 110 111 113 114 115 116 117 118 119 15085141621792648685
13 2 110 119 88 7 8 11 13 14 15 17 19 20 21 22 23 24 25 26 27 28 29 33 34 35 36 37 39 40 41 43 44 45 46 47 48 50 52 53 54 56 57 58 61 63 64 65 66 67 68 69 70 71 72 76 78 79 81 82 83 85 86 87 89 90 91 92 93 94 95 96 97 98 99 100 101 102 103 104 105 106 108 109 110 111 113 114 115 116 117 118 119 9220823628465551875
3 1 62 88 7 8 11 13 14 15 17 19 20 21 22 23 24 25 26 27 28 29 33 34 35 36 37 39 40 41 43 44 45 46 47 48 50 52 53 54 56 57 58 61 63 64 65 66 67 68 69 70 71 72 76 78 79 81 82 83 85 86 87 89 90 91 92 93 94 95 96 97 98 99 100 101 102 103 104 105 106 108 109 110 111 113 114 115 116 117 118 119 9220823628465551875
13 2 94 85 88 7 8 11 13 14 15 17 19 20 21 22 23 24 25 26 27 28 29 33 34 35 36 37 39 40 41 43 44 45 46 47 48 50 52 53 54 56 57 58 61 63 64 65 66 67 68 69 70 71 72 76 78 79 81 82 83 85 86 87 89 90 91 92 93 94 95 96 97 98 99 100 101 102 103 104 105 106 108 109 110 111 113 114 115 116 117 118 119 12642737950181374939
3 1 39 88 7 8 11 13 14 15 17 19 20 21 22 23 24 25 26 27 28 29 33 34 35 36 37 39 40 41 43 44 45 46 47 48 50 52 53 54 56 57 58 61 63 64 65 66 67 68 69 70 71 72 76 78 79 81 82 83 85 86 87 89 90 91 92 93 94 95 96 97 98 99 100 101 102 103 104 105 106 108 109 110 111 113 114 115 116 117 118 119 12642737950181374939
3 1 10 88 7 8 11 13 14 15 17 19 20 21 22 23 24 25 26 27 28 29 33 34 35 36 37 39 40 41 43 44 45 46 47 48 50 52 53 54 56 57 58 61 63 64 65 66 67 68 69 70 71 72 76 78 79 81 82 83 85 86 87 89 90 91 92 93 94 95 96 97 98 99 100 101 102 103 104 105 106 108 109 110 111 113 114 115 116 117 118 119 12642737950181374939
14 1 2 88 7 8 11 13 14 15 17 19 20 21 22 23 24 25 26 27 28 29 33 34 35 36 37 39 40 41 43 44 45 46 47 48 50 52 53 54 56 57 58 61 63 64 65 66 67 68 69 70 71 72 76 78 79 81 82 83 85 86 87 89 90 91 92 93 94 95 96 97 98 99 100 101 102 103 104 105 106 108 109 110 111 113 114 115 116 117 118 119 12642737950181374939
12 3 28 7 36 88 7 8 11 13 14 15 17 19 20 21 22 23 24 25 26 27 28 29 33 34 35 36 37 39 40 41 43 44 45 46 47 48 50 52 53 54 56 57 58 61 63 64 65 66 67 68 69 70 71 72 76 78 79 81 82 83 85 86 87 89 90 91 92 93 94 95 96 97 98 99 100 101 102 103 104 105 106 108 109 110 111 113 114 115 116 117 118 119 8208518373568913724
2 2 21 39 88 7 8 11 13 14 15 17 19 20 21 22 23 24 25 26 27 28 29 33 34 35 36 37 39 40 41 43 44 45 46 47 48 50 52 53 54 56 57 58 61 63 64 65 66 67 68 69 70 71 72 76 78 79 81 82 83 85 86 87 89 90 91 92 93 94 95 96 97 98 99 100 101 102 103 104 105 106 108 109 110 111 113 114 115 116 117 118 119 8208518373568913724
1 11 3 120 48 36 64 26 48 41 119 95 54 89 7 8 11 13 14 15 17 19 20 21 22 23 24 25 26 27 28 29 33 34 35 36 37 39 40 41 43 44 45 46 47 48 50 52 53 54 56 57 58 61 63 64 65 66 67 68 69 70 71 72 76 78 79 81 82 83 85 86 87 89 90 91 92 93 94 95 96 97 98 99 100 101 102 103 104 105 106 108 109 110 111 113 114 115 116 117 118 119 120 12469073715313375936
4 1 16 89 7 8 11 13 14 15 17 19 20 21 22 23 24 25 26 27 28 29 33 34 35 36 37 39 40 41 43 44 45 46 47 48 50 52 53 54 56 57 58 61 63 64 65 66 67 68 69 70 71 72 76 78 79 81 82 83 85 86 87 89 90 91 92 93 94 95 96 97 98 99 100 101 102 103 104 105 106 108 109 110 111 113 114 115 116 117 118 119 120 12469073715313375936
3 1 61 88 7 8 11 13 14 15 17 19 20 21 22 23 24 25 26 27 28 29 33 34 35 36 37 39 40 41 43 44 45 46 47 48 50 52 53 54 56 57 58 61 63 64 65 66 67 68 69 70 71 72 76 78 79 81 82 83 85 86 87 89 90 91 92 93 94 95 96 97 98 100 101 102 103 104 105 106 108 109 110 111 113 114 115 116 117 118 119 120 1452345653113287605
12 3 68 2 67 88 7 8 11 13 14 15 17 19 20 21 22 23 24 25 26 27 28 29 33 34 35 36 37 39 40 41 43 44 45 46 47 48 50 52 53 54 56 57 58 61 63 64 65 66 67 68 69 70 71 72 76 78 79 81 82 83 85 86 87 89 90 91 92 93 94 95 96 97 98 100 101 102 103 104 105 106 108 109 110 111 113 114 115 116 117 118 119 120 3821186439682064493
8 1 72 88 7 8 11 13 14 15 17 19 20 21 22 23 24 25 26 27 28 29 33 34 35 36 37 39 40 41 43 44 45 46 47 48 50 52 53 54 56 57 58 61 63 64 65 66 67 68 69 70 71 72 76 78 79 81 82 83 85 86 87 89 90 91 92 93 94 95 96 97 98 100 101 102 103 104 105 106 108 109 110 111 113 114 115 116 117 118 119 120 3821186439682064493
14 1 8 88 7 8 11 13 14 15 17 19 20 21 22 23 24 25 26 27 28 29 33 34 35 36 37 39 40 41 43 44 45 46 47 48 50 52 53 54 56 57 58 61 63 64 65 66 67 68 69 70 71 72 76 78 79 81 82 83 85 86 87 89 90 91 92 93 94 95 96 97 98 100 101 102 103 104 105 106 108 109 110 111 113 114 115 116 117 118 119 120 3821186439682064493
8 1 68 88 7 8 11 13 14 15 17 19 20 21 22 23 24 25 26 27 28 29 33 34 35 36 37 39 40 41 43 44 45 46 47 48 50 52 53 54 56 57 58 61 63 64 65 66 67 68 69 70 71 72 76 78 79 81 82 83 85 86 87 89 90 91 92 93 94 95 96 97 98 100 101 102 103 104 105 106 108 109 110 111 113 114 115 116 117 118 119 120 3821186439682064493
12 3 91 0 0 88 7 8 11 13 14 15 17 19 20 21 22 23 24 25 26 27 28 29 33 34 35 36 37 39 40 41 43 44 45 46 47 48 50 52 53 54 56 57 58 61 63 64 65 66 67 68 69 70 71 72 76 78 79 81 82 83 85 86 87 89 90 91 92 93 94 95 96 97 98 100 101 102 103 104 105 106 108 109 110 111 113 114 115 116 117 118 119 120 10160966671626490176
14 1 18446744073709551615 88 7 8 11 13 14 15 17 19 20 21 22 23 24 25 26 27 28 29 33 34 35 36 37 39 40 41 43 44 45 46 47 48 50 52 53 54 56 57 58 61 63 64 65 66 67 68 69 70 71 72 76 78 79 81 82 83 85 86 87 89 90 91 92 93 94 95 96 97 98 100 101 102 103 104 105 106 108 109 110 111 113 114 115 116 117 118 119 120 10160966671626490176
8 1 46 88 7 8 11 13 14 15 17 19 20 21 22 23 24 25 26 27 28 29 33 34 35 36 37 39 40 41 43 44 45 46 47 48 50 52 53 54 56 57 58 61 63 64 65 66 67 68 69 70 71 72 76 78 79 81 82 83 85 86 87 89 90 91 92 93 94 95 96 97 98 100 101 102 103 104 105 106 108 109 110 111 113 114 115 116 117 118 119 120 10160966671626490176
8 1 115 88 7 8 11 13 14 15 17 19 20 21 22 23 24 25 26 27 28 29 33 34 35 36 37 39 40 41 43 44 45 46 47 48 50 52 53 54 56 57 58 61 63 64 65 66 67 68 69 70 71 72 76 78 79 81 82 83 85 86 87 89 90 91 92 93 94 95 96 97 98 100 101 102 103 104 105 106 108 109 110 111 113 114 115 116 117 118 119 120 10160966671626490176
13 2 26 43 88 7 8 11 13 14 15 17 19 20 21 22 23 24 25 26 27 28 29 33 34 35 36 37 39 40 41 43 44 45 46 47 48 50 52 53 54 56 57 58 61 63 64 65 66 67 68 69 70 71 72 76 78 79 81 82 83 85 86 87 89 90 91 92 93 94 95 96 97 98 100 101 102 103 104 105 106 108 109 110 111 113 114 115 116 117 118 119 120 7552867698748810532
5 2 0 20 88 7 8 11 13 14 15 17 19 20 21 22 23 24 25 26 27 28 29 33 34 35 36 37 39 40 41 43 44 45 46 47 48 50 52 53 54 56 57 58 61 63 64 65 66 67 68 69 70 71 72 76 78 79 81 82 83 85 86 87 89 90 91 92 93 94 95 96 97 98 100 101 102 103 104 105 106 108 109 110 111 113 114 115 116 117 118 119 120 7552867698748810532
1 3 1 121 36 89 7 8 11 13 14 15 17 19 20 21 22 23 24 25 26 27 28 29 33 34 35 36 37 39 40 41 43 44 45 46 47 48 50 52 53 54 56 57 58 61 63 64 65 66 67 68 69 70 71 72 76 78 79 81 82 83 85 86 87 89 90 91 92 93 94 95 96 97 98 100 101 102 103 104 105 106 108 109 110 111 113 114 115 116 117 118 119 120 121 14363965696444124169
8 1 98 89 7 8 11 13 14 15 17 19 20 21 22 23 24 25 26 27 28 29 33 34 35 36 37 39 40 41 43 44 45 46 47 48 50 52 53 54 56 57 58 61 63 64 65 66 67 68 69 70 71 72 76 78 79 81 82 83 85 86 87 89 90 91 92 93 94 95 96 97 98 100 101 102 103 104 105 106 108 109 110 111 113 114 115 116 117 118 119 120 121 14363965696444124169
4 1 9 89 7 8 11 13 14 15 17 19 20 21 22 23 24 25 26 27 28 29 33 34 35 36 37 39 40 41 43 44 45 46 47 48 50 52 53 54 56 57 58 61 63 64 65 66 67 68 69 70 71 72 76 78 79 81 82 83 85 86 87 89 90 91 92 93 94 95 96 97 98 100 101 102 103 104 105 106 108 109 110 111 113 114 115 116 117 118 119 120 121 14363965696444124169
6 2 3 4 89 7 8 11 13 14 15 17 19 20 21 22 23 24 25 26 27 28 29 33 34 35 36 37 39 40 41 43 44 45 46 47 48 50 52 53 54 56 57 58 61 63 64 65 66 67 68 69 70 71 72 76 78 79 81 82 83 85 86 87 89 90 91 92 93 94 95 96 97 98 100 101 102 103 104 105 106 108 109 110 111 113 114 115 116 117 118 119 120 121 14363965696444124169
3 1 43 88 7 8 11 13 14 15 17 19 20 21 22 23 24 25 26 27 28 29 33 34 35 36 37 39 40 41 43 44 45 46 47 48 50 52 53 54 56 57 58 61 63 64 65 66 67 68 69 70 71 72 76 78 79 81 82 83 85 86 89 90 91 92 93 94 95 96 97 98 100 101 102 103 104 105 106 108 109 110 111 113 114 115 116 117 118 119 120 121 3964205854777932647
6 2 0 51 88 7 8 11 13 14 15 17 19 20 21 22 23 24 25 26 27 28 29 33 34 35 36 37 39 40 41 43 44 45 46 47 48 50 52 53 54 56 57 58 61 63 64 65 66 67 68 69 70 71 72 76 78 79 81 82 83 85 86 89 90 91 92 93 94 95 96 97 98 100 101 102 103 104 105 106 108 109 110 111 113 114 115 116 117 118 119 120 121 3964205854777932647
1 3 1 122 38 89 7 8 11 13 14 15 17 19 20 21 22 23 24 25 26 27 28 29 33 34 35 36 37 39 40 41 43 44 45 46 47 48 50 52 53 54 56 57 58 61 63 64 65 66 67 68 69 70 71 72 76 78 79 81 82 83 85 86 89 90 91 92 93 94 95 96 97 98 100 101 102 103 104 105 106 108 109 110 111 113 114 115 116 117 118 119 120 121 122 5676408172193694566
13 2 68 53 89 7 8 11 13 14 15 17 19 20 21 22 23 24 25 26 27 28 29 33 34 35 36 37 39 40 41 43 44 45 46 47 48 50 52 53 54 56 57 58 61 63 64 65 66 67 68 69 70 71 72 76 78 79 81 82 83 85 86 89 90 91 92 93 94 95 96 97 98 100 101 102 103 104 105 106 108 109 110 111 113 114 115 116 117 118 119 120 121 122 15136183555769139288
4 1 1 89 7 8 11 13 14 15 17 19 20 21 22 23 24 25 26 27 28 29 33 34 35 36 37 39 40 41 43 44 45 46 47 48 50 52 53 54 56 57 58 61 63 64 65 66 67 68 69 70 71 72 76 78 79 81 82 83 85 86 89 90 91 92 93 94 95 96 97 98 100 101 102 103 104 105 106 108 109 110 111 113 114 115 116 117 118 119 120 121 122 15136183555769139288
11 0 89 7 8 11 13 14 15 17 19 20 21 22 23 24 25 26 27 28 29 33 34 35 36 37 39 40 41 43 44 45 46 47 48 50 52 53 54 56 57 58 61 63 64 65 66 67 68 69 70 71 72 76 78 79 81 82 83 85 86 89 90 91 92 93 94 95 96 97 98 100 101 102 103 104 105 106 108 109 110 111 113 114 115 116 117 118 119 120 121 122 15136183555769139288
4 1 0 89 7 8 11 13 14 15 17 19 20 21 22 23 24 25 26 27 28 29 33 34 35 36 37 39 40 41 43 44 45 46 47 48 50 52 53 54 56 57 58 61 63 64 65 66 67 68 69 70 71 72 76 78 79 81 82 83 85 86 89 90 91 92 93 94 95 96 97 98 100 101 102 103 104 105 106 108 109 110 111 113 114 115 116 117 118 119 120 121 122 15136183555769139288
13 2 106 15 89 7 8 11 13 14 15 17 19 20 21 22 23 24 25 26 27 28 29 33 34 35 36 37 39 40 41 43 44 45 46 47 48 50 52 53 54 56 57 58 61 63 64 65 66 67 68 69 70 71 72 76 78 79 81 82 83 85 86 89 90 91 92 93 94 95 96 97 98 100 101 102 103 104 105 106 108 109 110 111 113 114 115 116 117 118 119 120 121 122 13037315203783838330
11 0 89 7 8 11 13 14 15 17 19 20 21 22 23 24 25 26 27 28 29 33 34 35 36 37 39 40 41 43 44 45 46 47 48 50 52 53 54 56 57 58 61 63 64 65 66 67 68 69 70 71 72 76 78 79 81 82 83 85 86 89 90 91 92 93 94 95 96 97 98 100 101 102 103 104 105 106 108 109 110 111 113 114 115 116 117 118 119 120 121 122 13037315203783838330
5 2 7 7 89 7 8 11 13 14 15 17 19 20 21 22 23 24 25 26 27 28 29 33 34 35 36 37 39 40 41 43 44 45 46 47 48 50 52 53 54 56 57 58 61 63 64 65 66 67 68 69 70 71 72 76 78 79 81 82 83 85 86 89 90 91 92 93 94 95 96 97 98 100 101 102 103 104 105 106 108 109 110 111 113 114 115 116 117 118 119 120 121 122 13037315203783838330
6 2 1 25 89 7 8 11 13 14 15 17 19 20 21 22 23 24 25 26 27 28 29 33 34 35 36 37 39 40 41 43 44 45 46 47 48 50 52 53 54 56 57 58 61 63 64 65 66 67 68 69 70 71 72 76 78 79 81 82 83 85 86 89 90 91 92 93 94 95 96 97 98 100 101 102 103 104 105 106 108 109 110 111 113 114 115 116 117 118 119 120 121 122 13037315203783838330
2 2 63 25 89 7 8 11 13 14 15 17 19 20 21 22 23 24 25 26 27 28 29 33 34 35 36 37 39 40 41 43 44 45 46 47 48 50 52 53 54 56 57 58 61 63 64 65 66 67 68 69 70 71 72 76 78 79 81 82 83 85 86 89 90 91 92 93 94 95 96 97 98 100 101 102 103 104 105 106 108 109 110 111 113 114 115 116 117 118 119 120 121 122 13037315203783838330
3 1 38 88 7 8 11 13 14 15 17 19 20 21 22 23 24 25 26 27 28 29 33 34 35 36 37 39 40 41 43 44 45 46 47 48 50 52 53 54 56 57 58 61 63 64 65 66 67 68 69 70 71 72 76 78 79 81 82 83 85 86 89 90 91 92 93 94 95 96 97 98 100 101 102 103 104 105 106 108 109 110 111 113 114 115 116 117 118 119 120 121 9381942131407824827
12 3 26 7 104 88 7 8 11 13 14 15 17 19 20 21 22 23 24 25 26 27 28 29 33 34 35 36 37 39 40 41 43 44 45 46 47 48 50 52 53 54 56 57 58 61 63 64 65 66 67 68 69 70 71 72 76 78 79 81 82 83 85 86 89 90 91 92 93 94 95 96 97 98 100 101 102 103 104 105 106 108 109 110 111 113 114 115 116 117 118 119 120 121 5530216798289351395
7 2 1 4 88 7 8 11 13 14 15 17 19 20 21 22 23 24 25 26 27 28 29 33 34 35 36 37 39 40 41 43 44 45 46 47 48 50 52 53 54 56 57 58 61 63 64 65 66 67 68 69 70 71 72 76 78 79 81 82 83 85 86 89 90 91 92 93 94 95 96 97 98 100 101 102 103 104 105 106 108 109 110 111 113 114 115 116 117 118 119 120 121 5530216798289351395
8 1 103 88 7 8 11 13 14 15 17 19 20 21 22 23 24 25 26 27 28 29 33 34 35 36 37 39 40 41 43 44 45 46 47 48 50 52 53 54 56 57 58 61 63 64 65 66 67 68 69 70 71 72 76 78 79 81 82 83 85 86 89 90 91 92 93 94 95 96 97 98 100 101 102 103 104 105 106 108 109 110 111 113 114 115 116 117 118 119 120 121 5530216798289351395
8 1 35 88 7 8 11 13 14 15 17 19 20 21 22 23 24 25 26 27 28 29 33 34 35 36 37 39 40 41 43 44 45 46 47 48 50 52 53 54 56 57 58 61 63 64 65 66 67 68 69 70 71 72 76 78 79 81 82 83 85 86 89 90 91 92 93 94 95 96 97 98 100 101 102 103 104 105 106 108 109 110 111 113 114 115 116 117 118 119 120 121 5530216798289351395
8 1 79 88 7 8 11 13 14 15 17 19 20 21 22 23 24 25 26 27 28 29 33 34 35 36 37 39 40 41 43 44 45 46 47 48 50 52 53 54 56 57 58 61 63 64 65 66 67 68 69 70 71 72 76 78 79 81 82 83 85 86 89 90 91 92 93 94 95 96 97 98 100 101 102 103 104 105 106 108 109 110 111 113 114 115 116 117 118 119 120 121 5530216798289351395
1 11 3 123 38 44 56 28 94 35 108 72 33 89 7 8 11 13 14 15 17 19 20 21 22 23 24 25 26 27 28 29 33 34 35 36 37 39 40 41 43 44 45 46 47 48 50 52 53 54 56 57 58 61 63 64 65 66 67 68 69 70 71 72 76 78 79 81 82 83 85 86 89 90 91 92 93 94 95 96 97 98 100 101 102 103 104 105 106 108 109 110 111 113 114 115 116 117 118 119 120 121 123 1079642917765433389
3 1 38 88 7 8 11 13 14 15 17 19 20 21 22 23 24 25 26 27 28 29 33 34 35 36 37 39 40 41 43 44 45 46 47 48 50 52 53 54 56 57 58 61 63 64 65 66 67 68 69 70 71 72 76 78 79 81 82 83 85 86 89 90 91 92 93 94 95 96 97 98 100 101 102 103 104 105 106 108 109 110 111 113 114 115 116 117 118 119 120 121 5530216798289351395
9 1 48 88 7 8 11 13 14 15 17 19 20 21 22 23 24 25 26 27 28 29 33 34 35 36 37 39 40 41 43 44 45 46 47 48 50 52 53 54 56 57 58 61 63 64 65 66 67 68 69 70 71 72 76 78 79 81 82 83 85 86 89 90 91 92 93 94 95 96 97 98 100 101 102 103 104 105 106 108 109 110 111 113 114 115 116 117 118 119 120 121 5530216798289351395
13 2 100 34 88 7 8 11 13 14 15 17 19 20 21 22 23 24 25 26 27 28 29 33 34 35 36 37 39 40 41 43 44 45 46 47 48 50 52 53 54 56 57 58 61 63 64 65 66 67 68 69 70 71 72 76 78 79 81 82 83 85 86 89 90 91 92 93 94 95 96 97 98 100 101 102 103 104 105 106 108 109 110 111 113 114 115 116 117 118 119 120 121 11265075096456032610
8 1 110 88 7 8 11 13 14 15 17 19 20 21 22 23 24 25 26 27 28 29 33 34 35 36 37 39 40 41 43 44 45 46 47 48 50 52 53 54 56 57 58 61 63 64 65 66 67 68 69 70 71 72 76 78 79 81 82 83 85 86 89 90 91 92 93 94 95 96 97 98 100 101 102 103 104 105 106 108 109 110 111 113 114 115 116 117 118 119 120 121 11265075096456032610
1 3 1 124 38 89 7 8 11 13 14 15 17 19 20 21 22 23 24 25 26 27 28 29 33 34 35 36 37 39 40 41 43 44 45 46 47 48 50 52 53 54 56 57 58 61 63 64 65 66 67 68 69 70 71 72 76 78 79 81 82 83 85 86 89 90 91 92 93 94 95 96 97 98 100 101 102 103 104 105 106 108 109 110 111 113 114 115 116 117 118 119 120 121 124 14395962914430867159
1 10 3 125 10 70 40 8 105 93 25 48 90 7 8 11 13 14 15 17 19 20 21 22 23 24 25 26 27 28 29 33 34 35 36 37 39 40 41 43 44 45 46 47 48 50 52 53 54 56 57 58 61 63 64 65 66 67 68 69 70 71 72 76 78 79 81 82 83 85 86 89 90 91 92 93 94 95 96 97 98 100 101 102 103 104 105 106 108 109 110 111 113 114 115 116 117 118 119 120 121 124 125 6610569019815375429
1 12 2 126 62 94 15 124 45 43 65 8 13 116 91 7 8 11 13 14 15 17 19 20 21 22 23 24 25 26 27 28 29 33 34 35 36 37 39 40 41 43 44 45 46 47 48 50 52 53 54 56 57 58 61 63 64 65 66 67 68 69 70 71 72 76 78 79 81 82 83 85 86 89 90 91 92 93 94 95 96 97 98 100 101 102 103 104 105 106 108 109 110 111 113 114 115 116 117 118 119 120 121 124 125 126 11137099371896705903
2 2 13 43 91 7 8 11 13 14 15 17 19 20 21 22 23 24 25 26 27 28 29 33 34 35 36 37 39 40 41 43 44 45 46 47 48 50 52 53 54 56 57 58 61 63 64 65 66 67 68 69 70 71 72 76 78 79 81 82 83 85 86 89 90 91 92 93 94 95 96 97 98 100 101 102 103 104 105 106 108 109 110 111 113 114 115 116 117 118 119 120 121 124 125 126 11137099371896705903
3 1 1 91 7 8 11 13 14 15 17 19 20 21 22 23 24 25 26 27 28 29 33 34 35 36 37 39 40 41 43 44 45 46 47 48 50 52 53 54 56 57 58 61 63 64 65 66 67 68 69 70 71 72 76 78 79 81 82 83 85 86 89 90 91 92 93 94 95 96 97 98 100 101 102 103 104 105 106 108 109 110 111 113 114 115 116 117 118 119 120 121 124 125 126 11137099371896705903
1 3 1 127 51 92 7 8 11 13 14 15 17 19 20 21 22 23 24 25 26 27 28 29 33 34 35 36 37 39 40 41 43 44 45 46 47 48 50 52 53 54 56 57 58 61 63 64 65 66 67 68 69 70 71 72 76 78 79 81 82 83 85 86 89 90 91 92 93 94 95 96 97 98 100 101 102 103 104 105 106 108 109 110 111 113 114 115 116 117 118 119 120 121 124 125 126 127 16653851809105358514
2 2 47 0 92 7 8 11 13 14 15 17 19 20 21 22 23 24 25 26 27 28 29 33 34 35 36 37 39 40 41 43 44 45 46 47 48 50 52 53 54 56 57 58 61 63 64 65 66 67 68 69 70 71 72 76 78 79 81 82 83 85 86 89 90 91 92 93 94 95 96 97 98 100 101 102 103 104 105 106 108 109 110 111 113 114 115 116 117 118 119 120 121 124 125 126 127 16653851809105358514
8 1 54 92 7 8 11 13 14 15 17 19 20 21 22 23 24 25 26 27 28 29 33 34 35 36 37 39 40 41 43 44 45 46 47 48 50 52 53 54 56 57 58 61 63 64 65 66 67 68 69 70 71 72 76 78 79 81 82 83 85 86 89 90 91 92 93 94 95 96 97 98 100 101 102 103 104 105 106 108 109 110 111 113 114 115 116 117 118 119 120 121 124 125 126 127 16653851809105358514
9 1 47 92 7 8 11 13 14 15 17 19 20 21 22 23 24 25 26 27 28 29 33 34 35 36 37 39 40 41 43 44 45 46 47 48 50 52 53 54 56 57 58 61 63 64 65 66 67 68 69 70 71 72 76 78 79 81 82 83 85 86 89 90 91 92 93 94 95 96 97 98 100 101 102 103 104 105 106 108 109 110 111 113 114 115 116 117 118 119 120 121 124 125 126 127 16653851809105358514
1 3 1 128 48 93 7 8 11 13 14 15 17 19 20 21 22 23 24 25 26 27 28 29 33 34 35 36 37 39 40 41 43 44 45 46 47 48 50 52 53 54 56 57 58 61 63 64 65 66 67 68 69 70 71 72 76 78 79 81 82 83 85 86 89 90 91 92 93 94 95 96 97 98 100 101 102 103 104 105 106 108 109 110 111 113 114 115 116 117 118 119 120 121 124 125 126 127 128 15820728487766909655
8 1 128 93 7 8 11 13 14 15 17 19 20 21 22 23 24 25 26 27 28 29 33 34 35 36 37 39 40 41 43 44 45 46 47 48 50 52 53 54 56 57 58 61 63 64 65 66 67 68 69 70 71 72 76 78 79 81 82 83 85 86 89 90 91 92 93 94 95 96 97 98 100 101 102 103 104 105 106 108 109 110 111 113 114 115 116 117 118 119 120 121 124 125 126 127 128 15820728487766909655
1 5 3 129 47 13 17 94 7 8 11 13 14 15 17 19 20 21 22 23 24 25 26 27 28 29 33 34 35 36 37 39 40 41 43 44 45 46 47 48 50 52 53 54 56 57 58 61 63 64 65 66 67 68 69 70 71 72 76 78 79 81 82 83 85 86 89 90 91 92 93 94 95 96 97 98 100 101 102 103 104 105 106 108 109 110 111 113 114 115 116 117 118 119 120 121 124 125 126 127 128 129 16344253120224708865
12 3 23 5 36 94 7 8 11 13 14 15 17 19 20 21 22 23 24 25 26 27 28 29 33 34 35 36 37 39 40 41 43 44 45 46 47 48 50 52 53 54 56 57 58 61 63 64 65 66 67 68 69 70 71 72 76 78 79 81 82 83 85 86 89 90 91 92 93 94 95 96 97 98 100 101 102 103 104 105 106 108 109 110 111 113 114 115 116 117 118 119 120 121 124 125 126 127 128 129 6131660886048292220
5 2 4 8 94 7 8 11 13 14 15 17 19 20 21 22 23 24 25 26 27 28 29 33 34 35 36 37 39 40 41 43 44 45 46 47 48 50 52 53 54 56 57 58 61 63 64 65 66 67 68 69 70 71 72 76 78 79 81 82 83 85 86 89 90 91 92 93 94 95 96 97 98 100 101 102 103 104 105 106 108 109 110 111 113 114 115 116 117 118 119 120 121 124 125 126 127 128 129 6131660886048292220
14 1 2 94 7 8 11 13 14 15 17 19 20 21 22 23 24 25 26 27 28 29 33 34 35 36 37 39 40 41 43 44 45 46 47 48 50 52 53 54 56 57 58 61 63 64 65 66 67 68 69 70 71 72 76 78 79 81 82 83 85 86 89 90 91 92 93 94 95 96 97 98 100 101 102 103 104 105 106 108 109 110 111 113 114 115 116 117 118 119 120 121 124 125 126 127 128 129 6131660886048292220
3 1 35 94 7 8 11 13 14 15 17 19 20 21 22 23 24 25 26 27 28 29 33 34 35 36 37 39 40 41 43 44 45 46 47 48 50 52 53 54 56 57 58 61 63 64 65 66 67 68 69 70 71 72 76 78 79 81 82 83 85 86 89 90 91 92 93 94 95 96 97 98 100 101 102 103 104 105 106 108 109 110 111 113 114 115 116 117 118 119 120 121 124 125 126 127 128 129 6131660886048292220
12 3 95 0 34 94 7 8 11 13 14 15 17 19 20 21 22 23 24 25 26 27 28 29 33 34 35 36 37 39 40 41 43 44 45 46 47 48 50 52 53 54 56 57 58 61 63 64 65 66 67 68 69 70 71 72 76 78 79 81 82 83 85 86 89 90 91 92 93 94 95 96 97 98 100 101 102 103 104 105 106 108 109 110 111 113 114 115 116 117 118 119 120 121 124 125 126 127 128 129 10672199337050351389
1 4 3 130 1 45 95 7 8 11 13 14 15 17 19 20 21 22 23 24 25 26 27 28 29 33 34 35 36 37 39 40 41 43 44 45 46 47 48 50 52 53 54 56 57 58 61 63 64 65 66 67 68 69 70 71 72 76 78 79 81 82 83 85 86 89 90 91 92 93 94 95 96 97 98 100 101 102 103 104 105 106 108 109 110 111 113 114 115 116 117 118 119 120 121 124 125 126 127 128 129 130 483441315389431796
14 1 33 95 7 8 11 13 14 15 17 19 20 21 22 23 24 25 26 27 28 29 33 34 35 36 37 39 40 41 43 44 45 46 47 48 50 52 53 54 56 57 58 61 63 64 65 66 67 68 69 70 71 72 76 78 79 81 82 83 85 86 89 90 91 92 93 94 95 96 97 98 100 101 102 103 104 105 106 108 109 110 111 113 114 115 116 117 118 119 120 121 124 125 126 127 128 129 130 483441315389431796
1 3 1 131 61 96 7 8 11 13 14 15 17 19 20 21 22 23 24 25 26 27 28 29 33 34 35 36 37 39 40 41 43 44 45 46 47 48 50 52 53 54 56 57 58 61 63 64 65 66 67 68 69 70 71 72 76 78 79 81 82 83 85 86 89 90 91 92 93 94 95 96 97 98 100 101 102 103 104 105 106 108 109 110 111 113 114 115 116 117 118 119 120 121 124 125 126 127 128 129 130 131 5844966894657055545
13 2 37 28 96 7 8 11 13 14 15 17 19 20 21 22 23 24 25 26 27 28 29 33 34 35 36 37 39 40 41 43 44 45 46 47 48 50 52 53 54 56 57 58 61 63 64 65 66 67 68 69 70 71 72 76 78 79 81 82 83 85 86 89 90 91 92 93 94 95 96 97 98 100 101 102 103 104 105 106 108 109 110 111 113 114 115 116 117 118 119 120 121 124 125 126 127 128 129 130 131 1689610322763364524
1 5 2 132 35 22 56 97 7 8 11 13 14 15 17 19 20 21 22 23 24 25 26 27 28 29 33 34 35 36 37 39 40 41 43 44 45 46 47 48 50 52 53 54 56 57 58 61 63 64 65 66 67 68 69 70 71 72 76 78 79 81 82 83 85 86 89 90 91 92 93 94 95 96 97 98 100 101 102 103 104 105 106 108 109 110 111 113 114 115 116 117 118 119 120 121 124 125 126 127 128 129 130 131 132 1166589656159869624
8 1 24 97 7 8 11 13 14 15 17 19 20 21 22 23 24 25 26 27 28 29 33 34 35 36 37 39 40 41 43 44 45 46 47 48 50 52 53 54 56 57 58 61 63 64 65 66 67 68 69 70 71 72 76 78 79 81 82 83 85 86 89 90 91 92 93 94 95 96 97 98 100 101 102 103 104 105 106 108 109 110 111 113 114 115 116 117 118 119 120 121 124 125 126 127 128 129 130 131 132 1166589656159869624
3 1 49 96 7 8 11 13 14 15 17 19 20 21 22 23 24 25 26 27 28 29 33 34 35 36 37 39 40 41 43 44 45 46 47 48 50 52 53 54 56 57 58 61 63 64 65 66 67 68 69 70 71 72 76 78 79 81 82 83 85 86 89 90 91 92 93 94 95 96 97 98 100 101 102 103 104 105 106 108 109 110 111 113 115 116 117 118 119 120 121 124 125 126 127 128 129 130 131 132 5715384784366506959
14 1 0 96 7 8 11 13 14 15 17 19 20 21 22 23 24 25 26 27 28 29 33 34 35 36 37 39 40 41 43 44 45 46 47 48 50 52 53 54 56 57 58 61 63 64 65 66 67 68 69 70 71 72 76 78 79 81 82 83 85 86 89 90 91 92 93 94 95 96 97 98 100 101 102 103 104 105 106 108 109 110 111 113 115 116 117 118 119 120 121 124 125 126 127 128 129 130 131 132 5715384784366506959
5 2 0 69 96 7 8 11 13 14 15 17 19 20 21 22 23 24 25 26 27 28 29 33 34 35 36 37 39 40 41 43 44 45 46 47 48 50 52 53 54 56 57 58 61 63 64 65 66 67 68 69 70 71 72 76 78 79 81 82 83 85 86 89 90 91 92 93 94 95 96 97 98 100 101 102 103 104 105 106 108 109 110 111 113 115 116 117 118 119 120 121 124 125 126 127 128 129 130 131 132 5715384784366506959
8 1 129 96 7 8 11 13 14 15 17 19 20 21 22 23 24 25 26 27 28 29 33 34 35 36 37 39 40 41 43 44 45 46 47 48 50 52 53 54 56 57 58 61 63 64 65 66 67 68 69 70 71 72 76 78 79 81 82 83 85 86 89 90 91 92 93 94 95 96 97 98 100 101 102 103 104 105 106 108 109 110 111 113 115 116 117 118 119 120 121 124 125 126 127 128 129 130 131 132 5715384784366506959
4 1 16 96 7 8 11 13 14 15 17 19 20 21 22 23 24 25 26 27 28 29 33 34 35 36 37 39 40 41 43 44 45 46 47 48 50 52 53 54 56 57 58 61 63 64 65 66 67 68 69 70 71 72 76 78 79 81 82 83 85 86 89 90 91 92 93 94 95 96 97 98 100 101 102 103 104 105 106 108 109 110 111 113 115 116 117 118 119 120 121 124 125 126 127 128 129 130 131 132 5715384784366506959
1 4 2 133 49 116 97 7 8 11 13 14 15 17 19 20 21 22 23 24 25 26 27 28 29 33 34 35 36 37 39 40 41 43 44 45 46 47 48 50 52 53 54 56 57 58 61 63 64 65 66 67 68 69 70 71 72 76 78 79 81 82 83 85 86 89 90 91 92 93 94 95 96 97 98 100 101 102 103 104 105 106 108 109 110 111 113 115 116 117 118 119 120 121 124 125 126 127 128 129 130 131 132 133 3593373160360559080
3 1 53 97 7 8 11 13 14 15 17 19 20 21 22 23 24 25 26 27 28 29 33 34 35 36 37 39 40 41 43 44 45 46 47 48 50 52 53 54 56 57 58 61 63 64 65 66 67 68 69 70 71 72 76 78 79 81 82 83 85 86 89 90 91 92 93 94 95 96 97 98 100 101 102 103 104 105 106 108 109 110 111 113 115 116 117 118 119 120 121 124 125 126 127 128 129 130 131 132 133 3593373160360559080
13 2 100 46 97 7 8 11 13 14 15 17 19 20 21 22 23 24 25 26 27 28 29 33 34 35 36 37 39 40 41 43 44 45 46 47 48 50 52 53 54 56 57 58 61 63 64 65 66 67 68 69 70 71 72 76 78 79 81 82 83 85 86 89 90 91 92 93 94 95 96 97 98 100 101 102 103 104 105 106 108 109 110 111 113 115 116 117 118 119 120 121 124 125 126 127 128 129 130 131 132 133 2993088956891321679
5 2 8 104 97 7 8 11 13 14 15 17 19 20 21 22 23 24 25 26 27 28 29 33 34 35 36 37 39 40 41 43 44 45 46 47 48 50 52 53 54 56 57 58 61 63 64 65 66 67 68 69 70 71 72 76 78 79 81 82 83 85 86 89 90 91 92 93 94 95 96 97 98 100 101 102 103 104 105 106 108 109 110 111 113 115 116 117 118 119 120 121 124 125 126 127 128 129 130 131 132 133 2993088956891321679
14 1 0 97 7 8 11 13 14 15 17 19 20 21 22 23 24 25 26 27 28 29 33 34 35 36 37 39 40 41 43 44 45 46 47 48 50 52 53 54 56 57 58 61 63 64 65 66 67 68 69 70 71 72 76 78 79 81 82 83 85 86 89 90 91 92 93 94 95 96 97 98 100 101 102 103 104 105 106 108 109 110 111 113 115 116 117 118 119 120 121 124 125 126 127 128 129 130 131 132 133 2993088956891321679
7 2 8 53 97 7 8 11 13 14 15 17 19 20 21 22 23 24 25 26 27 28 29 33 34 35 36 37 39 40 41 43 44 45 46 47 48 50 52 53 54 56 57 58 61 63 64 65 66 67 68 69 70 71 72 76 78 79 81 82 83 85 86 89 90 91 92 93 94 95 96 97 98 100 101 102 103 104 105 106 108 109 110 111 113 115 116 117 118 119 120 121 124 125 126 127 128 129 130 131 132 133 2993088956891321679
3 1 53 97 7 8 11 13 14 15 17 19 20 21 22 23 24 25 26 27 28 29 33 34 35 36 37 39 40 41 43 44 45 46 47 48 50 52 53 54 56 57 58 61 63 64 65 66 67 68 69 70 71 72 76 78 79 81 82 83 85 86 89 90 91 92 93 94 95 96 97 98 100 101 102 103 104 105 106 108 109 110 111 113 115 116 117 118 119 120 121 124 125 126 127 128 129 130 131 132 133 2993088956891321679
9 1 24 97 7 8 11 13 14 15 17 19 20 21 22 23 24 25 26 27 28 29 33 34 35 36 37 39 40 41 43 44 45 46 47 48 50 52 53 54 56 57 58 61 63 64 65 66 67 68 69 70 71 72 76 78 79 81 82 83 85 86 89 90 91 92 93 94 95 96 97 98 100 101 102 103 104 105 106 108 109 110 111 113 115 116 117 118 119 120 121 124 125 126 127 128 129 130 131 132 133 2993088956891321679
1 10 3 134 53 95 46 46 95 93 91 11 98 7 8 11 13 14 15 17 19 20 21 22 23 24 25 26 27 28 29 33 34 35 36 37 39 40 41 43 44 45 46 47 48 50 52 53 54 56 57 58 61 63 64 65 66 67 68 69 70 71 72 76 78 79 81 82 83 85 86 89 90 91 92 93 94 95 96 97 98 100 101 102 103 104 105 106 108 109 110 111 113 115 116 117 118 119 120 121 124 125 126 127 128 129 130 131 132 133 134 13110629298413195388
4 1 16 98 7 8 11 13 14 15 17 19 20 21 22 23 24 25 26 27 28 29 33 34 35 36 37 39 40 41 43 44 45 46 47 48 50 52 53 54 56 57 58 61 63 64 65 66 67 68 69 70 71 72 76 78 79 81 82 83 85 86 89 90 91 92 93 94 95 96 97 98 100 101 102 103 104 105 106 108 109 110 111 113 115 116 117 118 119 120 121 124 125 126 127 128 129 130 131 132 133 134 13110629298413195388
12 3 8 0 108 98 7 8 11 13 14 15 17 19 20 21 22 23 24 25 26 27 28 29 33 34 35 36 37 39 40 41 43 44 45 46 47 48 50 52 53 54 56 57 58 61 63 64 65 66 67 68 69 70 71 72 76 78 79 81 82 83 85 86 89 90 91 92 93 94 95 96 97 98 100 101 102 103 104 105 106 108 109 110 111 113 115 116 117 118 119 120 121 124 125 126 127 128 129 130 131 132 133 134 7200817291571313286
10 0 98 7 8 11 13 14 15 17 19 20 21 22 23 24 25 26 27 28 29 33 34 35 36 37 39 40 41 43 44 45 46 47 48 50 52 53 54 56 57 58 61 63 64 65 66 67 68 69 70 71 72 76 78 79 81 82 83 85 86 89 90 91 92 93 94 95 96 97 98 100 101 102 103 104 105 106 108 109 110 111 113 115 116 117 118 119 120 121 124 125 126 127 128 129 130 131 132 133 134 7200817291571313286
3 1 1 97 7 8 11 13 14 15 17 19 20 21 22 23 24 25 26 27 28 29 33 34 35 36 37 39 40 41 43 44 45 46 47 48 50 52 53 54 56 57 58 61 63 64 65 66 67 68 69 70 71 72 76 78 79 81 82 83 85 86 89 90 91 92 93 94 95 96 97 98 100 101 102 103 104 105 106 108 109 110 111 113 115 116 117 118 119 120 121 124 125 126 127 128 129 131 132 133 134 11728861931013766025
9 1 63 97 7 8 11 13 14 15 17 19 20 21 22 23 24 25 26 27 28 29 33 34 35 36 37 39 40 41 43 44 45 46 47 48 50 52 53 54 56 57 58 61 63 64 65 66 67 68 69 70 71 72 76 78 79 81 82 83 85 86 89 90 91 92 93 94 95 96 97 98 100 101 102 103 104 105 106 108 109 110 111 113 115 116 117 118 119 120 121 124 125 126 127 128 129 131 132 133 134 11728861931013766025
13 2 113 19 97 7 8 11 13 14 15 17 19 20 21 22 23 24 25 26 27 28 29 33 34 35 36 37 39 40 41 43 44 45 46 47 48 50 52 53 54 56 57 58 61 63 64 65 66 67 68 69 70 71 72 76 78 79 81 82 83 85 86 89 90 91 92 93 94 95 96 97 98 100 101 102 103 104 105 106 108 109 110 111 113 115 116 117 118 119 120 121 124 125 126 127 128 129 131 132 133 134 4789474029761227047
3 1 2 96 7 8 11 13 14 15 17 19 20 21 22 23 24 25 26 27 28 29 33 34 35 36 37 39 40 41 43 44 45 46 47 48 50 52 53 54 56 57 58 61 63 64 65 66 67 68 69 70 71 72 76 78 79 81 82 83 85 86 89 90 91 92 93 94 95 96 97 98 100 102 103 104 105 106 108 109 110 111 113 115 116 117 118 119 120 121 124 125 126 127 128 129 131 132 133 134 5595167957817698306
1 12 3 135 24 89 108 83 35 54 90 48 69 76 97 7 8 11 13 14 15 17 19 20 21 22 23 24 25 26 27 28 29 33 34 35 36 37 39 40 41 43 44 45 46 47 48 50 52 53 54 56 57 58 61 63 64 65 66 67 68 69 70 71 72 76 78 79 81 82 83 85 86 89 90 91 92 93 94 95 96 97 98 100 102 103 104 105 106 108 109 110 111 113 115 116 117 118 119 120 121 124 125 126 127 128 129 131 132 133 134 135 8189314767886567233
8 1 126 97 7 8 11 13 14 15 17 19 20 21 22 23 24 25 26 27 28 29 33 34 35 36 37 39 40 41 43 44 45 46 47 48 50 52 53 54 56 57 58 61 63 64 65 66 67 68 69 70 71 72 76 78 79 81 82 83 85 86 89 90 91 92 93 94 95 96 97 98 100 102 103 104 105 106 108 109 110 111 113 115 116 117 118 119 120 121 124 125 126 127 128 129 131 132 133 134 135 8189314767886567233
1 19 3 136 63 7 96 19 78 127 86 97 24 98 124 81 127 24 125 72 125 98 7 8 11 13 14 15 17 19 20 21 22 23 24 25 26 27 28 29 33 34 35 36 37 39 40 41 43 44 45 46 47 48 50 52 53 54 56 57 58 61 63 64 65 66 67 68 69 70 71 72 76 78 79 81 82 83 85 86 89 90 91 92 93 94 95 96 97 98 100 102 103 104 105 106 108 109 110 111 113 115 116 117 118 119 120 121 124 125 126 127 128 129 131 132 133 134 135 136 11340875382597349844
1 19 2 137 2 118 103 96 126 82 128 85 63 105 83 89 45 110 93 105 85 99 7 8 11 13 14 15 17 19 20 21 22 23 24 25 26 27 28 29 33 34 35 36 37 39 40 41 43 44 45 46 47 48 50 52 53 54 56 57 58 61 63 64 65 66 67 68 69 70 71 72 76 78 79 81 82 83 85 86 89 90 91 92 93 94 95 96 97 98 100 102 103 104 105 106 108 109 110 111 113 115 116 117 118 119 120 121 124 125 126 127 128 129 131 132 133 134 135 136 137 10286847957752043162
1 3 3 138 1 100 7 8 11 13 14 15 17 19 20 21 22 23 24 25 26 27 28 29 33 34 35 36 37 39 40 41 43 44 45 46 47 48 50 52 53 54 56 57 58 61 63 64 65 66 67 68 69 70 71 72 76 78 79 81 82 83 85 86 89 90 91 92 93 94 95 96 97 98 100 102 103 104 105 106 108 109 110 111 113 115 116 117 118 119 120 121 124 125 126 127 128 129 131 132 133 134 135 136 137 138 12460944911519647275
10 0 100 7 8 11 13 14 15 17 19 20 21 22 23 24 25 26 27 28 29 33 34 35 36 37 39 40 41 43 44 45 46 47 48 50 52 53 54 56 57 58 61 63 64 65 66 67 68 69 70 71 72 76 78 79 81 82 83 85 86 89 90 91 92 93 94 95 96 97 98 100 102 103 104 105 106 108 109 110 111 113 115 116 117 118 119 120 121 124 125 126 127 128 129 131 132 133 134 135 136 137 138 12460944911519647275
8 1 128 100 7 8 11 13 14 15 17 19 20 21 22 23 24 25 26 27 28 29 33 34 35 36 37 39 40 41 43 44 45 46 47 48 50 52 53 54 56 57 58 61 63 64 65 66 67 68 69 70 71 72 76 78 79 81 82 83 85 86 89 90 91 92 93 94 95 96 97 98 100 102 103 104 105 106 108 109 110 111 113 115 116 117 118 119 120 121 124 125 126 127 128 129 131 132 133 134 135 136 137 138 12460944911519647275
8 1 63 100 7 8 11 13 14 15 17 19 20 21 22 23 24 25 26 27 28 29 33 34 35 36 37 39 40 41 43 44 45 46 47 48 50 52 53 54 56 57 58 61 63 64 65 66 67 68 69 70 71 72 76 78 79 81 82 83 85 86 89 90 91 92 93 94 95 96 97 98 100 102 103 104 105 106 108 109 110 111 113 115 116 117 118 119 120 121 124 125 126 127 128 129 131 132 133 134 135 136 137 138 12460944911519647275
12 3 96 8 26 100 7 8 11 13 14 15 17 19 20 21 22 23 24 25 26 27 28 29 33 34 35 36 37 39 40 41 43 44 45 46 47 48 50 52 53 54 56 57 58 61 63 64 65 66 67 68 69 70 71 72 76 78 79 81 82 83 85 86 89 90 91 92 93 94 95 96 97 98 100 102 103 104 105 106 108 109 110 111 113 115 116 117 118 119 120 121 124 125 126 127 128 129 131 132 133 134 135 136 137 138 5565596501371348511
6 2 13 22 100 7 8 11 13 14 15 17 19 20 21 22 23 24 25 26 27 28 29 33 34 35 36 37 39 40 41 43 44 45 46 47 48 50 52 53 54 56 57 58 61 63 64 65 66 67 68 69 70 71 72 76 78 79 81 82 83 85 86 89 90 91 92 93 94 95 96 97 98 100 102 103 104 105 106 108 109 110 111 113 115 116 117 118 119 120 121 124 125 126 127 128 129 131 132 133 134 135 136 137 138 5565596501371348511
6 2 13 28 100 7 8 11 13 14 15 17 19 20 21 22 23 24 25 26 27 28 29 33 34 35 36 37 39 40 41 43 44 45 46 47 48 50 52 53 54 56 57 58 61 63 64 65 66 67 68 69 70 71 72 76 78 79 81 82 83 85 86 89 90 91 92 93 94 95 96 97 98 100 102 103 104 105 106 108 109 110 111 113 115 116 117 118 119 120 121 124 125 126 127 128 129 131 132 133 134 135 136 137 138 5565596501371348511
1 3 1 139 22 101 7 8 11 13 14 15 17 19 20 21 22 23 24 25 26 27 28 29 33 34 35 36 37 39 40 41 43 44 45 46 47 48 50 52 53 54 56 57 58 61 63 64 65 66 67 68 69 70 71 72 76 78 79 81 82 83 85 86 89 90 91 92 93 94 95 96 97 98 100 102 103 104 105 106 108 109 110 111 113 115 116 117 118 119 120 121 124 125 126 127 128 129 131 132 133 134 135 136 137 138 139 12843831364574480858
5 2 8 24 101 7 8 11 13 14 15 17 19 20 21 22 23 24 25 26 27 28 29 33 34 35 36 37 39 40 41 43 44 45 46 47 48 50 52 53 54 56 57 58 61 63 64 65 66 67 68 69 70 71 72 76 78 79 81 82 83 85 86 89 90 91 92 93 94 95 96 97 98 100 102 103 104 105 106 108 109 110 111 113 115 116 117 118 119 120 121 124 125 126 127 128 129 131 132 133 134 135 136 137 138 139 12843831364574480858
14 1 2 101 7 8 11 13 14 15 17 19 20 21 22 23 24 25 26 27 28 29 33 34 35 36 37 39 40 41 43 44 45 46 47 48 50 52 53 54 56 57 58 61 63 64 65 66 67 68 69 70 71 72 76 78 79 81 82 83 85 86 89 90 91 92 93 94 95 96 97 98 100 102 103 104 105 106 108 109 110 111 113 115 116 117 118 119 120 121 124 125 126 127 128 129 131 132 133 134 135 136 137 138 139 12843831364574480858
5 2 6 35 101 7 8 11 13 14 15 17 19 20 21 22 23 24 25 26 27 28 29 33 34 35 36 37 39 40 41 43 44 45 46 47 48 50 52 53 54 56 57 58 61 63 64 65 66 67 68 69 70 71 72 76 78 79 81 82 83 85 86 89 90 91 92 93 94 95 96 97 98 100 102 103 104 105 106 108 109 110 111 113 115 116 117 118 119 120 121 124 125 126 127 128 129 131 132 133 134 135 136 137 138 139 12843831364574480858
9 1 5 101 7 8 11 13 14 15 17 19 20 21 22 23 24 25 26 27 28 29 33 34 35 36 37 39 40 41 43 44 45 46 47 48 50 52 53 54 56 57 58 61 63 64 65 66 67 68 69 70 71 72 76 78 79 81 82 83 85 86 89 90 91 92 93 94 95 96 97 98 100 102 103 104 105 106 108 109 110 111 113 115 116 117 118 119 120 121 124 125 126 127 128 129 131 132 133 134 135 136 137 138 139 12843831364574480858
1 19 2 140 28 133 44 72 40 47 47 21 131 94 56 56 97 96 85 44 57 102 7 8 11 13 14 15 17 19 20 21 22 23 24 25 26 27 28 29 33 34 35 36 37 39 40 41 43 44 45 46 47 48 50 52 53 54 56 57 58 61 63 64 65 66 67 68 69 70 71 72 76 78 79 81 82 83 85 86 89 90 91 92 93 94 95 96 97 98 100 102 103 104 105 106 108 109 110 111 113 115 116 117 118 119 120 121 124 125 126 127 128 129 131 132 133 134 135 136 137 138 139 140 10486122134833608872
2 2 111 5 102 7 8 11 13 14 15 17 19 20 21 22 23 24 25 26 27 28 29 33 34 35 36 37 39 40 41 43 44 45 46 47 48 50 52 53 54 56 57 58 61 63 64 65 66 67 68 69 70 71 72 76 78 79 81 82 83 85 86 89 90 91 92 93 94 95 96 97 98 100 102 103 104 105 106 108 109 110 111 113 115 116 117 118 119 120 121 124 125 126 127 128 129 131 132 133 134 135 136 137 138 139 140 10486122134833608872
13 2 19 65 102 7 8 11 13 14 15 17 19 20 21 22 23 24 25 26 27 28 29 33 34 35 36 37 39 40 41 43 44 45 46 47 48 50 52 53 54 56 57 58 61 63 64 65 66 67 68 69 70 71 72 76 78 79 81 82 83 85 86 89 90 91 92 93 94 95 96 97 98 100 102 103 104 105 106 108 109 110 111 113 115 116 117 118 119 120 121 124 125 126 127 128 129 131 132 133 134 135 136 137 138 139 140 9893978136114709422
8 1 45 102 7 8 11 13 14 15 17 19 20 21 22 23 24 25 26 27 28 29 33 34 35 36 37 39 40 41 43 44 45 46 47 48 50 52 53 54 56 57 58 61 63 64 65 66 67 68 69 70 71 72 76 78 79 81 82 83 85 86 89 90 91 92 93 94 95 96 97 98 100 102 103 104 105 106 108 109 110 111 113 115 116 117 118 119 120 121 124 125 126 127 128 129 131 132 133 134 135 136 137 138 139 140 9893978136114709422
12 3 134 4 17 102 7 8 11 13 14 15 17 19 20 21 22 23 24 25 26 27 28 29 33 34 35 36 37 39 40 41 43 44 45 46 47 48 50 52 53 54 56 57 58 61 63 64 65 66 67 68 69 70 71 72 76 78 79 81 82 83 85 86 89 90 91 92 93 94 95 96 97 98 100 102 103 104 105 106 108 109 110 111 113 115 116 117 118 119 120 121 124 125 126 127 128 129 131 132 133 134 135 136 137 138 139 140 12335702220661692546
6 2 10 59 102 7 8 11 13 14 15 17 19 20 21 22 23 24 25 26 27 28 29 33 34 35 36 37 39 40 41 43 44 45 46 47 48 50 52 53 54 56 57 58 61 63 64 65 66 67 68 69 70 71 72 76 78 79 81 82 83 85 86 89 90 91 92 93 94 95 96 97 98 100 102 103 104 105 106 108 109 110 111 113 115 116 117 118 119 120 121 124 125 126 127 128 129 131 132 133 134 135 136 137 138 139 140 12335702220661692546
6 2 1 51 102 7 8 11 13 14 15 17 19 20 21 22 23 24 25 26 27 28 29 33 34 35 36 37 39 40 41 43 44 45 46 47 48 50 52 53 54 56 57 58 61 63 64 65 66 67 68 69 70 71 72 76 78 79 81 82 83 85 86 89 90 91 92 93 94 95 96 97 98 100 102 103 104 105 106 108 109 110 111 113 115 116 117 118 119 120 121 124 125 126 127 128 129 131 132 133 134 135 136 137 138 139 140 12335702220661692546
10 0 102 7 8 11 13 14 15 17 19 20 21 22 23 24 25 26 27 28 29 33 34 35 36 37 39 40 41 43 44 45 46 47 48 50 52 53 54 56 57 58 61 63 64 65 66 67 68 69 70 71 72 76 78 79 81 82 83 85 86 89 90 91 92 93 94 95 96 97 98 100 102 103 104 105 106 108 109 110 111 113 115 116 117 118 119 120 121 124 125 126 127 128 129 131 132 133 134 135 136 137 138 139 140 12335702220661692546
14 1 1 102 7 8 11 13 14 15 17 19 20 21 22 23 24 25 26 27 28 29 33 34 35 36 37 39 40 41 43 44 45 46 47 48 50 52 53 54 56 57 58 61 63 64 65 66 67 68 69 70 71 72 76 78 79 81 82 83 85 86 89 90 91 92 93 94 95 96 97 98 100 102 103 104 105 106 108 109 110 111 113 115 116 117 118 119 120 121 124 125 126 127 128 129 131 132 133 134 135 136 137 138 139 140 12335702220661692546
2 2 116 59 102 7 8 11 13 14 15 17 19 20 21 22 23 24 25 26 27 28 29 33 34 35 36 37 39 40 41 43 44 45 46 47 48 50 52 53 54 56 57 58 61 63 64 65 66 67 68 69 70 71 72 76 78 79 81 82 83 85 86 89 90 91 92 93 94 95 96 97 98 100 102 103 104 105 106 108 109 110 111 113 115 116 117 118 119 120 121 124 125 126 127 128 129 131 132 133 134 135 136 137 138 139 140 12335702220661692546
8 1 86 102 7 8 11 13 14 15 17 19 20 21 22 23 24 25 26 27 28 29 33 34 35 36 37 39 40 41 43 44 45 46 47 48 50 52 53 54 56 57 58 61 63 64 65 66 67 68 69 70 71 72 76 78 79 81 82 83 85 86 89 90 91 92 93 94 95 96 97 98 100 102 103 104 105 106 108 109 110 111 113 115 116 117 118 119 120 121 124 125 126 127 128 129 131 132 133 134 135 136 137 138 139 140 12335702220661692546
5 2 9 129 102 7 8 11 13 14 15 17 19 20 21 22 23 24 25 26 27 28 29 33 34 35 36 37 39 40 41 43 44 45 46 47 48 50 52 53 54 56 57 58 61 63 64 65 66 67 68 69 70 71 72 76 78 79 81 82 83 85 86 89 90 91 92 93 94 95 96 97 98 100 102 103 104 105 106 108 109 110 111 113 115 116 117 118 119 120 121 124 125 126 127 128 129 131 132 133 134 135 136 137 138 139 140 12335702220661692546
7 2 9 51 102 7 8 11 13 14 15 17 19 20 21 22 23 24 25 26 27 28 29 33 34 35 36 37 39 40 41 43 44 45 46 47 48 50 52 53 54 56 57 58 61 63 64 65 66 67 68 69 70 71 72 76 78 79 81 82 83 85 86 89 90 91 92 93 94 95 96 97 98 100 102 103 104 105 106 108 109 110 111 113 115 116 117 118 119 120 121 124 125 126 127 128 129 131 132 133 134 135 136 137 138 139 140 12335702220661692546
14 1 1 102 7 8 11 13 14 15 17 19 20 21 22 23 24 25 26 27 28 29 33 34 35 36 37 39 40 41 43 44 45 46 47 48 50 52 53 54 56 57 58 61 63 64 65 66 67 68 69 70 71 72 76 78 79 81 82 83 85 86 89 90 91 92 93 94 95 96 97 98 100 102 103 104 105 106 108 109 110 111 113 115 116 117 118 119 120 121 124 125 126 127 128 129 131 132 133 134 135 136 137 138 139 140 12335702220661692546
13 2 19 115 102 7 8 11 13 14 15 17 19 20 21 22 23 24 25 26 27 28 29 33 34 35 36 37 39 40 41 43 44 45 46 47 48 50 52 53 54 56 57 58 61 63 64 65 66 67 68 69 70 71 72 76 78 79 81 82 83 85 86 89 90 91 92 93 94 95 96 97 98 100 102 103 104 105 106 108 109 110 111 113 115 116 117 118 119 120 121 124 125 126 127 128 129 131 132 133 134 135 136 137 138 139 140 14742925513247170478
8 1 128 102 7 8 11 13 14 15 17 19 20 21 22 23 24 25 26 27 28 29 33 34 35 36 37 39 40 41 43 44 45 46 47 48 50 52 53 54 56 57 58 61 63 64 65 66 67 68 69 70 71 72 76 78 79 81 82 83 85 86 89 90 91 92 93 94 95 96 97 98 100 102 103 104 105 106 108 109 110 111 113 115 116 117 118 119 120 121 124 125 126 127 128 129 131 132 133 134 135 136 137 138 139 140 14742925513247170478
5 2 5 39 102 7 8 11 13 14 15 17 19 20 21 22 23 24 25 26 27 28 29 33 34 35 36 37 39 40 41 43 44 45 46 47 48 50 52 53 54 56 57 58 61 63 64 65 66 67 68 69 70 71 72 76 78 79 81 82 83 85 86 89 90 91 92 93 94 95 96 97 98 100 102 103 104 105 106 108 109 110 111 113 115 116 117 118 119 120 121 124 125 126 127 128 129 131 132 133 134 135 136 137 138 139 140 14742925513247170478
3 1 27 102 7 8 11 13 14 15 17 19 20 21 22 23 24 25 26 27 28 29 33 34 35 36 37 39 40 41 43 44 45 46 47 48 50 52 53 54 56 57 58 61 63 64 65 66 67 68 69 70 71 72 76 78 79 81 82 83 85 86 89 90 91 92 93 94 95 96 97 98 100 102 103 104 105 106 108 109 110 111 113 115 116 117 118 119 120 121 124 125 126 127 128 129 131 132 133 134 135 136 137 138 139 140 14742925513247170478
1 3 1 141 27 103 7 8 11 13 14 15 17 19 20 21 22 23 24 25 26 27 28 29 33 34 35 36 37 39 40 41 43 44 45 46 47 48 50 52 53 54 56 57 58 61 63 64 65 66 67 68 69 70 71 72 76 78 79 81 82 83 85 86 89 90 91 92 93 94 95 96 97 98 100 102 103 104 105 106 108 109 110 111 113 115 116 117 118 119 120 121 124 125 126 127 128 129 131 132 133 134 135 136 137 138 139 140 141 13989006452033993695
8 1 81 103 7 8 11 13 14 15 17 19 20 21 22 23 24 25 26 27 28 29 33 34 35 36 37 39 40 41 43 44 45 46 47 48 50 52 53 54 56 57 58 61 63 64 65 66 67 68 69 70 71 72 76 78 79 81 82 83 85 86 89 90 91 92 93 94 95 96 97 98 100 102 103 104 105 106 108 109 110 111 113 115 116 117 118 119 120 121 124 125 126 127 128 129 131 132 133 134 135 136 137 138 139 140 141 13989006452033993695
14 1 0 103 7 8 11 13 14 15 17 19 20 21 22 23 24 25 26 27 28 29 33 34 35 36 37 39 40 41 43 44 45 46 47 48 50 52 53 54 56 57 58 61 63 64 65 66 67 68 69 70 71 72 76 78 79 81 82 83 85 86 89 90 91 92 93 94 95 96 97 98 100 102 103 104 105 106 108 109 110 111 113 115 116 117 118 119 120 121 124 125 126 127 128 129 131 132 133 134 135 136 137 138 139 140 141 13989006452033993695
3 1 22 102 7 8 11 13 14 15 17 19 20 21 22 23 24 25 26 27 28 29 33 34 35 36 37 39 40 41 43 44 45 46 47 48 50 52 53 54 56 57 58 61 63 64 65 66 67 68 69 70 71 72 76 78 79 81 82 83 85 86 89 90 91 92 93 94 95 96 97 98 100 102 103 104 105 106 108 109 110 111 113 115 116 117 118 119 120 121 124 125 126 127 128 129 131 132 133 134 135 136 137 138 140 141 15143090755636371738
3 1 1 101 7 8 11 13 14 15 17 19 20 21 22 23 24 25 26 27 28 29 33 34 35 36 37 39 40 41 43 44 45 46 47 48 50 52 53 54 56 57 58 61 63 64 65 66 67 68 69 70 71 72 76 78 79 81 82 83 85 86 89 90 91 92 93 94 95 96 97 98 100 102 103 104 105 106 108 109 110 111 113 115 116 117 118 119 120 121 124 125 126 127 128 129 131 132 133 134 135 136 137 140 141 18409238700743540379
12 3 85 1 64 101 7 8 11 13 14 15 17 19 20 21 22 23 24 25 26 27 28 29 33 34 35 36 37 39 40 41 43 44 45 46 47 48 50 52 53 54 56 57 58 61 63 64 65 66 67 68 69 70 71 72 76 78 79 81 82 83 85 86 89 90 91 92 93 94 95 96 97 98 100 102 103 104 105 106 108 109 110 111 113 115 116 117 118 119 120 121 124 125 126 127 128 129 131 132 133 134 135 136 137 140 141 3466685652927644038
10 0 101 7 8 11 13 14 15 17 19 20 21 22 23 24 25 26 27 28 29 33 34 35 36 37 39 40 41 43 44 45 46 47 48 50 52 53 54 56 57 58 61 63 64 65 66 67 68 69 70 71 72 76 78 79 81 82 83 85 86 89 90 91 92 93 94 95 96 97 98 100 102 103 104 105 106 108 109 110 111 113 115 116 117 118 119 120 121 124 125 126 127 128 129 131 132 133 134 135 136 137 140 141 3466685652927644038
5 2 2 79 101 7 8 11 13 14 15 17 19 20 21 22 23 24 25 26 27 28 29 33 34 35 36 37 39 40 41 43 44 45 46 47 48 50 52 53 54 56 57 58 61 63 64 65 66 67 68 69 70 71 72 76 78 79 81 82 83 85 86 89 90 91 92 93 94 95 96 97 98 100 102 103 104 105 106 108 109 110 111 113 115 116 117 118 119 120 121 124 125 126 127 128 129 131 132 133 134 135 136 137 140 141 3466685652927644038
8 1 14 101 7 8 11 13 14 15 17 19 20 21 22 23 24 25 26 27 28 29 33 34 35 36 37 39 40 41 43 44 45 46 47 48 50 52 53 54 56 57 58 61 63 64 65 66 67 68 69 70 71 72 76 78 79 81 82 83 85 86 89 90 91 92 93 94 95 96 97 98 100 102 103 104 105 106 108 109 110 111 113 115 116 117 118 119 120 121 124 125 126 127 128 129 131 132 133 134 135 136 137 140 141 3466685652927644038
3 1 27 100 7 8 11 13 14 15 17 19 20 21 22 23 24 25 26 27 28 29 33 34 35 36 37 39 40 41 43 44 45 46 47 48 50 52 53 54 56 57 58 61 63 64 65 66 67 68 69 70 71 72 76 78 79 81 82 83 85 86 89 90 91 92 93 94 95 96 97 98 100 102 103 104 105 106 108 109 110 111 113 115 116 117 118 119 120 121 124 125 126 127 128 129 131 132 133 134 135 136 137 140 12038331654578936623
1 4 2 142 22 100 101 7 8 11 13 14 15 17 19 20 21 22 23 24 25 26 27 28 29 33 34 35 36 37 39 40 41 43 44 45 46 47 48 50 52 53 54 56 57 58 61 63 64 65 66 67 68 69 70 71 72 76 78 79 81 82 83 85 86 89 90 91 92 93 94 95 96 97 98 100 102 103 104 105 106 108 109 110 111 113 115 116 117 118 119 120 121 124 125 126 127 128 129 131 132 133 134 135 136 137 140 142 9761696827352633504
1 3 1 143 1 102 7 8 11 13 14 15 17 19 20 21 22 23 24 25 26 27 28 29 33 34 35 36 37 39 40 41 43 44 45 46 47 48 50 52 53 54 56 57 58 61 63 64 65 66 67 68 69 70 71 72 76 78 79 81 82 83 85 86 89 90 91 92 93 94 95 96 97 98 100 102 103 104 105 106 108 109 110 111 113 115 116 117 118 119 120 121 124 125 126 127 128 129 131 132 133 134 135 136 137 140 142 143 5147746201060267373
14 1 0 102 7 8 11 13 14 15 17 19 20 21 22 23 24 25 26 27 28 29 33 34 35 36 37 39 40 41 43 44 45 46 47 48 50 52 53 54 56 57 58 61 63 64 65 66 67 68 69 70 71 72 76 78 79 81 82 83 85 86 89 90 91 92 93 94 95 96 97 98 100 102 103 104 105 106 108 109 110 111 113 115 116 117 118 119 120 121 124 125 126 127 128 129 131 132 133 134 135 136 137 140 142 143 5147746201060267373
1 12 3 144 27 67 44 142 58 128 92 132 29 143 103 7 8 11 13 14 15 17 19 20 21 22 23 24 25 26 27 28 29 33 34 35 36 37 39 40 41 43 44 45 46 47 48 50 52 53 54 56 57 58 61 63 64 65 66 67 68 69 70 71 72 76 78 79 81 82 83 85 86 89 90 91 92 93 94 95 96 97 98 100 102 103 104 105 106 108 109 110 111 113 115 116 117 118 119 120 121 124 125 126 127 128 129 131 132 133 134 135 136 137 140 142 143 144 6011363168575252512
9 1 52 103 7 8 11 13 14 15 17 19 20 21 22 23 24 25 26 27 28 29 33 34 35 36 37 39 40 41 43 44 45 46 47 48 50 52 53 54 56 57 58 61 63 64 65 66 67 68 69 70 71 72 76 78 79 81 82 83 85 86 89 90 91 92 93 94 95 96 97 98 100 102 103 104 105 106 108 109 110 111 113 115 116 117 118 119 120 121 124 125 126 127 128 129 131 132 133 134 135 136 137 140 142 143 144 6011363168575252512
13 2 105 41 103 7 8 11 13 14 15 17 19 20 21 22 23 24 25 26 27 28 29 33 34 35 36 37 39 40 41 43 44 45 46 47 48 50 52 53 54 56 57 58 61 63 64 65 66 67 68 69 70 71 72 76 78 79 81 82 83 85 86 89 90 91 92 93 94 95 96 97 98 100 102 103 104 105 106 108 109 110 111 113 115 116 117 118 119 120 121 124 125 126 127 128 129 131 132 133 134 135 136 137 140 142 143 144 12986029677414496564
1 11 2 145 52 93 69 110 111 39 43 110 103 104 7 8 11 13 14 15 17 19 20 21 22 23 24 25 26 27 28 29 33 34 35 36 37 39 40 41 43 44 45 46 47 48 50 52 53 54 56 57 58 61 63 64 65 66 67 68 69 70 71 72 76 78 79 81 82 83 85 86 89 90 91 92 93 94 95 96 97 98 100 102 103 104 105 106 108 109 110 111 113 115 116 117 118 119 120 121 124 125 126 127 128 129 131 132 133 134 135 136 137 140 142 143 144 145 7940510175899099484
14 1 33 104 7 8 11 13 14 15 17 19 20 21 22 23 24 25 26 27 28 29 33 34 35 36 37 39 40 41 43 44 45 46 47 48 50 52 53 54 56 57 58 61 63 64 65 66 67 68 69 70 71 72 76 78 79 81 82 83 85 86 89 90 91 92 93 94 95 96 97 98 100 102 103 104 105 106 108 109 110 111 113 115 116 117 118 119 120 121 124 125 126 127 128 129 131 132 133 134 135 136 137 140 142 143 144 145 7940510175899099484
6 2 11 51 104 7 8 11 13 14 15 17 19 20 21 22 23 24 25 26 27 28 29 33 34 35 36 37 39 40 41 43 44 45 46 47 48 50 52 53 54 56 57 58 61 63 64 65 66 67 68 69 70 71 72 76 78 79 81 82 83 85 86 89 90 91 92 93 94 95 96 97 98 100 102 103 104 105 106 108 109 110 111 113 115 116 117 118 119 120 121 124 125 126 127 128 129 131 132 133 134 135 136 137 140 142 143 144 145 7940510175899099484
6 2 6 35 104 7 8 11 13 14 15 17 19 20 21 22 23 24 25 26 27 28 29 33 34 35 36 37 39 40 41 43 44 45 46 47 48 50 52 53 54 56 57 58 61 63 64 65 66 67 68 69 70 71 72 76 78 79 81 82 83 85 86 89 90 91 92 93 94 95 96 97 98 100 102 103 104 105 106 108 109 110 111 113 115 116 117 118 119 120 121 124 125 126 127 128 129 131 132 133 134 135 136 137 140 142 143 144 145 7940510175899099484
14 1 1 104 7 8 11 13 14 15 17 19 20 21 22 23 24 25 26 27 28 29 33 34 35 36 37 39 40 41 43 44 45 46 47 48 50 52 53 54 56 57 58 61 63 64 65 66 67 68 69 70 71 72 76 78 79 81 82 83 85 86 89 90 91 92 93 94 95 96 97 98 100 102 103 104 105 106 108 109 110 111 113 115 116 117 118 119 120 121 124 125 126 127 128 129 131 132 133 134 135 136 137 140 142 143 144 145 7940510175899099484
1 19 3 146 51 129 128 85 145 54 25 106 13 21 47 115 108 23 52 97 106 105 7 8 11 13 14 15 17 19 20 21 22 23 24 25 26 27 28 29 33 34 35 36 37 39 40 41 43 44 45 46 47 48 50 52 53 54 56 57 58 61 63 64 65 66 67 68 69 70 71 72 76 78 79 81 82 83 85 86 89 90 91 92 93 94 95 96 97 98 100 102 103 104 105 106 108 109 110 111 113 115 116 117 118 119 120 121 124 125 126 127 128 129 131 132 133 134 135 136 137 140 142 143 144 145 146 12828618730478357549
8 1 36 105 7 8 11 13 14 15 17 19 20 21 22 23 24 25 26 27 28 29 33 34 35 36 37 39 40 41 43 44 45 46 47 48 50 52 53 54 56 57 58 61 63 64 65 66 67 68 69 70 71 72 76 78 79 81 82 83 85 86 89 90 91 92 93 94 95 96 97 98 100 102 103 104 105 106 108 109 110 111 113 115 116 117 118 119 120 121 124 125 126 127 128 129 131 132 133 134 135 136 137 140 142 143 144 145 146 12828618730478357549
14 1 2 105 7 8 11 13 14 15 17 19 20 21 22 23 24 25 26 27 28 29 33 34 35 36 37 39 40 41 43 44 45 46 47 48 50 52 53 54 56 57 58 61 63 64 65 66 67 68 69 70 71 72 76 78 79 81 82 83 85 86 89 90 91 92 93 94 95 96 97 98 100 102 103 104 105 106 108 109 110 111 113 115 116 117 118 119 120 121 124 125 126 127 128 129 131 132 133 134 135 136 137 140 142 143 144 145 146 12828618730478357549
8 1 133 105 7 8 11 13 14 15 17 19 20 21 22 23 24 25 26 27 28 29 33 34 35 36 37 39 40 41 43 44 45 46 47 48 50 52 53 54 56 57 58 61 63 64 65 66 67 68 69 70 71 72 76 78 79 81 82 83 85 86 89 90 91 92 93 94 95 96 97 98 100 102 103 104 105 106 108 109 110 111 113 115 116 117 118 119 120 121 124 125 126 127 128 129 131 132 133 134 135 136 137 140 142 143 144 145 146 12828618730478357549
1 4 3 147 35 46 106 7 8 11 13 14 15 17 19 20 21 22 23 24 25 26 27 28 29 33 34 35 36 37 39 40 41 43 44 45 46 47 48 50 52 53 54 56 57 58 61 63 64 65 66 67 68 69 70 71 72 76 78 79 81 82 83 85 86 89 90 91 92 93 94 95 96 97 98 100 102 103 104 105 106 108 109 110 111 113 115 116 117 118 119 120 121 124 125 126 127 128 129 131 132 133 134 135 136 137 140 142 143 144 145 146 147 15511801576441232480
3 1 27 105 7 8 11 13 14 15 17 19 20 21 22 23 24 25 26 27 28 29 33 34 35 36 37 39 40 41 43 44 45 46 47 48 50 52 53 54 56 57 58 61 63 64 65 66 67 68 69 70 71 72 76 78 79 81 82 83 85 86 89 90 91 92 93 94 95 96 97 98 100 102 103 104 105 106 108 109 110 111 113 115 116 117 118 119 120 121 124 125 126 127 128 129 131 132 133 134 135 136 137 140 142 143 145 146 147 17464157304418831775
8 1 83 105 7 8 11 13 14 15 17 19 20 21 22 23 24 25 26 27 28 29 33 34 35 36 37 39 40 41 43 44 45 46 47 48 50 52 53 54 56 57 58 61 63 64 65 66 67 68 69 70 71 72 76 78 79 81 82 83 85 86 89 90 91 92 93 94 95 96 97 98 100 102 103 104 105 106 108 109 110 111 113 115 116 117 118 119 120 121 124 125 126 127 128 129 131 132 133 134 135 136 137 140 142 143 145 146 147 17464157304418831775
1 3 3 148 27 106 7 8 11 13 14 15 17 19 20 21 22 23 24 25 26 27 28 29 33 34 35 36 37 39 40 41 43 44 45 46 47 48 50 52 53 54 56 57 58 61 63 64 65 66 67 68 69 70 71 72 76 78 79 81 82 83 85 86 89 90 91 92 93 94 95 96 97 98 100 102 103 104 105 106 108 109 110 111 113 115 116 117 118 119 120 121 124 125 126 127 128 129 131 132 133 134 135 136 137 140 142 143 145 146 147 148 6220045672315224962
14 1 32 106 7 8 11 13 14 15 17 19 20 21 22 23 24 25 26 27 28 29 33 34 35 36 37 39 40 41 43 44 45 46 47 48 50 52 53 54 56 57 58 61 63 64 65 66 67 68 69 70 71 72 76 78 79 81 82 83 85 86 89 90 91 92 93 94 95 96 97 98 100 102 103 104 105 106 108 109 110 111 113 115 116 117 118 119 120 121 124 125 126 127 128 129 131 132 133 134 135 136 137 140 142 143 145 146 147 148 6220045672315224962
3 1 19 106 7 8 11 13 14 15 17 19 20 21 22 23 24 25 26 27 28 29 33 34 35 36 37 39 40 41 43 44 45 46 47 48 50 52 53 54 56 57 58 61 63 64 65 66 67 68 69 70 71 72 76 78 79 81 82 83 85 86 89 90 91 92 93 94 95 96 97 98 100 102 103 104 105 106 108 109 110 111 113 115 116 117 118 119 120 121 124 125 126 127 128 129 131 132 133 134 135 136 137 140 142 143 145 146 147 148 6220045672315224962
8 1 83 106 7 8 11 13 14 15 17 19 20 21 22 23 24 25 26 27 28 29 33 34 35 36 37 39 40 41 43 44 45 46 47 48 50 52 53 54 56 57 58 61 63 64 65 66 67 68 69 70 71 72 76 78 79 81 82 83 85 86 89 90 91 92 93 94 95 96 97 98 100 102 103 104 105 106 108 109 110 111 113 115 116 117 118 119 120 121 124 125 126 127 128 129 131 132 133 134 135 136 137 140 142 143 145 146 147 148 6220045672315224962
12 3 29 0 143 106 7 8 11 13 14 15 17 19 20 21 22 23 24 25 26 27 28 29 33 34 35 36 37 39 40 41 43 44 45 46 47 48 50 52 53 54 56 57 58 61 63 64 65 66 67 68 69 70 71 72 76 78 79 81 82 83 85 86 89 90 91 92 93 94 95 96 97 98 100 102 103 104 105 106 108 109 110 111 113 115 116 117 118 119 120 121 124 125 126 127 128 129 131 132 133 134 135 136 137 140 142 143 145 146 147 148 9602226886820392327
12 3 134 5 125 106 7 8 11 13 14 15 17 19 20 21 22 23 24 25 26 27 28 29 33 34 35 36 37 39 40 41 43 44 45 46 47 48 50 52 53 54 56 57 58 61 63 64 65 66 67 68 69 70 71 72 76 78 79 81 82 83 85 86 89 90 91 92 93 94 95 96 97 98 100 102 103 104 105 106 108 109 110 111 113 115 116 117 118 119 120 121 124 125 126 127 128 129 131 132 133 134 135 136 137 140 142 143 145 146 147 148 17844148563970703689
2 2 47 19 106 7 8 11 13 14 15 17 19 20 21 22 23 24 25 26 27 28 29 33 34 35 36 37 39 40 41 43 44 45 46 47 48 50 52 53 54 56 57 58 61 63 64 65 66 67 68 69 70 71 72 76 78 79 81 82 83 85 86 89 90 91 92 93 94 95 96 97 98 100 102 103 104 105 106 108 109 110 111 113 115 116 117 118 119 120 121 124 125 126 127 128 129 131 132 133 134 135 136 137 140 142 143 145 146 147 148 17844148563970703689
6 2 11 21 106 7 8 11 13 14 15 17 19 20 21 22 23 24 25 26 27 28 29 33 34 35 36 37 39 40 41 43 44 45 46 47 48 50 52 53 54 56 57 58 61 63 64 65 66 67 68 69 70 71 72 76 78 79 81 82 83 85 86 89 90 91 92 93 94 95 96 97 98 100 102 103 104 105 106 108 109 110 111 113 115 116 117 118 119 120 121 124 125 126 127 128 129 131 132 133 134 135 136 137 140 142 143 145 146 147 148 17844148563970703689
7 2 1 21 106 7 8 11 13 14 15 17 19 20 21 22 23 24 25 26 27 28 29 33 34 35 36 37 39 40 41 43 44 45 46 47 48 50 52 53 54 56 57 58 61 63 64 65 66 67 68 69 70 71 72 76 78 79 81 82 83 85 86 89 90 91 92 93 94 95 96 97 98 100 102 103 104 105 106 108 109 110 111 113 115 116 117 118 119 120 121 124 125 126 127 128 129 131 132 133 134 135 136 137 140 142 143 145 146 147 148 17844148563970703689
3 1 27 105 7 8 11 13 14 15 17 19 20 21 22 23 24 25 26 27 28 29 33 34 35 36 37 39 40 41 43 44 45 46 47 48 50 52 53 54 56 57 58 61 63 64 65 66 67 68 69 70 71 72 76 78 79 81 82 83 85 86 89 90 91 92 93 94 95 96 97 98 100 102 103 104 105 106 108 109 110 111 113 115 116 117 118 119 120 121 124 125 126 127 128 129 131 132 133 134 135 136 137 140 142 143 145 146 147 2624411663136048578
12 3 23 1 19 105 7 8 11 13 14 15 17 19 20 21 22 23 24 25 26 27 28 29 33 34 35 36 37 39 40 41 43 44 45 46 47 48 50 52 53 54 56 57 58 61 63 64 65 66 67 68 69 70 71 72 76 78 79 81 82 83 85 86 89 90 91 92 93 94 95 96 97 98 100 102 103 104 105 106 108 109 110 111 113 115 116 117 118 119 120 121 124 125 126 127 128 129 131 132 133 134 135 136 137 140 142 143 145 146 147 10535857642519775643
1 6 2 149 27 147 23 125 106 7 8 11 13 14 15 17 19 20 21 22 23 24 25 26 27 28 29 33 34 35 36 37 39 40 41 43 44 45 46 47 48 50 52 53 54 56 57 58 61 63 64 65 66 67 68 69 70 71 72 76 78 79 81 82 83 85 86 89 90 91 92 93 94 95 96 97 98 100 102 103 104 105 106 108 109 110 111 113 115 116 117 118 119 120 121 124 125 126 127 128 129 131 132 133 134 135 136 137 140 142 143 145 146 147 149 6266034527141198031
5 2 11 90 106 7 8 11 13 14 15 17 19 20 21 22 23 24 25 26 27 28 29 33 34 35 36 37 39 40 41 43 44 45 46 47 48 50 52 53 54 56 57 58 61 63 64 65 66 67 68 69 70 71 72 76 78 79 81 82 83 85 86 89 90 91 92 93 94 95 96 97 98 100 102 103 104 105 106 108 109 110 111 113 115 116 117 118 119 120 121 124 125 126 127 128 129 131 132 133 134 135 136 137 140 142 143 145 146 147 149 6266034527141198031
11 0 104 7 8 11 13 14 15 17 19 20 21 22 23 24 25 26 27 28 29 33 34 35 36 37 39 40 41 43 44 45 46 47 48 50 52 53 54 56 57 58 61 63 64 65 66 67 68 69 70 71 72 76 78 79 81 82 83 85 86 89 90 91 92 93 94 95 96 97 98 100 102 103 104 105 106 108 109 110 111 115 116 117 118 119 120 121 124 125 126 127 128 129 131 133 134 135 136 137 140 142 143 145 146 147 149 12857499172887303735
12 3 119 1 54 104 7 8 11 13 14 15 17 19 20 21 22 23 24 25 26 27 28 29 33 34 35 36 37 39 40 41 43 44 45 46 47 48 50 52 53 54 56 57 58 61 63 64 65 66 67 68 69 70 71 72 76 78 79 81 82 83 85 86 89 90 91 92 93 94 95 96 97 98 100 102 103 104 105 106 108 109 110 111 115 116 117 118 119 120 121 124 125 126 127 128 129 131 133 134 135 136 137 140 142 143 145 146 147 149 15258146923247459033
14 1 1 104 7 8 11 13 14 15 17 19 20 21 22 23 24 25 26 27 28 29 33 34 35 36 37 39 40 41 43 44 45 46 47 48 50 52 53 54 56 57 58 61 63 64 65 66 67 68 69 70 71 72 76 78 79 81 82 83 85 86 89 90 91 92 93 94 95 96 97 98 100 102 103 104 105 106 108 109 110 111 115 116 117 118 119 120 121 124 125 126 127 128 129 131 133 134 135 136 137 140 142 143 145 146 147 149 15258146923247459033
11 0 104 7 8 11 13 14 15 17 19 20 21 22 23 24 25 26 27 28 29 33 34 35 36 37 39 40 41 43 44 45 46 47 48 50 52 53 54 56 57 58 61 63 64 65 66 67 68 69 70 71 72 76 78 79 81 82 83 85 86 89 90 91 92 93 94 95 96 97 98 100 102 103 104 105 106 108 109 110 111 115 116 117 118 119 120 121 124 125 126 127 128 129 131 133 134 135 136 137 140 142 143 145 146 147 149 15258146923247459033
14 1 18446744073709551615 104 7 8 11 13 14 15 17 19 20 21 22 23 24 25 26 27 28 29 33 34 35 36 37 39 40 41 43 44 45 46 47 48 50 52 53 54 56 57 58 61 63 64 65 66 67 68 69 70 71 72 76 78 79 81 82 83 85 86 89 90 91 92 93 94 95 96 97 98 100 102 103 104 105 106 108 109 110 111 115 116 117 118 119 120 121 124 125 126 127 128 129 131 133 134 135 136 137 140 142 143 145 146 147 149 15258146923247459033
14 1 2 104 7 8 11 13 14 15 17 19 20 21 22 23 24 25 26 27 28 29 33 34 35 36 37 39 40 41 43 44 45 46 47 48 50 52 53 54 56 57 58 61 63 64 65 66 67 68 69 70 71 72 76 78 79 81 82 83 85 86 89 90 91 92 93 94 95 96 97 98 100 102 103 104 105 106 108 109 110 111 115 116 117 118 119 120 121 124 125 126 127 128 129 131 133 134 135 136 137 140 142 143 145 146 147 149 15258146923247459033
12 3 53 0 36 104 7 8 11 13 14 15 17 19 20 21 22 23 24 25 26 27 28 29 33 34 35 36 37 39 40 41 43 44 45 46 47 48 50 52 53 54 56 57 58 61 63 64 65 66 67 68 69 70 71 72 76 78 79 81 82 83 85 86 89 90 91 92 93 94 95 96 97 98 100 102 103 104 105 106 108 109 110 111 115 116 117 118 119 120 121 124 125 126 127 128 129 131 133 134 135 136 137 140 142 143 145 146 147 149 1906319496916935301
5 2 2 67 104 7 8 11 13 14 15 17 19 20 21 22 23 24 25 26 27 28 29 33 34 35 36 37 39 40 41 43 44 45 46 47 48 50 52 53 54 56 57 58 61 63 64 65 66 67 68 69 70 71 72 76 78 79 81 82 83 85 86 89 90 91 92 93 94 95 96 97 98 100 102 103 104 105 106 108 109 110 111 115 116 117 118 119 120 121 124 125 126 127 128 129 131 133 134 135 136 137 140 142 143 145 146 147 149 1906319496916935301
9 1 2 104 7 8 11 13 14 15 17 19 20 21 22 23 24 25 26 27 28 29 33 34 35 36 37 39 40 41 43 44 45 46 47 48 50 52 53 54 56 57 58 61 63 64 65 66 67 68 69 70 71 72 76 78 79 81 82 83 85 86 89 90 91 92 93 94 95 96 97 98 100 102 103 104 105 106 108 109 110 111 115 116 117 118 119 120 121 124 125 126 127 128 129 131 133 134 135 136 137 140 142 143 145 146 147 149 1906319496916935301
8 1 64 104 7 8 11 13 14 15 17 19 20 21 22 23 24 25 26 27 28 29 33 34 35 36 37 39 40 41 43 44 45 46 47 48 50 52 53 54 56 57 58 61 63 64 65 66 67 68 69 70 71 72 76 78 79 81 82 83 85 86 89 90 91 92 93 94 95 96 97 98 100 102 103 104 105 106 108 109 110 111 115 116 117 118 119 120 121 124 125 126 127 128 129 131 133 134 135 136 137 140 142 143 145 146 147 149 1906319496916935301
1 5 3 150 2 128 71 105 7 8 11 13 14 15 17 19 20 21 22 23 24 25 26 27 28 29 33 34 35 36 37 39 40 41 43 44 45 46 47 48 50 52 53 54 56 57 58 61 63 64 65 66 67 68 69 70 71 72 76 78 79 81 82 83 85 86 89 90 91 92 93 94 95 96 97 98 100 102 103 104 105 106 108 109 110 111 115 116 117 118 119 120 121 124 125 126 127 128 129 131 133 134 135 136 137 140 142 143 145 146 147 149 150 2729533545049836065
3 1 52 105 7 8 11 13 14 15 17 19 20 21 22 23 24 25 26 27 28 29 33 34 35 36 37 39 40 41 43 44 45 46 47 48 50 52 53 54 56 57 58 61 63 64 65 66 67 68 69 70 71 72 76 78 79 81 82 83 85 86 89 90 91 92 93 94 95 96 97 98 100 102 103 104 105 106 108 109 110 111 115 116 117 118 119 120 121 124 125 126 127 128 129 131 133 134 135 136 137 140 142 143 145 146 147 149 150 2729533545049836065
14 1 33 105 7 8 11 13 14 15 17 19 20 21 22 23 24 25 26 27 28 29 33 34 35 36 37 39 40 41 43 44 45 46 47 48 50 52 53 54 56 57 58 61 63 64 65 66 67 68 69 70 71 72 76 78 79 81 82 83 85 86 89 90 91 92 93 94 95 96 97 98 100 102 103 104 105 106 108 109 110 111 115 116 117 118 119 120 121 124 125 126 127 128 129 131 133 134 135 136 137 140 142 143 145 146 147 149 150 2729533545049836065
5 2 0 97 105 7 8 11 13 14 15 17 19 20 21 22 23 24 25 26 27 28 29 33 34 35 36 37 39 40 41 43 44 45 46 47 48 50 52 53 54 56 57 58 61 63 64 65 66 67 68 69 70 71 72 76 78 79 81 82 83 85 86 89 90 91 92 93 94 95 96 97 98 100 102 103 104 105 106 108 109 110 111 115 116 117 118 119 120 121 124 125 126 127 128 129 131 133 134 135 136 137 140 142 143 145 146 147 149 150 2729533545049836065
1 5 2 151 52 65 145 106 7 8 11 13 14 15 17 19 20 21 22 23 24 25 26 27 28 29 33 34 35 36 37 39 40 41 43 44 45 46 47 48 50 52 53 54 56 57 58 61 63 64 65 66 67 68 69 70 71 72 76 78 79 81 82 83 85 86 89 90 91 92 93 94 95 96 97 98 100 102 103 104 105 106 108 109 110 111 115 116 117 118 119 120 121 124 125 126 127 128 129 131 133 134 135 136 137 140 142 143 145 146 147 149 150 151 4713466424375063653
14 1 32 106 7 8 11 13 14 15 17 19 20 21 22 23 24 25 26 27 28 29 33 34 35 36 37 39 40 41 43 44 45 46 47 48 50 52 53 54 56 57 58 61 63 64 65 66 67 68 69 70 71 72 76 78 79 81 82 83 85 86 89 90 91 92 93 94 95 96 97 98 100 102 103 104 105 106 108 109 110 111 115 116 117 118 119 120 121 124 125 126 127 128 129 131 133 134 135 136 137 140 142 143 145 146 147 149 150 151 4713466424375063653
12 3 29 3 108 106 7 8 11 13 14 15 17 19 20 21 22 23 24 25 26 27 28 29 33 34 35 36 37 39 40 41 43 44 45 46 47 48 50 52 53 54 56 57 58 61 63 64 65 66 67 68 69 70 71 72 76 78 79 81 82 83 85 86 89 90 91 92 93 94 95 96 97 98 100 102 103 104 105 106 108 109 110 111 115 116 117 118 119 120 121 124 125 126 127 128 129 131 133 134 135 136 137 140 142 143 145 146 147 149 150 151 15665953916290897557
3 1 58 106 7 8 11 13 14 15 17 19 20 21 22 23 24 25 26 27 28 29 33 34 35 36 37 39 40 41 43 44 45 46 47 48 50 52 53 54 56 57 58 61 63 64 65 66 67 68 69 70 71 72 76 78 79 81 82 83 85 86 89 90 91 92 93 94 95 96 97 98 100 102 103 104 105 106 108 109 110 111 115 116 117 118 119 120 121 124 125 126 127 128 129 131 133 134 135 136 137 140 142 143 145 146 147 149 150 151 15665953916290897557
9 1 8 106 7 8 11 13 14 15 17 19 20 21 22 23 24 25 26 27 28 29 33 34 35 36 37 39 40 41 43 44 45 46 47 48 50 52 53 54 56 57 58 61 63 64 65 66 67 68 69 70 71 72 76 78 79 81 82 83 85 86 89 90 91 92 93 94 95 96 97 98 100 102 103 104 105 106 108 109 110 111 115 116 117 118 119 120 121 124 125 126 127 128 129 131 133 134 135 136 137 140 142 143 145 146 147 149 150 151 15665953916290897557
2 2 96 8 106 7 8 11 13 14 15 17 19 20 21 22 23 24 25 26 27 28 29 33 34 35 36 37 39 40 41 43 44 45 46 47 48 50 52 53 54 56 57 58 61 63 64 65 66 67 68 69 70 71 72 76 78 79 81 82 83 85 86 89 90 91 92 93 94 95 96 97 98 100 102 103 104 105 106 108 109 110 111 115 116 117 118 119 120 121 124 125 126 127 128 129 131 133 134 135 136 137 140 142 143 145 146 147 149 150 151 15665953916290897557
7 2 0 58 106 7 8 11 13 14 15 17 19 20 21 22 23 24 25 26 27 28 29 33 34 35 36 37 39 40 41 43 44 45 46 47 48 50 52 53 54 56 57 58 61 63 64 65 66 67 68 69 70 71 72 76 78 79 81 82 83 85 86 89 90 91 92 93 94 95 96 97 98 100 102 103 104 105 106 108 109 110 111 115 116 117 118 119 120 121 124 125 126 127 128 129 131 133 134 135 136 137 140 142 143 145 146 147 149 150 151 15665953916290897557
14 1 33 106 7 8 11 13 14 15 17 19 20 21 22 23 24 25 26 27 28 29 33 34 35 36 37 39 40 41 43 44 45 46 47 48 50 52 53 54 56 57 58 61 63 64 65 66 67 68 69 70 71 72 76 78 79 81 82 83 85 86 89 90 91 92 93 94 95 96 97 98 100 102 103 104 105 106 108 109 110 111 115 116 117 118 119 120 121 124 125 126 127 128 129 131 133 134 135 136 137 140 142 143 145 146 147 149 150 151 15665953916290897557
13 2 129 57 106 7 8 11 13 14 15 17 19 20 21 22 23 24 25 26 27 28 29 33 34 35 36 37 39 40 41 43 44 45 46 47 48 50 52 53 54 56 57 58 61 63 64 65 66 67 68 69 70 71 72 76 78 79 81 82 83 85 86 89 90 91 92 93 94 95 96 97 98 100 102 103 104 105 106 108 109 110 111 115 116 117 118 119 120 121 124 125 126 127 128 129 131 133 134 135 136 137 140 142 143 145 146 147 149 150 151 1196990046048805399
13 2 79 103 106 7 8 11 13 14 15 17 19 20 21 22 23 24 25 26 27 28 29 33 34 35 36 37 39 40 41 43 44 45 46 47 48 50 52 53 54 56 57 58 61 63 64 65 66 67 68 69 70 71 72 76 78 79 81 82 83 85 86 89 90 91 92 93 94 95 96 97 98 100 102 103 104 105 106 108 109 110 111 115 116 117 118 119 120 121 124 125 126 127 128 129 131 133 134 135 136 137 140 142 143 145 146 147 149 150 151 16311084153961185131
3 1 56 106 7 8 11 13 14 15 17 19 20 21 22 23 24 25 26 27 28 29 33 34 35 36 37 39 40 41 43 44 45 46 47 48 50 52 53 54 56 57 58 61 63 64 65 66 67 68 69 70 71 72 76 78 79 81 82 83 85 86 89 90 91 92 93 94 95 96 97 98 100 102 103 104 105 106 108 109 110 111 115 116 117 118 119 120 121 124 125 126 127 128 129 131 133 134 135 136 137 140 142 143 145 146 147 149 150 151 16311084153961185131
1 3 3 152 56 107 7 8 11 13 14 15 17 19 20 21 22 23 24 25 26 27 28 29 33 34 35 36 37 39 40 41 43 44 45 46 47 48 50 52 53 54 56 57 58 61 63 64 65 66 67 68 69 70 71 72 76 78 79 81 82 83 85 86 89 90 91 92 93 94 95 96 97 98 100 102 103 104 105 106 108 109 110 111 115 116 117 118 119 120 121 124 125 126 127 128 129 131 133 134 135 136 137 140 142 143 145 146 147 149 150 151 152 11997901193414112378
6 2 4 31 107 7 8 11 13 14 15 17 19 20 21 22 23 24 25 26 27 28 29 33 34 35 36 37 39 40 41 43 44 45 46 47 48 50 52 53 54 56 57 58 61 63 64 65 66 67 68 69 70 71 72 76 78 79 81 82 83 85 86 89 90 91 92 93 94 95 96 97 98 100 102 103 104 105 106 108 109 110 111 115 116 117 118 119 120 121 124 125 126 127 128 129 131 133 134 135 136 137 140 142 143 145 146 147 149 150 151 152 11997901193414112378
8 1 76 107 7 8 11 13 14 15 17 19 20 21 22 23 24 25 26 27 28 29 33 34 35 36 37 39 40 41 43 44 45 46 47 48 50 52 53 54 56 57 58 61 63 64 65 66 67 68 69 70 71 72 76 78 79 81 82 83 85 86 89 90 91 92 93 94 95 96 97 98 100 102 103 104 105 106 108 109 110 111 115 116 117 118 119 120 121 124 125 126 127 128 129 131 133 134 135 136 137 140 142 143 145 146 147 149 150 151 152 11997901193414112378
3 1 17 107 7 8 11 13 14 15 17 19 20 21 22 23 24 25 26 27 28 29 33 34 35 36 37 39 40 41 43 44 45 46 47 48 50 52 53 54 56 57 58 61 63 64 65 66 67 68 69 70 71 72 76 78 79 81 82 83 85 86 89 90 91 92 93 94 95 96 97 98 100 102 103 104 105 106 108 109 110 111 115 116 117 118 119 120 121 124 125 126 127 128 129 131 133 134 135 136 137 140 142 143 145 146 147 149 150 151 152 11997901193414112378
12 3 68 1 15 107 7 8 11 13 14 15 17 19 20 21 22 23 24 25 26 27 28 29 33 34 35 36 37 39 40 41 43 44 45 46 47 48 50 52 53 54 56 57 58 61 63 64 65 66 67 68 69 70 71 72 76 78 79 81 82 83 85 86 89 90 91 92 93 94 95 96 97 98 100 102 103 104 105 106 108 109 110 111 115 116 117 118 119 120 121 124 125 126 127 128 129 131 133 134 135 136 137 140 142 143 145 146 147 149 150 151 152 9510585245807000604
14 1 1 107 7 8 11 13 14 15 17 19 20 21 22 23 24 25 26 27 28 29 33 34 35 36 37 39 40 41 43 44 45 46 47 48 50 52 53 54 56 57 58 61 63 64 65 66 67 68 69 70 71 72 76 78 79 81 82 83 85 86 89 90 91 92 93 94 95 96 97 98 100 102 103 104 105 106 108 109 110 111 115 116 117 118 119 120 121 124 125 126 127 128 129 131 133 134 135 136 137 140 142 143 145 146 147 149 150 151 152 9510585245807000604
5 2 3 81 107 7 8 11 13 14 15 17 19 20 21 22 23 24 25 26 27 28 29 33 34 35 36 37 39 40 41 43 44 45 46 47 48 50 52 53 54 56 57 58 61 63 64 65 66 67 68 69 70 71 72 76 78 79 81 82 83 85 86 89 90 91 92 93 94 95 96 97 98 100 102 103 104 105 106 108 109 110 111 115 116 117 118 119 120 121 124 125 126 127 128 129 131 133 134 135 136 137 140 142 143 145 146 147 149 150 151 152 9510585245807000604
8 1 61 107 7 8 11 13 14 15 17 19 20 21 22 23 24 25 26 27 28 29 33 34 35 36 37 39 40 41 43 44 45 46 47 48 50 52 53 54 56 57 58 61 63 64 65 66 67 68 69 70 71 72 76 78 79 81 82 83 85 86 89 90 91 92 93 94 95 96 97 98 100 102 103 104 105 106 108 109 110 111 115 116 117 118 119 120 121 124 125 126 127 128 129 131 133 134 135 136 137 140 142 143 145 146 147 149 150 151 152 9510585245807000604
1 11 2 153 17 11 8 125 7 69 41 106 149 108 7 8 11 13 14 15 17 19 20 21 22 23 24 25 26 27 28 29 33 34 35 36 37 39 40 41 43 44 45 46 47 48 50 52 53 54 56 57 58 61 63 64 65 66 67 68 69 70 71 72 76 78 79 81 82 83 85 86 89 90 91 92 93 94 95 96 97 98 100 102 103 104 105 106 108 109 110 111 115 116 117 118 119 120 121 124 125 126 127 128 129 131 133 134 135 136 137 140 142 143 145 146 147 149 150 151 152 153 8809152427253057848
5 2 0 93 108 7 8 11 13 14 15 17 19 20 21 22 23 24 25 26 27 28 29 33 34 35 36 37 39 40 41 43 44 45 46 47 48 50 52 53 54 56 57 58 61 63 64 65 66 67 68 69 70 71 72 76 78 79 81 82 83 85 86 89 90 91 92 93 94 95 96 97 98 100 102 103 104 105 106 108 109 110 111 115 116 117 118 119 120 121 124 125 126 127 128 129 131 133 134 135 136 137 140 142 143 145 146 147 149 150 151 152 153 8809152427253057848
1 3 3 154 31 109 7 8 11 13 14 15 17 19 20 21 22 23 24 25 26 27 28 29 33 34 35 36 37 39 40 41 43 44 45 46 47 48 50 52 53 54 56 57 58 61 63 64 65 66 67 68 69 70 71 72 76 78 79 81 82 83 85 86 89 90 91 92 93 94 95 96 97 98 100 102 103 104 105 106 108 109 110 111 115 116 117 118 119 120 121 124 125 126 127 128 129 131 133 134 135 136 137 140 142 143 145 146 147 149 150 151 152 153 154 5830291418118817805
8 1 90 109 7 8 11 13 14 15 17 19 20 21 22 23 24 25 26 27 28 29 33 34 35 36 37 39 40 41 43 44 45 46 47 48 50 52 53 54 56 57 58 61 63 64 65 66 67 68 69 70 71 72 76 78 79 81 82 83 85 86 89 90 91 92 93 94 95 96 97 98 100 102 103 104 105 106 108 109 110 111 115 116 117 118 119 120 121 124 125 126 127 128 129 131 133 134 135 136 137 140 142 143 145 146 147 149 150 151 152 153 154 5830291418118817805
4 1 16 109 7 8 11 13 14 15 17 19 20 21 22 23 24 25 26 27 28 29 33 34 35 36 37 39 40 41 43 44 45 46 47 48 50 52 53 54 56 57 58 61 63 64 65 66 67 68 69 70 71 72 76 78 79 81 82 83 85 86 89 90 91 92 93 94 95 96 97 98 100 102 103 104 105 106 108 109 110 111 115 116 117 118 119 120 121 124 125 126 127 128 129 131 133 134 135 136 137 140 142 143 145 146 147 149 150 151 152 153 154 5830291418118817805
8 1 115 109 7 8 11 13 14 15 17 19 20 21 22 23 24 25 26 27 28 29 33 34 35 36 37 39 40 41 43 44 45 46 47 48 50 52 53 54 56 57 58 61 63 64 65 66 67 68 69 70 71 72 76 78 79 81 82 83 85 86 89 90 91 92 93 94 95 96 97 98 100 102 103 104 105 106 108 109 110 111 115 116 117 118 119 120 121 124 125 126 127 128 129 131 133 134 135 136 137 140 142 143 145 146 147 149 150 151 152 153 154 5830291418118817805
14 1 8 109 7 8 11 13 14 15 17 19 20 21 22 23 24 25 26 27 28 29 33 34 35 36 37 39 40 41 43 44 45 46 47 48 50 52 53 54 56 57 58 61 63 64 65 66 67 68 69 70 71 72 76 78 79 81 82 83 85 86 89 90 91 92 93 94 95 96 97 98 100 102 103 104 105 106 108 109 110 111 115 116 117 118 119 120 121 124 125 126 127 128 129 131 133 134 135 136 137 140 142 143 145 146 147 149 150 151 152 153 154 5830291418118817805
5 2 3 83 109 7 8 11 13 14 15 17 19 20 21 22 23 24 25 26 27 28 29 33 34 35 36 37 39 40 41 43 44 45 46 47 48 50 52 53 54 56 57 58 61 63 64 65 66 67 68 69 70 71 72 76 78 79 81 82 83 85 86 89 90 91 92 93 94 95 96 97 98 100 102 103 104 105 106 108 109 110 111 115 116 117 118 119 120 121 124 125 126 127 128 129 131 133 134 135 136 137 140 142 143 145 146 147 149 150 151 152 153 154 5830291418118817805
8 1 117 109 7 8 11 13 14 15 17 19 20 21 22 23 24 25 26 27 28 29 33 34 35 36 37 39 40 41 43 44 45 46 47 48 50 52 53 54 56 57 58 61 63 64 65 66 67 68 69 70 71 72 76 78 79 81 82 83 85 86 89 90 91 92 93 94 95 96 97 98 100 102 103 104 105 106 108 109 110 111 115 116 117 118 119 120 121 124 125 126 127 128 129 131 133 134 135 136 137 140 142 143 145 146 147 149 150 151 152 153 154 5830291418118817805
13 2 154 104 109 7 8 11 13 14 15 17 19 20 21 22 23 24 25 26 27 28 29 33 34 35 36 37 39 40 41 43 44 45 46 47 48 50 52 53 54 56 57 58 61 63 64 65 66 67 68 69 70 71 72 76 78 79 81 82 83 85 86 89 90 91 92 93 94 95 96 97 98 100 102 103 104 105 106 108 109 110 111 115 116 117 118 119 120 121 124 125 126 127 128 129 131 133 134 135 136 137 140 142 143 145 146 147 149 150 151 152 153 154 8613806351170897654
9 1 42 109 7 8 11 13 14 15 17 19 20 21 22 23 24 25 26 27 28 29 33 34 35 36 37 39 40 41 43 44 45 46 47 48 50 52 53 54 56 57 58 61 63 64 65 66 67 68 69 70 71 72 76 78 79 81 82 83 85 86 89 90 91 92 93 94 95 96 97 98 100 102 103 104 105 106 108 109 110 111 115 116 117 118 119 120 121 124 125 126 127 128 129 131 133 134 135 136 137 140 142 143 145 146 147 149 150 151 152 153 154 8613806351170897654
3 1 26 109 7 8 11 13 14 15 17 19 20 21 22 23 24 25 26 27 28 29 33 34 35 36 37 39 40 41 43 44 45 46 47 48 50 52 53 54 56 57 58 61 63 64 65 66 67 68 69 70 71 72 76 78 79 81 82 83 85 86 89 90 91 92 93 94 95 96 97 98 100 102 103 104 105 106 108 109 110 111 115 116 117 118 119 120 121 124 125 126 127 128 129 131 133 134 135 136 137 140 142 143 145 146 147 149 150 151 152 153 154 8613806351170897654
1 6 3 155 42 104 104 82 110 7 8 11 13 14 15 17 19 20 21 22 23 24 25 26 27 28 29 33 34 35 36 37 39 40 41 43 44 45 46 47 48 50 52 53 54 56 57 58 61 63 64 65 66 67 68 69 70 71 72 76 78 79 81 82 83 85 86 89 90 91 92 93 94 95 96 97 98 100 102 103 104 105 106 108 109 110 111 115 116 117 118 119 120 121 124 125 126 127 128 129 131 133 134 135 136 137 140 142 143 145 146 147 149 150 151 152 153 154 155 7052134264483989925
3 1 11 110 7 8 11 13 14 15 17 19 20 21 22 23 24 25 26 27 28 29 33 34 35 36 37 39 40 41 43 44 45 46 47 48 50 52 53 54 56 57 58 61 63 64 65 66 67 68 69 70 71 72 76 78 79 81 82 83 85 86 89 90 91 92 93 94 95 96 97 98 100 102 103 104 105 106 108 109 110 111 115 116 117 118 119 120 121 124 125 126 127 128 129 131 133 134 135 136 137 140 142 143 145 146 147 149 150 151 152 153 154 155 7052134264483989925
8 1 145 110 7 8 11 13 14 15 17 19 20 21 22 23 24 25 26 27 28 29 33 34 35 36 37 39 40 41 43 44 45 46 47 48 50 52 53 54 56 57 58 61 63 64 65 66 67 68 69 70 71 72 76 78 79 81 82 83 85 86 89 90 91 92 93 94 95 96 97 98 100 102 103 104 105 106 108 109 110 111 115 116 117 118 119 120 121 124 125 126 127 128 129 131 133 134 135 136 137 140 142 143 145 146 147 149 150 151 152 153 154 155 7052134264483989925
8 1 27 110 7 8 11 13 14 15 17 19 20 21 22 23 24 25 26 27 28 29 33 34 35 36 37 39 40 41 43 44 45 46 47 48 50 52 53 54 56 57 58 61 63 64 65 66 67 68 69 70 71 72 76 78 79 81 82 83 85 86 89 90 91 92 93 94 95 96 97 98 100 102 103 104 105 106 108 109 110 111 115 116 117 118 119 120 121 124 125 126 127 128 129 131 133 134 135 136 137 140 142 143 145 146 147 149 150 151 152 153 154 155 7052134264483989925
2 2 135 26 110 7 8 11 13 14 15 17 19 20 21 22 23 24 25 26 27 28 29 33 34 35 36 37 39 40 41 43 44 45 46 47 48 50 52 53 54 56 57 58 61 63 64 65 66 67 68 69 70 71 72 76 78 79 81 82 83 85 86 89 90 91 92 93 94 95 96 97 98 100 102 103 104 105 106 108 109 110 111 115 116 117 118 119 120 121 124 125 126 127 128 129 131 133 134 135 136 137 140 142 143 145 146 147 149 150 151 152 153 154 155 7052134264483989925
5 2 3 136 110 7 8 11 13 14 15 17 19 20 21 22 23 24 25 26 27 28 29 33 34 35 36 37 39 40 41 43 44 45 46 47 48 50 52 53 54 56 57 58 61 63 64 65 66 67 68 69 70 71 72 76 78 79 81 82 83 85 86 89 90 91 92 93 94 95 96 97 98 100 102 103 104 105 106 108 109 110 111 115 116 117 118 119 120 121 124 125 126 127 128 129 131 133 134 135 136 137 140 142 143 145 146 147 149 150 151 152 153 154 155 7052134264483989925
9 1 47 110 7 8 11 13 14 15 17 19 20 21 22 23 24 25 26 27 28 29 33 34 35 36 37 39 40 41 43 44 45 46 47 48 50 52 53 54 56 57 58 61 63 64 65 66 67 68 69 70 71 72 76 78 79 81 82 83 85 86 89 90 91 92 93 94 95 96 97 98 100 102 103 104 105 106 108 109 110 111 115 116 117 118 119 120 121 124 125 126 127 128 129 131 133 134 135 136 137 140 142 143 145 146 147 149 150 151 152 153 154 155 7052134264483989925
1 4 3 156 47 98 111 7 8 11 13 14 15 17 19 20 21 22 23 24 25 26 27 28 29 33 34 35 36 37 39 40 41 43 44 45 46 47 48 50 52 53 54 56 57 58 61 63 64 65 66 67 68 69 70 71 72 76 78 79 81 82 83 85 86 89 90 91 92 93 94 95 96 97 98 100 102 103 104 105 106 108 109 110 111 115 116 117 118 119 120 121 124 125 126 127 128 129 131 133 134 135 136 137 140 142 143 145 146 147 149 150 151 152 153 154 155 156 8674979379896156843
1 3 1 157 11 112 7 8 11 13 14 15 17 19 20 21 22 23 24 25 26 27 28 29 33 34 35 36 37 39 40 41 43 44 45 46 47 48 50 52 53 54 56 57 58 61 63 64 65 66 67 68 69 70 71 72 76 78 79 81 82 83 85 86 89 90 91 92 93 94 95 96 97 98 100 102 103 104 105 106 108 109 110 111 115 116 117 118 119 120 121 124 125 126 127 128 129 131 133 134 135 136 137 140 142 143 145 146 147 149 150 151 152 153 154 155 156 157 12501797722576785698
10 0 112 7 8 11 13 14 15 17 19 20 21 22 23 24 25 26 27 28 29 33 34 35 36 37 39 40 41 43 44 45 46 47 48 50 52 53 54 56 57 58 61 63 64 65 66 67 68 69 70 71 72 76 78 79 81 82 83 85 86 89 90 91 92 93 94 95 96 97 98 100 102 103 104 105 106 108 109 110 111 115 116 117 118 119 120 121 124 125 126 127 128 129 131 133 134 135 136 137 140 142 143 145 146 147 149 150 151 152 153 154 155 156 157 12501797722576785698
12 3 155 2 52 112 7 8 11 13 14 15 17 19 20 21 22 23 24 25 26 27 28 29 33 34 35 36 37 39 40 41 43 44 45 46 47 48 50 52 53 54 56 57 58 61 63 64 65 66 67 68 69 70 71 72 76 78 79 81 82 83 85 86 89 90 91 92 93 94 95 96 97 98 100 102 103 104 105 106 108 109 110 111 115 116 117 118 119 120 121 124 125 126 127 128 129 131 133 134 135 136 137 140 142 143 145 146 147 149 150 151 152 153 154 155 156 157 17794362695371908020
4 1 9 112 7 8 11 13 14 15 17 19 20 21 22 23 24 25 26 27 28 29 33 34 35 36 37 39 40 41 43 44 45 46 47 48 50 52 53 54 56 57 58 61 63 64 65 66 67 68 69 70 71 72 76 78 79 81 82 83 85 86 89 90 91 92 93 94 95 96 97 98 100 102 103 104 105 106 108 109 110 111 115 116 117 118 119 120 121 124 125 126 127 128 129 131 133 134 135 136 137 140 142 143 145 146 147 149 150 151 152 153 154 155 156 157 17794362695371908020
14 1 33 112 7 8 11 13 14 15 17 19 20 21 22 23 24 25 26 27 28 29 33 34 35 36 37 39 40 41 43 44 45 46 47 48 50 52 53 54 56 57 58 61 63 64 65 66 67 68 69 70 71 72 76 78 79 81 82 83 85 86 89 90 91 92 93 94 95 96 97 98 100 102 103 104 105 106 108 109 110 111 115 116 117 118 119 120 121 124 125 126 127 128 129 131 133 134 135 136 137 140 142 143 145 146 147 149 150 151 152 153 154 155 156 157 17794362695371908020
12 3 79 0 70 112 7 8 11 13 14 15 17 19 20 21 22 23 24 25 26 27 28 29 33 34 35 36 37 39 40 41 43 44 45 46 47 48 50 52 53 54 56 57 58 61 63 64 65 66 67 68 69 70 71 72 76 78 79 81 82 83 85 86 89 90 91 92 93 94 95 96 97 98 100 102 103 104 105 106 108 109 110 111 115 116 117 118 119 120 121 124 125 126 127 128 129 131 133 134 135 136 137 140 142 143 145 146 147 149 150 151 152 153 154 155 156 157 730334103173247168
12 3 76 0 93 112 7 8 11 13 14 15 17 19 20 21 22 23 24 25 26 27 28 29 33 34 35 36 37 39 40 41 43 44 45 46 47 48 50 52 53 54 56 57 58 61 63 64 65 66 67 68 69 70 71 72 76 78 79 81 82 83 85 86 89 90 91 92 93 94 95 96 97 98 100 102 103 104 105 106 108 109 110 111 115 116 117 118 119 120 121 124 125 126 127 128 129 131 133 134 135 136 137 140 142 143 145 146 147 149 150 151 152 153 154 155 156 157 13584640827508198746
12 3 40 7 33 112 7 8 11 13 14 15 17 19 20 21 22 23 24 25 26 27 28 29 33 34 35 36 37 39 40 41 43 44 45 46 47 48 50 52 53 54 56 57 58 61 63 64 65 66 67 68 69 70 71 72 76 78 79 81 82 83 85 86 89 90 91 92 93 94 95 96 97 98 100 102 103 104 105 106 108 109 110 111 115 116 117 118 119 120 121 124 125 126 127 128 129 131 133 134 135 136 137 140 142 143 145 146 147 149 150 151 152 153 154 155 156 157 8557637975917389911
14 1 8 112 7 8 11 13 14 15 17 19 20 21 22 23 24 25 26 27 28 29 33 34 35 36 37 39 40 41 43 44 45 46 47 48 50 52 53 54 56 57 58 61 63 64 65 66 67 68 69 70 71 72 76 78 79 81 82 83 85 86 89 90 91 92 93 94 95 96 97 98 100 102 103 104 105 106 108 109 110 111 115 116 117 118 119 120 121 124 125 126 127 128 129 131 133 134 135 136 137 140 142 143 145 146 147 149 150 151 152 153 154 155 156 157 8557637975917389911
8 1 150 112 7 8 11 13 14 15 17 19 20 21 22 23 24 25 26 27 28 29 33 34 35 36 37 39 40 41 43 44 45 46 47 48 50 52 53 54 56 57 58 61 63 64 65 66 67 68 69 70 71 72 76 78 79 81 82 83 85 86 89 90 91 92 93 94 95 96 97 98 100 102 103 104 105 106 108 109 110 111 115 116 117 118 119 120 121 124 125 126 127 128 129 131 133 134 135 136 137 140 142 143 145 146 147 149 150 151 152 153 154 155 156 157 8557637975917389911
6 2 4 51 112 7 8 11 13 14 15 17 19 20 21 22 23 24 25 26 27 28 29 33 34 35 36 37 39 40 41 43 44 45 46 47 48 50 52 53 54 56 57 58 61 63 64 65 66 67 68 69 70 71 72 76 78 79 81 82 83 85 86 89 90 91 92 93 94 95 96 97 98 100 102 103 104 105 106 108 109 110 111 115 116 117 118 119 120 121 124 125 126 127 128 129 131 133 134 135 136 137 140 142 143 145 146 147 149 150 151 152 153 154 155 156 157 8557637975917389911
1 3 1 158 51 113 7 8 11 13 14 15 17 19 20 21 22 23 24 25 26 27 28 29 33 34 35 36 37 39 40 41 43 44 45 46 47 48 50 52 53 54 56 57 58 61 63 64 65 66 67 68 69 70 71 72 76 78 79 81 82 83 85 86 89 90 91 92 93 94 95 96 97 98 100 102 103 104 105 106 108 109 110 111 115 116 117 118 119 120 121 124 125 126 127 128 129 131 133 134 135 136 137 140 142 143 145 146 147 149 150 151 152 153 154 155 156 157 158 1847097565636390758
13 2 19 118 113 7 8 11 13 14 15 17 19 20 21 22 23 24 25 26 27 28 29 33 34 35 36 37 39 40 41 43 44 45 46 47 48 50 52 53 54 56 57 58 61 63 64 65 66 67 68 69 70 71 72 76 78 79 81 82 83 85 86 89 90 91 92 93 94 95 96 97 98 100 102 103 104 105 106 108 109 110 111 115 116 117 118 119 120 121 124 125 126 127 128 129 131 133 134 135 136 137 140 142 143 145 146 147 149 150 151 152 153 154 155 156 157 158 13901251597841118421
3 1 21 113 7 8 11 13 14 15 17 19 20 21 22 23 24 25 26 27 28 29 33 34 35 36 37 39 40 41 43 44 45 46 47 48 50 52 53 54 56 57 58 61 63 64 65 66 67 68 69 70 71 72 76 78 79 81 82 83 85 86 89 90 91 92 93 94 95 96 97 98 100 102 103 104 105 106 108 109 110 111 115 116 117 118 119 120 121 124 125 126 127 128 129 131 133 134 135 136 137 140 142 143 145 146 147 149 150 151 152 153 154 155 156 157 158 13901251597841118421
8 1 28 113 7 8 11 13 14 15 17 19 20 21 22 23 24 25 26 27 28 29 33 34 35 36 37 39 40 41 43 44 45 46 47 48 50 52 53 54 56 57 58 61 63 64 65 66 67 68 69 70 71 72 76 78 79 81 82 83 85 86 89 90 91 92 93 94 95 96 97 98 100 102 103 104 105 106 108 109 110 111 115 116 117 118 119 120 121 124 125 126 127 128 129 131 133 134 135 136 137 140 142 143 145 146 147 149 150 151 152 153 154 155 156 157 158 13901251597841118421
9 1 7 113 7 8 11 13 14 15 17 19 20 21 22 23 24 25 26 27 28 29 33 34 35 36 37 39 40 41 43 44 45 46 47 48 50 52 53 54 56 57 58 61 63 64 65 66 67 68 69 70 71 72 76 78 79 81 82 83 85 86 89 90 91 92 93 94 95 96 97 98 100 102 103 104 105 106 108 109 110 111 115 116 117 118 119 120 121 124 125 126 127 128 129 131 133 134 135 136 137 140 142 143 145 146 147 149 150 151 152 153 154 155 156 157 158 13901251597841118421
12 3 126 6 146 113 7 8 11 13 14 15 17 19 20 21 22 23 24 25 26 27 28 29 33 34 35 36 37 39 40 41 43 44 45 46 47 48 50 52 53 54 56 57 58 61 63 64 65 66 67 68 69 70 71 72 76 78 79 81 82 83 85 86 89 90 91 92 93 94 95 96 97 98 100 102 103 104 105 106 108 109 110 111 115 116 117 118 119 120 121 124 125 126 127 128 129 131 133 134 135 136 137 140 142 143 145 146 147 149 150 151 152 153 154 155 156 157 158 15410351238505455539
13 2 28 157 113 7 8 11 13 14 15 17 19 20 21 22 23 24 25 26 27 28 29 33 34 35 36 37 39 40 41 43 44 45 46 47 48 50 52 53 54 56 57 58 61 63 64 65 66 67 68 69 70 71 72 76 78 79 81 82 83 85 86 89 90 91 92 93 94 95 96 97 98 100 102 103 104 105 106 108 109 110 111 115 116 117 118 119 120 121 124 125 126 127 128 129 131 133 134 135 136 137 140 142 143 145 146 147 149 150 151 152 153 154 155 156 157 158 14167179732506089407
1 19 3 159 7 108 115 70 45 64 48 24 128 129 39 36 43 45 39 57 95 114 7 8 11 13 14 15 17 19 20 21 22 23 24 25 26 27 28 29 33 34 35 36 37 39 40 41 43 44 45 46 47 48 50 52 53 54 56 57 58 61 63 64 65 66 67 68 69 70 71 72 76 78 79 81 82 83 85 86 89 90 91 92 93 94 95 96 97 98 100 102 103 104 105 106 108 109 110 111 115 116 117 118 119 120 121 124 125 126 127 128 129 131 133 134 135 136 137 140 142 143 145 146 147 149 150 151 152 153 154 155 156 157 158 159 14169855163561761438
6 2 5 48 114 7 8 11 13 14 15 17 19 20 21 22 23 24 25 26 27 28 29 33 34 35 36 37 39 40 41 43 44 45 46 47 48 50 52 53 54 56 57 58 61 63 64 65 66 67 68 69 70 71 72 76 78 79 81 82 83 85 86 89 90 91 92 93 94 95 96 97 98 100 102 103 104 105 106 108 109 110 111 115 116 117 118 119 120 121 124 125 126 127 128 129 131 133 134 135 136 137 140 142 143 145 146 147 149 150 151 152 153 154 155 156 157 158 159 14169855163561761438
5 2 3 11 114 7 8 11 13 14 15 17 19 20 21 22 23 24 25 26 27 28 29 33 34 35 36 37 39 40 41 43 44 45 46 47 48 50 52 53 54 56 57 58 61 63 64 65 66 67 68 69 70 71 72 76 78 79 81 82 83 85 86 89 90 91 92 93 94 95 96 97 98 100 102 103 104 105 106 108 109 110 111 115 116 117 118 119 120 121 124 125 126 127 128 129 131 133 134 135 136 137 140 142 143 145 146 147 149 150 151 152 153 154 155 156 157 158 159 14169855163561761438
14 1 33 114 7 8 11 13 14 15 17 19 20 21 22 23 24 25 26 27 28 29 33 34 35 36 37 39 40 41 43 44 45 46 47 48 50 52 53 54 56 57 58 61 63 64 65 66 67 68 69 70 71 72 76 78 79 81 82 83 85 86 89 90 91 92 93 94 95 96 97 98 100 102 103 104 105 106 108 109 110 111 115 116 117 118 119 120 121 124 125 126 127 128 129 131 133 134 135 136 137 140 142 143 145 146 147 149 150 151 152 153 154 155 156 157 158 159 14169855163561761438
3 1 42 113 7 8 11 13 14 15 17 19 20 21 22 23 24 25 26 27 28 29 33 34 35 36 37 39 40 41 43 44 45 46 47 48 50 52 53 54 56 57 58 61 63 64 65 66 67 68 69 70 71 72 76 78 79 81 82 83 85 86 89 90 91 92 93 94 95 96 97 98 100 102 103 104 105 106 108 109 110 111 115 116 117 118 119 120 121 124 125 126 127 128 129 131 133 134 135 136 137 140 142 143 145 146 147 149 150 151 152 153 154 156 157 158 159 4328627158630440537
1 3 1 160 42 114 7 8 11 13 14 15 17 19 20 21 22 23 24 25 26 27 28 29 33 34 35 36 37 39 40 41 43 44 45 46 47 48 50 52 53 54 56 57 58 61 63 64 65 66 67 68 69 70 71 72 76 78 79 81 82 83 85 86 89 90 91 92 93 94 95 96 97 98 100 102 103 104 105 106 108 109 110 111 115 116 117 118 119 120 121 124 125 126 127 128 129 131 133 134 135 136 137 140 142 143 145 146 147 149 150 151 152 153 154 156 157 158 159 160 10664468955834029444
14 1 32 114 7 8 11 13 14 15 17 19 20 21 22 23 24 25 26 27 28 29 33 34 35 36 37 39 40 41 43 44 45 46 47 48 50 52 53 54 56 57 58 61 63 64 65 66 67 68 69 70 71 72 76 78 79 81 82 83 85 86 89 90 91 92 93 94 95 96 97 98 100 102 103 104 105 106 108 109 110 111 115 116 117 118 119 120 121 124 125 126 127 128 129 131 133 134 135 136 137 140 142 143 145 146 147 149 150 151 152 153 154 156 157 158 159 160 10664468955834029444
1 5 2 161 21 36 63 115 7 8 11 13 14 15 17 19 20 21 22 23 24 25 26 27 28 29 33 34 35 36 37 39 40 41 43 44 45 46 47 48 50 52 53 54 56 57 58 61 63 64 65 66 67 68 69 70 71 72 76 78 79 81 82 83 85 86 89 90 91 92 93 94 95 96 97 98 100 102 103 104 105 106 108 109 110 111 115 116 117 118 119 120 121 124 125 126 127 128 129 131 133 134 135 136 137 140 142 143 145 146 147 149 150 151 152 153 154 156 157 158 159 160 161 8925519375803876239
13 2 61 76 115 7 8 11 13 14 15 17 19 20 21 22 23 24 25 26 27 28 29 33 34 35 36 37 39 40 41 43 44 45 46 47 48 50 52 53 54 56 57 58 61 63 64 65 66 67 68 69 70 71 72 76 78 79 81 82 83 85 86 89 90 91 92 93 94 95 96 97 98 100 102 103 104 105 106 108 109 110 111 115 116 117 118 119 120 121 124 125 126 127 128 129 131 133 134 135 136 137 140 142 143 145 146 147 149 150 151 152 153 154 156 157 158 159 160 161 17924104500762832480
1 11 3 162 48 56 158 70 91 53 152 76 160 116 7 8 11 13 14 15 17 19 20 21 22 23 24 25 26 27 28 29 33 34 35 36 37 39 40 41 43 44 45 46 47 48 50 52 53 54 56 57 58 61 63 64 65 66 67 68 69 70 71 72 76 78 79 81 82 83 85 86 89 90 91 92 93 94 95 96 97 98 100 102 103 104 105 106 108 109 110 111 115 116 117 118 119 120 121 124 125 126 127 128 129 131 133 134 135 136 137 140 142 143 145 146 147 149 150 151 152 153 154 156 157 158 159 160 161 162 3411088494774059157
8 1 145 116 7 8 11 13 14 15 17 19 20 21 22 23 24 25 26 27 28 29 33 34 35 36 37 39 40 41 43 44 45 46 47 48 50 52 53 54 56 57 58 61 63 64 65 66 67 68 69 70 71 72 76 78 79 81 82 83 85 86 89 90 91 92 93 94 95 96 97 98 100 102 103 104 105 106 108 109 110 111 115 116 117 118 119 120 121 124 125 126 127 128 129 131 133 134 135 136 137 140 142 143 145 146 147 149 150 151 152 153 154 156 157 158 159 160 161 162 3411088494774059157
3 1 53 115 7 8 11 13 14 15 17 19 20 21 22 23 24 25 26 27 28 29 33 34 35 36 37 39 40 41 43 44 45 46 47 48 50 52 53 54 56 57 58 61 63 64 65 66 67 68 69 70 71 72 76 78 79 81 82 83 85 86 89 90 91 92 93 94 95 96 97 98 100 102 103 104 105 106 108 109 110 111 115 116 117 118 119 120 121 124 125 126 127 128 129 131 133 135 136 137 140 142 143 145 146 147 149 150 151 152 153 154 156 157 158 159 160 161 162 17874395759800644808
8 1 65 115 7 8 11 13 14 15 17 19 20 21 22 23 24 25 26 27 28 29 33 34 35 36 37 39 40 41 43 44 45 46 47 48 50 52 53 54 56 57 58 61 63 64 65 66 67 68 69 70 71 72 76 78 79 81 82 83 85 86 89 90 91 92 93 94 95 96 97 98 100 102 103 104 105 106 108 109 110 111 115 116 117 118 119 120 121 124 125 126 127 128 129 131 133 135 136 137 140 142 143 145 146 147 149 150 151 152 153 154 156 157 158 159 160 161 162 17874395759800644808
5 2 5 21 115 7 8 11 13 14 15 17 19 20 21 22 23 24 25 26 27 28 29 33 34 35 36 37 39 40 41 43 44 45 46 47 48 50 52 53 54 56 57 58 61 63 64 65 66 67 68 69 70 71 72 76 78 79 81 82 83 85 86 89 90 91 92 93 94 95 96 97 98 100 102 103 104 105 106 108 109 110 111 115 116 117 118 119 120 121 124 125 126 127 128 129 131 133 135 136 137 140 142 143 145 146 147 149 150 151 152 153 154 156 157 158 159 160 161 162 17874395759800644808
1 12 2 163 53 158 56 160 109 158 146 81 79 156 116 7 8 11 13 14 15 17 19 20 21 22 23 24 25 26 27 28 29 33 34 35 36 37 39 40 41 43 44 45 46 47 48 50 52 53 54 56 57 58 61 63 64 65 66 67 68 69 70 71 72 76 78 79 81 82 83 85 86 89 90 91 92 93 94 95 96 97 98 100 102 103 104 105 106 108 109 110 111 115 116 117 118 119 120 121 124 125 126 127 128 129 131 133 135 136 137 140 142 143 145 146 147 149 150 151 152 153 154 156 157 158 159 160 161 162 163 4716231894719459898
14 1 32 116 7 8 11 13 14 15 17 19 20 21 22 23 24 25 26 27 28 29 33 34 35 36 37 39 40 41 43 44 45 46 47 48 50 52 53 54 56 57 58 61 63 64 65 66 67 68 69 70 71 72 76 78 79 81 82 83 85 86 89 90 91 92 93 94 95 96 97 98 100 102 103 104 105 106 108 109 110 111 115 116 117 118 119 120 121 124 125 126 127 128 129 131 133 135 136 137 140 142 143 145 146 147 149 150 151 152 153 154 156 157 158 159 160 161 162 163 4716231894719459898
5 2 6 20 116 7 8 11 13 14 15 17 19 20 21 22 23 24 25 26 27 28 29 33 34 35 36 37 39 40 41 43 44 45 46 47 48 50 52 53 54 56 57 58 61 63 64 65 66 67 68 69 70 71 72 76 78 79 81 82 83 85 86 89 90 91 92 93 94 95 96 97 98 100 102 103 104 105 106 108 109 110 111 115 116 117 118 119 120 121 124 125 126 127 128 129 131 133 135 136 137 140 142 143 145 146 147 149 150 151 152 153 154 156 157 158 159 160 161 162 163 4716231894719459898
8 1 120 116 7 8 11 13 14 15 17 19 20 21 22 23 24 25 26 27 28 29 33 34 35 36 37 39 40 41 43 44 45 46 47 48 50 52 53 54 56 57 58 61 63 64 65 66 67 68 69 70 71 72 76 78 79 81 82 83 85 86 89 90 91 92 93 94 95 96 97 98 100 102 103 104 105 106 108 109 110 111 115 116 117 118 119 120 121 124 125 126 127 128 129 131 133 135 136 137 140 142 143 145 146 147 149 150 151 152 153 154 156 157 158 159 160 161 162 163 4716231894719459898
11 0 116 7 8 11 13 14 15 17 19 20 21 22 23 24 25 26 27 28 29 33 34 35 36 37 39 40 41 43 44 45 46 47 48 50 52 53 54 56 57 58 61 63 64 65 66 67 68 69 70 71 72 76 78 79 81 82 83 85 86 89 90 91 92 93 94 95 96 97 98 100 102 103 104 105 106 108 109 110 111 115 116 117 118 119 120 121 124 125 126 127 128 129 131 133 135 136 137 140 142 143 145 146 147 149 150 151 152 153 154 156 157 158 159 160 161 162 163 4716231894719459898
11 0 116 7 8 11 13 14 15 17 19 20 21 22 23 24 25 26 27 28 29 33 34 35 36 37 39 40 41 43 44 45 46 47 48 50 52 53 54 56 57 58 61 63 64 65 66 67 68 69 70 71 72 76 78 79 81 82 83 85 86 89 90 91 92 93 94 95 96 97 98 100 102 103 104 105 106 108 109 110 111 115 116 117 118 119 120 121 124 125 126 127 128 129 131 133 135 136 137 140 142 143 145 146 147 149 150 151 152 153 154 156 157 158 159 160 161 162 163 4716231894719459898
14 1 18446744073709551615 116 7 8 11 13 14 15 17 19 20 21 22 23 24 25 26 27 28 29 33 34 35 36 37 39 40 41 43 44 45 46 47 48 50 52 53 54 56 57 58 61 63 64 65 66 67 68 69 70 71 72 76 78 79 81 82 83 85 86 89 90 91 92 93 94 95 96 97 98 100 102 103 104 105 106 108 109 110 111 115 116 117 118 119 120 121 124 125 126 127 128 129 131 133 135 136 137 140 142 143 145 146 147 149 150 151 152 153 154 156 157 158 159 160 161 162 163 4716231894719459898
3 1 21 115 7 8 11 13 14 15 17 19 20 21 22 23 24 25 26 27 28 29 33 34 35 36 37 39 40 41 43 44 45 46 47 48 50 52 53 54 56 57 58 61 63 64 65 66 67 68 69 70 71 72 76 78 79 81 82 83 85 86 89 90 91 92 93 94 95 96 97 98 100 102 103 104 105 106 108 109 110 111 115 116 117 118 119 120 121 124 125 126 127 128 129 131 133 135 136 137 140 142 143 145 146 147 149 150 151 152 153 154 156 157 158 159 160 162 163 3850574179981342001
9 1 32 115 7 8 11 13 14 15 17 19 20 21 22 23 24 25 26 27 28 29 33 34 35 36 37 39 40 41 43 44 45 46 47 48 50 52 53 54 56 57 58 61 63 64 65 66 67 68 69 70 71 72 76 78 79 81 82 83 85 86 89 90 91 92 93 94 95 96 97 98 100 102 103 104 105 106 108 109 110 111 115 116 117 118 119 120 121 124 125 126 127 128 129 131 133 135 136 137 140 142 143 145 146 147 149 150 151 152 153 154 156 157 158 159 160 162 163 3850574179981342001
12 3 147 0 117 115 7 8 11 13 14 15 17 19 20 21 22 23 24 25 26 27 28 29 33 34 35 36 37 39 40 41 43 44 45 46 47 48 50 52 53 54 56 57 58 61 63 64 65 66 67 68 69 70 71 72 76 78 79 81 82 83 85 86 89 90 91 92 93 94 95 96 97 98 100 102 103 104 105 106 108 109 110 111 115 116 117 118 119 120 121 124 125 126 127 128 129 131 133 135 136 137 140 142 143 145 146 147 149 150 151 152 153 154 156 157 158 159 160 162 163 5386851409071469064
2 2 110 21 115 7 8 11 13 14 15 17 19 20 21 22 23 24 25 26 27 28 29 33 34 35 36 37 39 40 41 43 44 45 46 47 48 50 52 53 54 56 57 58 61 63 64 65 66 67 68 69 70 71 72 76 78 79 81 82 83 85 86 89 90 91 92 93 94 95 96 97 98 100 102 103 104 105 106 108 109 110 111 115 116 117 118 119 120 121 124 125 126 127 128 129 131 133 135 136 137 140 142 143 145 146 147 149 150 151 152 153 154 156 157 158 159 160 162 163 5386851409071469064
6 2 6 4 115 7 8 11 13 14 15 17 19 20 21 22 23 24 25 26 27 28 29 33 34 35 36 37 39 40 41 43 44 45 46 47 48 50 52 53 54 56 57 58 61 63 64 65 66 67 68 69 70 71 72 76 78 79 81 82 83 85 86 89 90 91 92 93 94 95 96 97 98 100 102 103 104 105 106 108 109 110 111 115 116 117 118 119 120 121 124 125 126 127 128 129 131 133 135 136 137 140 142 143 145 146 147 149 150 151 152 153 154 156 157 158 159 160 162 163 5386851409071469064
6 2 1 61 115 7 8 11 13 14 15 17 19 20 21 22 23 24 25 26 27 28 29 33 34 35 36 37 39 40 41 43 44 45 46 47 48 50 52 53 54 56 57 58 61 63 64 65 66 67 68 69 70 71 72 76 78 79 81 82 83 85 86 89 90 91 92 93 94 95 96 97 98 100 102 103 104 105 106 108 109 110 111 115 116 117 118 119 120 121 124 125 126 127 128 129 131 133 135 136 137 140 142 143 145 146 147 149 150 151 152 153 154 156 157 158 159 160 162 163 5386851409071469064
2 2 146 32 115 7 8 11 13 14 15 17 19 20 21 22 23 24 25 26 27 28 29 33 34 35 36 37 39 40 41 43 44 45 46 47 48 50 52 53 54 56 57 58 61 63 64 65 66 67 68 69 70 71 72 76 78 79 81 82 83 85 86 89 90 91 92 93 94 95 96 97 98 100 102 103 104 105 106 108 109 110 111 115 116 117 118 119 120 121 124 125 126 127 128 129 131 133 135 136 137 140 142 143 145 146 147 149 150 151 152 153 154 156 157 158 159 160 162 163 5386851409071469064
14 1 32 115 7 8 11 13 14 15 17 19 20 21 22 23 24 25 26 27 28 29 33 34 35 36 37 39 40 41 43 44 45 46 47 48 50 52 53 54 56 57 58 61 63 64 65 66 67 68 69 70 71 72 76 78 79 81 82 83 85 86 89 90 91 92 93 94 95 96 97 98 100 102 103 104 105 106 108 109 110 111 115 116 117 118 119 120 121 124 125 126 127 128 129 131 133 135 136 137 140 142 143 145 146 147 149 150 151 152 153 154 156 157 158 159 160 162 163 5386851409071469064
8 1 146 115 7 8 11 13 14 15 17 19 20 21 22 23 24 25 26 27 28 29 33 34 35 36 37 39 40 41 43 44 45 46 47 48 50 52 53 54 56 57 58 61 63 64 65 66 67 68 69 70 71 72 76 78 79 81 82 83 85 86 89 90 91 92 93 94 95 96 97 98 100 102 103 104 105 106 108 109 110 111 115 116 117 118 119 120 121 124 125 126 127 128 129 131 133 135 136 137 140 142 143 145 146 147 149 150 151 152 153 154 156 157 158 159 160 162 163 5386851409071469064
1 3 1 164 61 116 7 8 11 13 14 15 17 19 20 21 22 23 24 25 26 27 28 29 33 34 35 36 37 39 40 41 43 44 45 46 47 48 50 52 53 54 56 57 58 61 63 64 65 66 67 68 69 70 71 72 76 78 79 81 82 83 85 86 89 90 91 92 93 94 95 96 97 98 100 102 103 104 105 106 108 109 110 111 115 116 117 118 119 120 121 124 125 126 127 128 129 131 133 135 136 137 140 142 143 145 146 147 149 150 151 152 153 154 156 157 158 159 160 162 163 164 6387495020109429725
8 1 131 116 7 8 11 13 14 15 17 19 20 21 22 23 24 25 26 27 28 29 33 34 35 36 37 39 40 41 43 44 45 46 47 48 50 52 53 54 56 57 58 61 63 64 65 66 67 68 69 70 71 72 76 78 79 81 82 83 85 86 89 90 91 92 93 94 95 96 97 98 100 102 103 104 105 106 108 109 110 111 115 116 117 118 119 120 121 124 125 126 127 128 129 131 133 135 136 137 140 142 143 145 146 147 149 150 151 152 153 154 156 157 158 159 160 162 163 164 6387495020109429725
12 3 162 2 64 116 7 8 11 13 14 15 17 19 20 21 22 23 24 25 26 27 28 29 33 34 35 36 37 39 40 41 43 44 45 46 47 48 50 52 53 54 56 57 58 61 63 64 65 66 67 68 69 70 71 72 76 78 79 81 82 83 85 86 89 90 91 92 93 94 95 96 97 98 100 102 103 104 105 106 108 109 110 111 115 116 117 118 119 120 121 124 125 126 127 128 129 131 133 135 136 137 140 142 143 145 146 147 149 150 151 152 153 154 156 157 158 159 160 162 163 164 6811554097141020627
3 1 6 116 7 8 11 13 14 15 17 19 20 21 22 23 24 25 26 27 28 29 33 34 35 36 37 39 40 41 43 44 45 46 47 48 50 52 53 54 56 57 58 61 63 64 65 66 67 68 69 70 71 72 76 78 79 81 82 83 85 86 89 90 91 92 93 94 95 96 97 98 100 102 103 104 105 106 108 109 110 111 115 116 117 118 119 120 121 124 125 126 127 128 129 131 133 135 136 137 140 142 143 145 146 147 149 150 151 152 153 154 156 157 158 159 160 162 163 164 6811554097141020627
8 1 61 116 7 8 11 13 14 15 17 19 20 21 22 23 24 25 26 27 28 29 33 34 35 36 37 39 40 41 43 44 45 46 47 48 50 52 53 54 56 57 58 61 63 64 65 66 67 68 69 70 71 72 76 78 79 81 82 83 85 86 89 90 91 92 93 94 95 96 97 98 100 102 103 104 105 106 108 109 110 111 115 116 117 118 119 120 121 124 125 126 127 128 129 131 133 135 136 137 140 142 143 145 146 147 149 150 151 152 153 154 156 157 158 159 160 162 163 164 6811554097141020627
1 3 1 165 6 117 7 8 11 13 14 15 17 19 20 21 22 23 24 25 26 27 28 29 33 34 35 36 37 39 40 41 43 44 45 46 47 48 50 52 53 54 56 57 58 61 63 64 65 66 67 68 69 70 71 72 76 78 79 81 82 83 85 86 89 90 91 92 93 94 95 96 97 98 100 102 103 104 105 106 108 109 110 111 115 116 117 118 119 120 121 124 125 126 127 128 129 131 133 135 136 137 140 142 143 145 146 147 149 150 151 152 153 154 156 157 158 159 160 162 163 164 165 8029758143498075946
4 1 1 117 7 8 11 13 14 15 17 19 20 21 22 23 24 25 26 27 28 29 33 34 35 36 37 39 40 41 43 44 45 46 47 48 50 52 53 54 56 57 58 61 63 64 65 66 67 68 69 70 71 72 76 78 79 81 82 83 85 86 89 90 91 92 93 94 95 96 97 98 100 102 103 104 105 106 108 109 110 111 115 116 117 118 119 120 121 124 125 126 127 128 129 131 133 135 136 137 140 142 143 145 146 147 149 150 151 152 153 154 156 157 158 159 160 162 163 164 165 8029758143498075946
1 4 3 166 4 160 118 7 8 11 13 14 15 17 19 20 21 22 23 24 25 26 27 28 29 33 34 35 36 37 39 40 41 43 44 45 46 47 48 50 52 53 54 56 57 58 61 63 64 65 66 67 68 69 70 71 72 76 78 79 81 82 83 85 86 89 90 91 92 93 94 95 96 97 98 100 102 103 104 105 106 108 109 110 111 115 116 117 118 119 120 121 124 125 126 127 128 129 131 133 135 136 137 140 142 143 145 146 147 149 150 151 152 153 154 156 157 158 159 160 162 163 164 165 166 16500593129234724612
14 1 1 118 7 8 11 13 14 15 17 19 20 21 22 23 24 25 26 27 28 29 33 34 35 36 37 39 40 41 43 44 45 46 47 48 50 52 53 54 56 57 58 61 63 64 65 66 67 68 69 70 71 72 76 78 79 81 82 83 85 86 89 90 91 92 93 94 95 96 97 98 100 102 103 104 105 106 108 109 110 111 115 116 117 118 119 120 121 124 125 126 127 128 129 131 133 135 136 137 140 142 143 145 146 147 149 150 151 152 153 154 156 157 158 159 160 162 163 164 165 166 16500593129234724612
12 3 67 0 23 118 7 8 11 13 14 15 17 19 20 21 22 23 24 25 26 27 28 29 33 34 35 36 37 39 40 41 43 44 45 46 47 48 50 52 53 54 56 57 58 61 63 64 65 66 67 68 69 70 71 72 76 78 79 81 82 83 85 86 89 90 91 92 93 94 95 96 97 98 100 102 103 104 105 106 108 109 110 111 115 116 117 118 119 120 121 124 125 126 127 128 129 131 133 135 136 137 140 142 143 145 146 147 149 150 151 152 153 154 156 157 158 159 160 162 163 164 165 166 15850361263750740798
3 1 43 118 7 8 11 13 14 15 17 19 20 21 22 23 24 25 26 27 28 29 33 34 35 36 37 39 40 41 43 44 45 46 47 48 50 52 53 54 56 57 58 61 63 64 65 66 67 68 69 70 71 72 76 78 79 81 82 83 85 86 89 90 91 92 93 94 95 96 97 98 100 102 103 104 105 106 108 109 110 111 115 116 117 118 119 120 121 124 125 126 127 128 129 131 133 135 136 137 140 142 143 145 146 147 149 150 151 152 153 154 156 157 158 159 160 162 163 164 165 166 15850361263750740798
3 1 32 118 7 8 11 13 14 15 17 19 20 21 22 23 24 25 26 27 28 29 33 34 35 36 37 39 40 41 43 44 45 46 47 48 50 52 53 54 56 57 58 61 63 64 65 66 67 68 69 70 71 72 76 78 79 81 82 83 85 86 89 90 91 92 93 94 95 96 97 98 100 102 103 104 105 106 108 109 110 111 115 116 117 118 119 120 121 124 125 126 127 128 129 131 133 135 136 137 140 142 143 145 146 147 149 150 151 152 153 154 156 157 158 159 160 162 163 164 165 166 15850361263750740798
1 19 2 167 32 65 7 110 145 21 76 106 156 126 79 27 29 85 95 165 115 119 7 8 11 13 14 15 17 19 20 21 22 23 24 25 26 27 28 29 33 34 35 36 37 39 40 41 43 44 45 46 47 48 50 52 53 54 56 57 58 61 63 64 65 66 67 68 69 70 71 72 76 78 79 81 82 83 85 86 89 90 91 92 93 94 95 96 97 98 100 102 103 104 105 106 108 109 110 111 115 116 117 118 119 120 121 124 125 126 127 128 129 131 133 135 136 137 140 142 143 145 146 147 149 150 151 152 153 154 156 157 158 159 160 162 163 164 165 166 167 6015094004955637727
5 2 0 160 119 7 8 11 13 14 15 17 19 20 21 22 23 24 25 26 27 28 29 33 34 35 36 37 39 40 41 43 44 45 46 47 48 50 52 53 54 56 57 58 61 63 64 65 66 67 68 69 70 71 72 76 78 79 81 82 83 85 86 89 90 91 92 93 94 95 96 97 98 100 102 103 104 105 106 108 109 110 111 115 116 117 118 119 120 121 124 125 126 127 128 129 131 133 135 136 137 140 142 143 145 146 147 149 150 151 152 153 154 156 157 158 159 160 162 163 164 165 166 167 6015094004955637727
14 1 0 119 7 8 11 13 14 15 17 19 20 21 22 23 24 25 26 27 28 29 33 34 35 36 37 39 40 41 43 44 45 46 47 48 50 52 53 54 56 57 58 61 63 64 65 66 67 68 69 70 71 72 76 78 79 81 82 83 85 86 89 90 91 92 93 94 95 96 97 98 100 102 103 104 105 106 108 109 110 111 115 116 117 118 119 120 121 124 125 126 127 128 129 131 133 135 136 137 140 142 143 145 146 147 149 150 151 152 153 154 156 157 158 159 160 162 163 164 165 166 167 6015094004955637727
13 2 97 91 119 7 8 11 13 14 15 17 19 20 21 22 23 24 25 26 27 28 29 33 34 35 36 37 39 40 41 43 44 45 46 47 48 50 52 53 54 56 57 58 61 63 64 65 66 67 68 69 70 71 72 76 78 79 81 82 83 85 86 89 90 91 92 93 94 95 96 97 98 100 102 103 104 105 106 108 109 110 111 115 116 117 118 119 120 121 124 125 126 127 128 129 131 133 135 136 137 140 142 143 145 146 147 149 150 151 152 153 154 156 157 158 159 160 162 163 164 165 166 167 8947074156638237017
14 1 1 119 7 8 11 13 14 15 17 19 20 21 22 23 24 25 26 27 28 29 33 34 35 36 37 39 40 41 43 44 45 46 47 48 50 52 53 54 56 57 58 61 63 64 65 66 67 68 69 70 71 72 76 78 79 81 82 83 85 86 89 90 91 92 93 94 95 96 97 98 100 102 103 104 105 106 108 109 110 111 115 116 117 118 119 120 121 124 125 126 127 128 129 131 133 135 136 137 140 142 143 145 146 147 149 150 151 152 153 154 156 157 158 159 160 162 163 164 165 166 167 8947074156638237017
3 1 36 118 7 8 11 13 14 15 17 19 20 21 22 23 24 25 26 27 28 29 33 34 35 36 37 39 40 41 43 44 45 46 47 48 50 52 53 54 56 57 58 61 63 64 65 66 67 68 69 70 71 72 76 78 79 81 82 83 85 86 89 90 91 92 93 94 95 96 97 98 100 102 103 104 105 106 108 109 110 111 115 116 117 118 119 120 124 125 126 127 128 129 131 133 135 136 137 140 142 143 145 146 147 149 150 151 152 153 154 156 157 158 159 160 162 163 164 165 166 167 13534278322806231414
3 1 18 118 7 8 11 13 14 15 17 19 20 21 22 23 24 25 26 27 28 29 33 34 35 36 37 39 40 41 43 44 45 46 47 48 50 52 53 54 56 57 58 61 63 64 65 66 67 68 69 70 71 72 76 78 79 81 82 83 85 86 89 90 91 92 93 94 95 96 97 98 100 102 103 104 105 106 108 109 110 111 115 116 117 118 119 120 124 125 126 127 128 129 131 133 135 136 137 140 142 143 145 146 147 149 150 151 152 153 154 156 157 158 159 160 162 163 164 165 166 167 13534278322806231414
1 19 2 168 36 50 96 91 108 28 17 71 33 78 117 143 7 154 21 85 97 119 7 8 11 13 14 15 17 19 20 21 22 23 24 25 26 27 28 29 33 34 35 36 37 39 40 41 43 44 45 46 47 48 50 52 53 54 56 57 58 61 63 64 65 66 67 68 69 70 71 72 76 78 79 81 82 83 85 86 89 90 91 92 93 94 95 96 97 98 100 102 103 104 105 106 108 109 110 111 115 116 117 118 119 120 124 125 126 127 128 129 131 133 135 136 137 140 142 143 145 146 147 149 150 151 152 153 154 156 157 158 159 160 162 163 164 165 166 167 168 207455062294988476
7 2 0 18 119 7 8 11 13 14 15 17 19 20 21 22 23 24 25 26 27 28 29 33 34 35 36 37 39 40 41 43 44 45 46 47 48 50 52 53 54 56 57 58 61 63 64 65 66 67 68 69 70 71 72 76 78 79 81 82 83 85 86 89 90 91 92 93 94 95 96 97 98 100 102 103 104 105 106 108 109 110 111 115 116 117 118 119 120 124 125 126 127 128 129 131 133 135 136 137 140 142 143 145 146 147 149 150 151 152 153 154 156 157 158 159 160 162 163 164 165 166 167 168 207455062294988476
8 1 100 119 7 8 11 13 14 15 17 19 20 21 22 23 24 25 26 27 28 29 33 34 35 36 37 39 40 41 43 44 45 46 47 48 50 52 53 54 56 57 58 61 63 64 65 66 67 68 69 70 71 72 76 78 79 81 82 83 85 86 89 90 91 92 93 94 95 96 97 98 100 102 103 104 105 106 108 109 110 111 115 116 117 118 119 120 124 125 126 127 128 129 131 133 135 136 137 140 142 143 145 146 147 149 150 151 152 153 154 156 157 158 159 160 162 163 164 165 166 167 168 207455062294988476
1 3 1 169 43 120 7 8 11 13 14 15 17 19 20 21 22 23 24 25 26 27 28 29 33 34 35 36 37 39 40 41 43 44 45 46 47 48 50 52 53 54 56 57 58 61 63 64 65 66 67 68 69 70 71 72 76 78 79 81 82 83 85 86 89 90 91 92 93 94 95 96 97 98 100 102 103 104 105 106 108 109 110 111 115 116 117 118 119 120 124 125 126 127 128 129 131 133 135 136 137 140 142 143 145 146 147 149 150 151 152 153 154 156 157 158 159 160 162 163 164 165 166 167 168 169 3066672172714014657
12 3 147 0 142 120 7 8 11 13 14 15 17 19 20 21 22 23 24 25 26 27 28 29 33 34 35 36 37 39 40 41 43 44 45 46 47 48 50 52 53 54 56 57 58 61 63 64 65 66 67 68 69 70 71 72 76 78 79 81 82 83 85 86 89 90 91 92 93 94 95 96 97 98 100 102 103 104 105 106 108 109 110 111 115 116 117 118 119 120 124 125 126 127 128 129 131 133 135 136 137 140 142 143 145 146 147 149 150 151 152 153 154 156 157 158 159 160 162 163 164 165 166 167 168 169 14162250939110260888
10 0 120 7 8 11 13 14 15 17 19 20 21 22 23 24 25 26 27 28 29 33 34 35 36 37 39 40 41 43 44 45 46 47 48 50 52 53 54 56 57 58 61 63 64 65 66 67 68 69 70 71 72 76 78 79 81 82 83 85 86 89 90 91 92 93 94 95 96 97 98 100 102 103 104 105 106 108 109 110 111 115 116 117 118 119 120 124 125 126 127 128 129 131 133 135 136 137 140 142 143 145 146 147 149 150 151 152 153 154 156 157 158 159 160 162 163 164 165 166 167 168 169 14162250939110260888
3 1 41 120 7 8 11 13 14 15 17 19 20 21 22 23 24 25 26 27 28 29 33 34 35 36 37 39 40 41 43 44 45 46 47 48 50 52 53 54 56 57 58 61 63 64 65 66 67 68 69 70 71 72 76 78 79 81 82 83 85 86 89 90 91 92 93 94 95 96 97 98 100 102 103 104 105 106 108 109 110 111 115 116 117 118 119 120 124 125 126 127 128 129 131 133 135 136 137 140 142 143 145 146 147 149 150 151 152 153 154 156 157 158 159 160 162 163 164 165 166 167 168 169 14162250939110260888
11 0 120 7 8 11 13 14 15 17 19 20 21 22 23 24 25 26 27 28 29 33 34 35 36 37 39 40 41 43 44 45 46 47 48 50 52 53 54 56 57 58 61 63 64 65 66 67 68 69 70 71 72 76 78 79 81 82 83 85 86 89 90 91 92 93 94 95 96 97 98 100 102 103 104 105 106 108 109 110 111 115 116 117 118 119 120 124 125 126 127 128 129 131 133 135 136 137 140 142 143 145 146 147 149 150 151 152 153 154 156 157 158 159 160 162 163 164 165 166 167 168 169 14162250939110260888
1 12 3 170 41 81 150 92 72 89 44 142 81 22 121 7 8 11 13 14 15 17 19 20 21 22 23 24 25 26 27 28 29 33 34 35 36 37 39 40 41 43 44 45 46 47 48 50 52 53 54 56 57 58 61 63 64 65 66 67 68 69 70 71 72 76 78 79 81 82 83 85 86 89 90 91 92 93 94 95 96 97 98 100 102 103 104 105 106 108 109 110 111 115 116 117 118 119 120 124 125 126 127 128 129 131 133 135 136 137 140 142 143 145 146 147 149 150 151 152 153 154 156 157 158 159 160 162 163 164 165 166 167 168 169 170 74991398725685209
12 3 33 1 165 121 7 8 11 13 14 15 17 19 20 21 22 23 24 25 26 27 28 29 33 34 35 36 37 39 40 41 43 44 45 46 47 48 50 52 53 54 56 57 58 61 63 64 65 66 67 68 69 70 71 72 76 78 79 81 82 83 85 86 89 90 91 92 93 94 95 96 97 98 100 102 103 104 105 106 108 109 110 111 115 116 117 118 119 120 124 125 126 127 128 129 131 133 135 136 137 140 142 143 145 146 147 149 150 151 152 153 154 156 157 158 159 160 162 163 164 165 166 167 168 169 170 14930242351495933732
6 2 3 60 121 7 8 11 13 14 15 17 19 20 21 22 23 24 25 26 27 28 29 33 34 35 36 37 39 40 41 43 44 45 46 47 48 50 52 53 54 56 57 58 61 63 64 65 66 67 68 69 70 71 72 76 78 79 81 82 83 85 86 89 90 91 92 93 94 95 96 97 98 100 102 103 104 105 106 108 109 110 111 115 116 117 118 119 120 124 125 126 127 128 129 131 133 135 136 137 140 142 143 145 146 147 149 150 151 152 153 154 156 157 158 159 160 162 163 164 165 166 167 168 169 170 14930242351495933732
12 3 56 1 118 121 7 8 11 13 14 15 17 19 20 21 22 23 24 25 26 27 28 29 33 34 35 36 37 39 40 41 43 44 45 46 47 48 50 52 53 54 56 57 58 61 63 64 65 66 67 68 69 70 71 72 76 78 79 81 82 83 85 86 89 90 91 92 93 94 95 96 97 98 100 102 103 104 105 106 108 109 110 111 115 116 117 118 119 120 124 125 126 127 128 129 131 133 135 136 137 140 142 143 145 146 147 149 150 151 152 153 154 156 157 158 159 160 162 163 164 165 166 167 168 169 170 12997091436522715459
9 1 56 121 7 8 11 13 14 15 17 19 20 21 22 23 24 25 26 27 28 29 33 34 35 36 37 39 40 41 43 44 45 46 47 48 50 52 53 54 56 57 58 61 63 64 65 66 67 68 69 70 71 72 76 78 79 81 82 83 85 86 89 90 91 92 93 94 95 96 97 98 100 102 103 104 105 106 108 109 110 111 115 116 117 118 119 120 124 125 126 127 128 129 131 133 135 136 137 140 142 143 145 146 147 149 150 151 152 153 154 156 157 158 159 160 162 163 164 165 166 167 168 169 170 12997091436522715459
14 1 8 121 7 8 11 13 14 15 17 19 20 21 22 23 24 25 26 27 28 29 33 34 35 36 37 39 40 41 43 44 45 46 47 48 50 52 53 54 56 57 58 61 63 64 65 66 67 68 69 70 71 72 76 78 79 81 82 83 85 86 89 90 91 92 93 94 95 96 97 98 100 102 103 104 105 106 108 109 110 111 115 116 117 118 119 120 124 125 126 127 128 129 131 133 135 136 137 140 142 143 145 146 147 149 150 151 152 153 154 156 157 158 159 160 162 163 164 165 166 167 168 169 170 12997091436522715459
1 3 1 171 60 122 7 8 11 13 14 15 17 19 20 21 22 23 24 25 26 27 28 29 33 34 35 36 37 39 40 41 43 44 45 46 47 48 50 52 53 54 56 57 58 61 63 64 65 66 67 68 69 70 71 72 76 78 79 81 82 83 85 86 89 90 91 92 93 94 95 96 97 98 100 102 103 104 105 106 108 109 110 111 115 116 117 118 119 120 124 125 126 127 128 129 131 133 135 136 137 140 142 143 145 146 147 149 150 151 152 153 154 156 157 158 159 160 162 163 164 165 166 167 168 169 170 171 9955494993117048198
5 2 2 170 122 7 8 11 13 14 15 17 19 20 21 22 23 24 25 26 27 28 29 33 34 35 36 37 39 40 41 43 44 45 46 47 48 50 52 53 54 56 57 58 61 63 64 65 66 67 68 69 70 71 72 76 78 79 81 82 83 85 86 89 90 91 92 93 94 95 96 97 98 100 102 103 104 105 106 108 109 110 111 115 116 117 118 119 120 124 125 126 127 128 129 131 133 135 136 137 140 142 143 145 146 147 149 150 151 152 153 154 156 157 158 159 160 162 163 164 165 166 167 168 169 170 171 9955494993117048198
8 1 7 122 7 8 11 13 14 15 17 19 20 21 22 23 24 25 26 27 28 29 33 34 35 36 37 39 40 41 43 44 45 46 47 48 50 52 53 54 56 57 58 61 63 64 65 66 67 68 69 70 71 72 76 78 79 81 82 83 85 86 89 90 91 92 93 94 95 96 97 98 100 102 103 104 105 106 108 109 110 111 115 116 117 118 119 120 124 125 126 127 128 129 131 133 135 136 137 140 142 143 145 146 147 149 150 151 152 153 154 156 157 158 159 160 162 163 164 165 166 167 168 169 170 171 9955494993117048198
8 1 44 122 7 8 11 13 14 15 17 19 20 21 22 23 24 25 26 27 28 29 33 34 35 36 37 39 40 41 43 44 45 46 47 48 50 52 53 54 56 57 58 61 63 64 65 66 67 68 69 70 71 72 76 78 79 81 82 83 85 86 89 90 91 92 93 94 95 96 97 98 100 102 103 104 105 106 108 109 110 111 115 116 117 118 119 120 124 125 126 127 128 129 131 133 135 136 137 140 142 143 145 146 147 149 150 151 152 153 154 156 157 158 159 160 162 163 164 165 166 167 168 169 170 171 9955494993117048198
3 1 12 122 7 8 11 13 14 15 17 19 20 21 22 23 24 25 26 27 28 29 33 34 35 36 37 39 40 41 43 44 45 46 47 48 50 52 53 54 56 57 58 61 63 64 65 66 67 68 69 70 71 72 76 78 79 81 82 83 85 86 89 90 91 92 93 94 95 96 97 98 100 102 103 104 105 106 108 109 110 111 115 116 117 118 119 120 124 125 126 127 128 129 131 133 135 136 137 140 142 143 145 146 147 149 150 151 152 153 154 156 157 158 159 160 162 163 164 165 166 167 168 169 170 171 9955494993117048198
5 2 1 65 122 7 8 11 13 14 15 17 19 20 21 22 23 24 25 26 27 28 29 33 34 35 36 37 39 40 41 43 44 45 46 47 48 50 52 53 54 56 57 58 61 63 64 65 66 67 68 69 70 71 72 76 78 79 81 82 83 85 86 89 90 91 92 93 94 95 96 97 98 100 102 103 104 105 106 108 109 110 111 115 116 117 118 119 120 124 125 126 127 128 129 131 133 135 136 137 140 142 143 145 146 147 149 150 151 152 153 154 156 157 158 159 160 162 163 164 165 166 167 168 169 170 171 9955494993117048198
2 2 25 56 122 7 8 11 13 14 15 17 19 20 21 22 23 24 25 26 27 28 29 33 34 35 36 37 39 40 41 43 44 45 46 47 48 50 52 53 54 56 57 58 61 63 64 65 66 67 68 69 70 71 72 76 78 79 81 82 83 85 86 89 90 91 92 93 94 95 96 97 98 100 102 103 104 105 106 108 109 110 111 115 116 117 118 119 120 124 125 126 127 128 129 131 133 135 136 137 140 142 143 145 146 147 149 150 151 152 153 154 156 157 158 159 160 162 163 164 165 166 167 168 169 170 171 9955494993117048198
9 1 26 122 7 8 11 13 14 15 17 19 20 21 22 23 24 25 26 27 28 29 33 34 35 36 37 39 40 41 43 44 45 46 47 48 50 52 53 54 56 57 58 61 63 64 65 66 67 68 69 70 71 72 76 78 79 81 82 83 85 86 89 90 91 92 93 94 95 96 97 98 100 102 103 104 105 106 108 109 110 111 115 116 117 118 119 120 124 125 126 127 128 129 131 133 135 136 137 140 142 143 145 146 147 149 150 151 152 153 154 156 157 158 159 160 162 163 164 165 166 167 168 169 170 171 9955494993117048198
8 1 68 122 7 8 11 13 14 15 17 19 20 21 22 23 24 25 26 27 28 29 33 34 35 36 37 39 40 41 43 44 45 46 47 48 50 52 53 54 56 57 58 61 63 64 65 66 67 68 69 70 71 72 76 78 79 81 82 83 85 86 89 90 91 92 93 94 95 96 97 98 100 102 103 104 105 106 108 109 110 111 115 116 117 118 119 120 124 125 126 127 128 129 131 133 135 136 137 140 142 143 145 146 147 149 150 151 152 153 154 156 157 158 159 160 162 163 164 165 166 167 168 169 170 171 9955494993117048198
6 2 6 39 122 7 8 11 13 14 15 17 19 20 21 22 23 24 25 26 27 28 29 33 34 35 36 37 39 40 41 43 44 45 46 47 48 50 52 53 54 56 57 58 61 63 64 65 66 67 68 69 70 71 72 76 78 79 81 82 83 85 86 89 90 91 92 93 94 95 96 97 98 100 102 103 104 105 106 108 109 110 111 115 116 117 118 119 120 124 125 126 127 128 129 131 133 135 136 137 140 142 143 145 146 147 149 150 151 152 153 154 156 157 158 159 160 162 163 164 165 166 167 168 169 170 171 9955494993117048198
12 3 95 0 14 122 7 8 11 13 14 15 17 19 20 21 22 23 24 25 26 27 28 29 33 34 35 36 37 39 40 41 43 44 45 46 47 48 50 52 53 54 56 57 58 61 63 64 65 66 67 68 69 70 71 72 76 78 79 81 82 83 85 86 89 90 91 92 93 94 95 96 97 98 100 102 103 104 105 106 108 109 110 111 115 116 117 118 119 120 124 125 126 127 128 129 131 133 135 136 137 140 142 143 145 146 147 149 150 151 152 153 154 156 157 158 159 160 162 163 164 165 166 167 168 169 170 171 12421518188617003050
10 0 120 7 8 11 13 14 15 17 19 20 21 22 23 24 25 26 27 28 29 33 34 35 36 37 39 40 41 43 44 45 46 47 48 50 52 53 54 56 57 58 61 63 64 65 66 67 68 69 70 71 72 76 78 79 81 82 83 85 86 89 90 91 92 93 94 95 96 97 98 100 102 103 104 105 106 108 109 110 111 115 116 117 118 119 124 125 126 127 128 129 131 133 135 136 140 142 143 145 146 147 149 150 151 152 153 154 156 157 158 159 160 162 163 164 165 166 167 168 169 170 171 7367673976603198878
4 1 2 120 7 8 11 13 14 15 17 19 20 21 22 23 24 25 26 27 28 29 33 34 35 36 37 39 40 41 43 44 45 46 47 48 50 52 53 54 56 57 58 61 63 64 65 66 67 68 69 70 71 72 76 78 79 81 82 83 85 86 89 90 91 92 93 94 95 96 97 98 100 102 103 104 105 106 108 109 110 111 115 116 117 118 119 124 125 126 127 128 129 131 133 135 136 140 142 143 145 146 147 149 150 151 152 153 154 156 157 158 159 160 162 163 164 165 166 167 168 169 170 171 7367673976603198878
1 3 1 172 12 121 7 8 11 13 14 15 17 19 20 21 22 23 24 25 26 27 28 29 33 34 35 36 37 39 40 41 43 44 45 46 47 48 50 52 53 54 56 57 58 61 63 64 65 66 67 68 69 70 71 72 76 78 79 81 82 83 85 86 89 90 91 92 93 94 95 96 97 98 100 102 103 104 105 106 108 109 110 111 115 116 117 118 119 124 125 126 127 128 129 131 133 135 136 140 142 143 145 146 147 149 150 151 152 153 154 156 157 158 159 160 162 163 164 165 166 167 168 169 170 171 172 2474123324194875411
8 1 35 121 7 8 11 13 14 15 17 19 20 21 22 23 24 25 26 27 28 29 33 34 35 36 37 39 40 41 43 44 45 46 47 48 50 52 53 54 56 57 58 61 63 64 65 66 67 68 69 70 71 72 76 78 79 81 82 83 85 86 89 90 91 92 93 94 95 96 97 98 100 102 103 104 105 106 108 109 110 111 115 116 117 118 119 124 125 126 127 128 129 131 133 135 136 140 142 143 145 146 147 149 150 151 152 153 154 156 157 158 159 160 162 163 164 165 166 167 168 169 170 171 172 2474123324194875411
8 1 167 121 7 8 11 13 14 15 17 19 20 21 22 23 24 25 26 27 28 29 33 34 35 36 37 39 40 41 43 44 45 46 47 48 50 52 53 54 56 57 58 61 63 64 65 66 67 68 69 70 71 72 76 78 79 81 82 83 85 86 89 90 91 92 93 94 95 96 97 98 100 102 103 104 105 106 108 109 110 111 115 116 117 118 119 124 125 126 127 128 129 131 133 135 136 140 142 143 145 146 147 149 150 151 152 153 154 156 157 158 159 160 162 163 164 165 166 167 168 169 170 171 172 2474123324194875411
1 11 3 173 39 115 40 165 39 15 66 57 76 122 7 8 11 13 14 15 17 19 20 21 22 23 24 25 26 27 28 29 33 34 35 36 37 39 40 41 43 44 45 46 47 48 50 52 53 54 56 57 58 61 63 64 65 66 67 68 69 70 71 72 76 78 79 81 82 83 85 86 89 90 91 92 93 94 95 96 97 98 100 102 103 104 105 106 108 109 110 111 115 116 117 118 119 124 125 126 127 128 129 131 133 135 136 140 142 143 145 146 147 149 150 151 152 153 154 156 157 158 159 160 162 163 164 165 166 167 168 169 170 171 172 173 4246469258539636254
9 1 25 122 7 8 11 13 14 15 17 19 20 21 22 23 24 25 26 27 28 29 33 34 35 36 37 39 40 41 43 44 45 46 47 48 50 52 53 54 56 57 58 61 63 64 65 66 67 68 69 70 71 72 76 78 79 81 82 83 85 86 89 90 91 92 93 94 95 96 97 98 100 102 103 104 105 106 108 109 110 111 115 116 117 118 119 124 125 126 127 128 129 131 133 135 136 140 142 143 145 146 147 149 150 151 152 153 154 156 157 158 159 160 162 163 164 165 166 167 168 169 170 171 172 173 4246469258539636254
14 1 18446744073709551615 122 7 8 11 13 14 15 17 19 20 21 22 23 24 25 26 27 28 29 33 34 35 36 37 39 40 41 43 44 45 46 47 48 50 52 53 54 56 57 58 61 63 64 65 66 67 68 69 70 71 72 76 78 79 81 82 83 85 86 89 90 91 92 93 94 95 96 97 98 100 102 103 104 105 106 108 109 110 111 115 116 117 118 119 124 125 126 127 128 129 131 133 135 136 140 142 143 145 146 147 149 150 151 152 153 154 156 157 158 159 160 162 163 164 165 166 167 168 169 170 171 172 173 4246469258539636254
3 1 4 121 7 8 11 13 14 15 17 19 20 21 22 23 24 25 26 27 28 29 33 34 35 36 37 39 40 41 43 44 45 46 47 48 50 52 53 54 56 57 58 61 63 64 65 66 67 68 69 70 71 72 76 78 79 81 82 83 85 86 89 90 91 92 93 94 95 96 97 98 100 102 103 104 105 106 108 109 110 111 115 116 117 118 119 124 125 126 127 128 129 131 133 135 136 140 142 143 145 146 147 149 150 151 152 153 154 156 157 158 159 160 162 163 164 165 167 168 169 170 171 172 173 10001167006962539904
8 1 7 121 7 8 11 13 14 15 17 19 20 21 22 23 24 25 26 27 28 29 33 34 35 36 37 39 40 41 43 44 45 46 47 48 50 52 53 54 56 57 58 61 63 64 65 66 67 68 69 70 71 72 76 78 79 81 82 83 85 86 89 90 91 92 93 94 95 96 97 98 100 102 103 104 105 106 108 109 110 111 115 116 117 118 119 124 125 126 127 128 129 131 133 135 136 140 142 143 145 146 147 149 150 151 152 153 154 156 157 158 159 160 162 163 164 165 167 168 169 170 171 172 173 10001167006962539904
9 1 62 121 7 8 11 13 14 15 17 19 20 21 22 23 24 25 26 27 28 29 33 34 35 36 37 39 40 41 43 44 45 46 47 48 50 52 53 54 56 57 58 61 63 64 65 66 67 68 69 70 71 72 76 78 79 81 82 83 85 86 89 90 91 92 93 94 95 96 97 98 100 102 103 104 105 106 108 109 110 111 115 116 117 118 119 124 125 126 127 128 129 131 133 135 136 140 142 143 145 146 147 149 150 151 152 153 154 156 157 158 159 160 162 163 164 165 167 168 169 170 171 172 173 10001167006962539904
1 6 2 174 26 125 7 117 122 7 8 11 13 14 15 17 19 20 21 22 23 24 25 26 27 28 29 33 34 35 36 37 39 40 41 43 44 45 46 47 48 50 52 53 54 56 57 58 61 63 64 65 66 67 68 69 70 71 72 76 78 79 81 82 83 85 86 89 90 91 92 93 94 95 96 97 98 100 102 103 104 105 106 108 109 110 111 115 116 117 118 119 124 125 126 127 128 129 131 133 135 136 140 142 143 145 146 147 149 150 151 152 153 154 156 157 158 159 160 162 163 164 165 167 168 169 170 171 172 173 174 3304643318658603460
3 1 13 122 7 8 11 13 14 15 17 19 20 21 22 23 24 25 26 27 28 29 33 34 35 36 37 39 40 41 43 44 45 46 47 48 50 52 53 54 56 57 58 61 63 64 65 66 67 68 69 70 71 72 76 78 79 81 82 83 85 86 89 90 91 92 93 94 95 96 97 98 100 102 103 104 105 106 108 109 110 111 115 116 117 118 119 124 125 126 127 128 129 131 133 135 136 140 142 143 145 146 147 149 150 151 152 153 154 156 157 158 159 160 162 163 164 165 167 168 169 170 171 172 173 174 3304643318658603460
13 2 125 36 122 7 8 11 13 14 15 17 19 20 21 22 23 24 25 26 27 28 29 33 34 35 36 37 39 40 41 43 44 45 46 47 48 50 52 53 54 56 57 58 61 63 64 65 66 67 68 69 70 71 72 76 78 79 81 82 83 85 86 89 90 91 92 93 94 95 96 97 98 100 102 103 104 105 106 108 109 110 111 115 116 117 118 119 124 125 126 127 128 129 131 133 135 136 140 142 143 145 146 147 149 150 151 152 153 154 156 157 158 159 160 162 163 164 165 167 168 169 170 171 172 173 174 13872485744279626167
4 1 0 122 7 8 11 13 14 15 17 19 20 21 22 23 24 25 26 27 28 29 33 34 35 36 37 39 40 41 43 44 45 46 47 48 50 52 53 54 56 57 58 61 63 64 65 66 67 68 69 70 71 72 76 78 79 81 82 83 85 86 89 90 91 92 93 94 95 96 97 98 100 102 103 104 105 106 108 109 110 111 115 116 117 118 119 124 125 126 127 128 129 131 133 135 136 140 142 143 145 146 147 149 150 151 152 153 154 156 157 158 159 160 162 163 164 165 167 168 169 170 171 172 173 174 13872485744279626167
8 1 169 122 7 8 11 13 14 15 17 19 20 21 22 23 24 25 26 27 28 29 33 34 35 36 37 39 40 41 43 44 45 46 47 48 50 52 53 54 56 57 58 61 63 64 65 66 67 68 69 70 71 72 76 78 79 81 82 83 85 86 89 90 91 92 93 94 95 96 97 98 100 102 103 104 105 106 108 109 110 111 115 116 117 118 119 124 125 126 127 128 129 131 133 135 136 140 142 143 145 146 147 149 150 151 152 153 154 156 157 158 159 160 162 163 164 165 167 168 169 170 171 172 173 174 13872485744279626167
3 1 48 120 7 8 11 13 14 15 17 19 20 21 22 23 24 25 26 27 28 29 33 34 35 36 37 39 40 41 43 44 45 46 47 48 50 52 53 54 56 57 58 61 63 64 65 66 67 68 69 70 71 72 76 78 79 81 82 83 85 86 89 90 91 92 93 94 95 96 97 98 100 102 103 104 105 106 108 109 110 111 115 116 117 118 119 124 125 126 127 128 129 131 133 135 136 140 142 143 145 146 147 149 150 151 153 154 156 157 158 159 160 163 164 165 167 168 169 170 171 172 173 174 7587331156394711139
1 19 3 175 13 156 8 17 23 46 151 158 69 25 156 146 98 86 140 76 17 121 7 8 11 13 14 15 17 19 20 21 22 23 24 25 26 27 28 29 33 34 35 36 37 39 40 41 43 44 45 46 47 48 50 52 53 54 56 57 58 61 63 64 65 66 67 68 69 70 71 72 76 78 79 81 82 83 85 86 89 90 91 92 93 94 95 96 97 98 100 102 103 104 105 106 108 109 110 111 115 116 117 118 119 124 125 126 127 128 129 131 133 135 136 140 142 143 145 146 147 149 150 151 153 154 156 157 158 159 160 163 164 165 167 168 169 170 171 172 173 174 175 16675907792615431597
1 4 3 176 25 160 122 7 8 11 13 14 15 17 19 20 21 22 23 24 25 26 27 28 29 33 34 35 36 37 39 40 41 43 44 45 46 47 48 50 52 53 54 56 57 58 61 63 64 65 66 67 68 69 70 71 72 76 78 79 81 82 83 85 86 89 90 91 92 93 94 95 96 97 98 100 102 103 104 105 106 108 109 110 111 115 116 117 118 119 124 125 126 127 128 129 131 133 135 136 140 142 143 145 146 147 149 150 151 153 154 156 157 158 159 160 163 164 165 167 168 169 170 171 172 173 174 175 176 10533537548260330869
1 11 3 177 4 69 111 50 100 156 153 63 36 123 7 8 11 13 14 15 17 19 20 21 22 23 24 25 26 27 28 29 33 34 35 36 37 39 40 41 43 44 45 46 47 48 50 52 53 54 56 57 58 61 63 64 65 66 67 68 69 70 71 72 76 78 79 81 82 83 85 86 89 90 91 92 93 94 95 96 97 98 100 102 103 104 105 106 108 109 110 111 115 116 117 118 119 124 125 126 127 128 129 131 133 135 136 140 142 143 145 146 147 149 150 151 153 154 156 157 158 159 160 163 164 165 167 168 169 170 171 172 173 174 175 176 177 12779983948919988077
1 12 3 178 62 17 39 53 119 54 54 175 157 171 124 7 8 11 13 14 15 17 19 20 21 22 23 24 25 26 27 28 29 33 34 35 36 37 39 40 41 43 44 45 46 47 48 50 52 53 54 56 57 58 61 63 64 65 66 67 68 69 70 71 72 76 78 79 81 82 83 85 86 89 90 91 92 93 94 95 96 97 98 100 102 103 104 105 106 108 109 110 111 115 116 117 118 119 124 125 126 127 128 129 131 133 135 136 140 142 143 145 146 147 149 150 151 153 154 156 157 158 159 160 163 164 165 167 168 169 170 171 172 173 174 175 176 177 178 16329232085788871846
9 1 58 124 7 8 11 13 14 15 17 19 20 21 22 23 24 25 26 27 28 29 33 34 35 36 37 39 40 41 43 44 45 46 47 48 50 52 53 54 56 57 58 61 63 64 65 66 67 68 69 70 71 72 76 78 79 81 82 83 85 86 89 90 91 92 93 94 95 96 97 98 100 102 103 104 105 106 108 109 110 111 115 116 117 118 119 124 125 126 127 128 129 131 133 135 136 140 142 143 145 146 147 149 150 151 153 154 156 157 158 159 160 163 164 165 167 168 169 170 171 172 173 174 175 176 177 178 16329232085788871846
3 1 45 124 7 8 11 13 14 15 17 19 20 21 22 23 24 25 26 27 28 29 33 34 35 36 37 39 40 41 43 44 45 46 47 48 50 52 53 54 56 57 58 61 63 64 65 66 67 68 69 70 71 72 76 78 79 81 82 83 85 86 89 90 91 92 93 94 95 96 97 98 100 102 103 104 105 106 108 109 110 111 115 116 117 118 119 124 125 126 127 128 129 131 133 135 136 140 142 143 145 146 147 149 150 151 153 154 156 157 158 159 160 163 164 165 167 168 169 170 171 172 173 174 175 176 177 178 16329232085788871846
2 2 178 58 124 7 8 11 13 14 15 17 19 20 21 22 23 24 25 26 27 28 29 33 34 35 36 37 39 40 41 43 44 45 46 47 48 50 52 53 54 56 57 58 61 63 64 65 66 67 68 69 70 71 72 76 78 79 81 82 83 85 86 89 90 91 92 93 94 95 96 97 98 100 102 103 104 105 106 108 109 110 111 115 116 117 118 119 124 125 126 127 128 129 131 133 135 136 140 142 143 145 146 147 149 150 151 153 154 156 157 158 159 160 163 164 165 167 168 169 170 171 172 173 174 175 176 177 178 16329232085788871846
1 11 3 179 45 173 176 128 151 91 33 133 44 125 7 8 11 13 14 15 17 19 20 21 22 23 24 25 26 27 28 29 33 34 35 36 37 39 40 41 43 44 45 46 47 48 50 52 53 54 56 57 58 61 63 64 65 66 67 68 69 70 71 72 76 78 79 81 82 83 85 86 89 90 91 92 93 94 95 96 97 98 100 102 103 104 105 106 108 109 110 111 115 116 117 118 119 124 125 126 127 128 129 131 133 135 136 140 142 143 145 146 147 149 150 151 153 154 156 157 158 159 160 163 164 165 167 168 169 170 171 172 173 174 175 176 177 178 179 3156710688677292661
14 1 18446744073709551615 125 7 8 11 13 14 15 17 19 20 21 22 23 24 25 26 27 28 29 33 34 35 36 37 39 40 41 43 44 45 46 47 48 50 52 53 54 56 57 58 61 63 64 65 66 67 68 69 70 71 72 76 78 79 81 82 83 85 86 89 90 91 92 93 94 95 96 97 98 100 102 103 104 105 106 108 109 110 111 115 116 117 118 119 124 125 126 127 128 129 131 133 135 136 140 142 143 145 146 147 149 150 151 153 154 156 157 158 159 160 163 164 165 167 168 169 170 171 172 173 174 175 176 177 178 179 3156710688677292661
14 1 33 125 7 8 11 13 14 15 17 19 20 21 22 23 24 25 26 27 28 29 33 34 35 36 37 39 40 41 43 44 45 46 47 48 50 52 53 54 56 57 58 61 63 64 65 66 67 68 69 70 71 72 76 78 79 81 82 83 85 86 89 90 91 92 93 94 95 96 97 98 100 102 103 104 105 106 108 109 110 111 115 116 117 118 119 124 125 126 127 128 129 131 133 135 136 140 142 143 145 146 147 149 150 151 153 154 156 157 158 159 160 163 164 165 167 168 169 170 171 172 173 174 175 176 177 178 179 3156710688677292661
8 1 135 125 7 8 11 13 14 15 17 19 20 21 22 23 24 25 26 27 28 29 33 34 35 36 37 39 40 41 43 44 45 46 47 48 50 52 53 54 56 57 58 61 63 64 65 66 67 68 69 70 71 72 76 78 79 81 82 83 85 86 89 90 91 92 93 94 95 96 97 98 100 102 103 104 105 106 108 109 110 111 115 116 117 118 119 124 125 126 127 128 129 131 133 135 136 140 142 143 145 146 147 149 150 151 153 154 156 157 158 159 160 163 164 165 167 168 169 170 171 172 173 174 175 176 177 178 179 3156710688677292661
3 1 39 125 7 8 11 13 14 15 17 19 20 21 22 23 24 25 26 27 28 29 33 34 35 36 37 39 40 41 43 44 45 46 47 48 50 52 53 54 56 57 58 61 63 64 65 66 67 68 69 70 71 72 76 78 79 81 82 83 85 86 89 90 91 92 93 94 95 96 97 98 100 102 103 104 105 106 108 109 110 111 115 116 117 118 119 124 125 126 127 128 129 131 133 135 136 140 142 143 145 146 147 149 150 151 153 154 156 157 158 159 160 163 164 165 167 168 169 170 171 172 173 174 175 176 177 178 179 3156710688677292661
14 1 0 125 7 8 11 13 14 15 17 19 20 21 22 23 24 25 26 27 28 29 33 34 35 36 37 39 40 41 43 44 45 46 47 48 50 52 53 54 56 57 58 61 63 64 65 66 67 68 69 70 71 72 76 78 79 81 82 83 85 86 89 90 91 92 93 94 95 96 97 98 100 102 103 104 105 106 108 109 110 111 115 116 117 118 119 124 125 126 127 128 129 131 133 135 136 140 142 143 145 146 147 149 150 151 153 154 156 157 158 159 160 163 164 165 167 168 169 170 171 172 173 174 175 176 177 178 179 3156710688677292661
8 1 67 125 7 8 11 13 14 15 17 19 20 21 22 23 24 25 26 27 28 29 33 34 35 36 37 39 40 41 43 44 45 46 47 48 50 52 53 54 56 57 58 61 63 64 65 66 67 68 69 70 71 72 76 78 79 81 82 83 85 86 89 90 91 92 93 94 95 96 97 98 100 102 103 104 105 106 108 109 110 111 115 116 117 118 119 124 125 126 127 128 129 131 133 135 136 140 142 143 145 146 147 149 150 151 153 154 156 157 158 159 160 163 164 165 167 168 169 170 171 172 173 174 175 176 177 178 179 3156710688677292661
11 0 125 7 8 11 13 14 15 17 19 20 21 22 23 24 25 26 27 28 29 33 34 35 36 37 39 40 41 43 44 45 46 47 48 50 52 53 54 56 57 58 61 63 64 65 66 67 68 69 70 71 72 76 78 79 81 82 83 85 86 89 90 91 92 93 94 95 96 97 98 100 102 103 104 105 106 108 109 110 111 115 116 117 118 119 124 125 126 127 128 129 131 133 135 136 140 142 143 145 146 147 149 150 151 153 154 156 157 158 159 160 163 164 165 167 168 169 170 171 172 173 174 175 176 177 178 179 3156710688677292661
1 11 3 180 39 176 39 165 169 85 108 23 37 126 7 8 11 13 14 15 17 19 20 21 22 23 24 25 26 27 28 29 33 34 35 36 37 39 40 41 43 44 45 46 47 48 50 52 53 54 56 57 58 61 63 64 65 66 67 68 69 70 71 72 76 78 79 81 82 83 85 86 89 90 91 92 93 94 95 96 97 98 100 102 103 104 105 106 108 109 110 111 115 116 117 118 119 124 125 126 127 128 129 131 133 135 136 140 142 143 145 146 147 149 150 151 153 154 156 157 158 159 160 163 164 165 167 168 169 170 171 172 173 174 175 176 177 178 179 180 6196412196591643030
1 10 2 181 48 65 163 91 37 102 36 0 127 7 8 11 13 14 15 17 19 20 21 22 23 24 25 26 27 28 29 33 34 35 36 37 39 40 41 43 44 45 46 47 48 50 52 53 54 56 57 58 61 63 64 65 66 67 68 69 70 71 72 76 78 79 81 82 83 85 86 89 90 91 92 93 94 95 96 97 98 100 102 103 104 105 106 108 109 110 111 115 116 117 118 119 124 125 126 127 128 129 131 133 135 136 140 142 143 145 146 147 149 150 151 153 154 156 157 158 159 160 163 164 165 167 168 169 170 171 172 173 174 175 176 177 178 179 180 181 14331325337741399647
6 2 1 62 127 7 8 11 13 14 15 17 19 20 21 22 23 24 25 26 27 28 29 33 34 35 36 37 39 40 41 43 44 45 46 47 48 50 52 53 54 56 57 58 61 63 64 65 66 67 68 69 70 71 72 76 78 79 81 82 83 85 86 89 90 91 92 93 94 95 96 97 98 100 102 103 104 105 106 108 109 110 111 115 116 117 118 119 124 125 126 127 128 129 131 133 135 136 140 142 143 145 146 147 149 150 151 153 154 156 157 158 159 160 163 164 165 167 168 169 170 171 172 173 174 175 176 177 178 179 180 181 14331325337741399647
14 1 18446744073709551615 127 7 8 11 13 14 15 17 19 20 21 22 23 24 25 26 27 28 29 33 34 35 36 37 39 40 41 43 44 45 46 47 48 50 52 53 54 56 57 58 61 63 64 65 66 67 68 69 70 71 72 76 78 79 81 82 83 85 86 89 90 91 92 93 94 95 96 97 98 100 102 103 104 105 106 108 109 110 111 115 116 117 118 119 124 125 126 127 128 129 131 133 135 136 140 142 143 145 146 147 149 150 151 153 154 156 157 158 159 160 163 164 165 167 168 169 170 171 172 173 174 175 176 177 178 179 180 181 14331325337741399647
14 1 2 127 7 8 11 13 14 15 17 19 20 21 22 23 24 25 26 27 28 29 33 34 35 36 37 39 40 41 43 44 45 46 47 48 50 52 53 54 56 57 58 61 63 64 65 66 67 68 69 70 71 72 76 78 79 81 82 83 85 86 89 90 91 92 93 94 95 96 97 98 100 102 103 104 105 106 108 109 110 111 115 116 117 118 119 124 125 126 127 128 129 131 133 135 136 140 142 143 145 146 147 149 150 151 153 154 156 157 158 159 160 163 164 165 167 168 169 170 171 172 173 174 175 176 177 178 179 180 181 14331325337741399647
1 3 1 182 62 128 7 8 11 13 14 15 17 19 20 21 22 23 24 25 26 27 28 29 33 34 35 36 37 39 40 41 43 44 45 46 47 48 50 52 53 54 56 57 58 61 63 64 65 66 67 68 69 70 71 72 76 78 79 81 82 83 85 86 89 90 91 92 93 94 95 96 97 98 100 102 103 104 105 106 108 109 110 111 115 116 117 118 119 124 125 126 127 128 129 131 133 135 136 140 142 143 145 146 147 149 150 151 153 154 156 157 158 159 160 163 164 165 167 168 169 170 171 172 173 174 175 176 177 178 179 180 181 182 7566340939552969406
3 1 35 128 7 8 11 13 14 15 17 19 20 21 22 23 24 25 26 27 28 29 33 34 35 36 37 39 40 41 43 44 45 46 47 48 50 52 53 54 56 57 58 61 63 64 65 66 67 68 69 70 71 72 76 78 79 81 82 83 85 86 89 90 91 92 93 94 95 96 97 98 100 102 103 104 105 106 108 109 110 111 115 116 117 118 119 124 125 126 127 128 129 131 133 135 136 140 142 143 145 146 147 149 150 151 153 154 156 157 158 159 160 163 164 165 167 168 169 170 171 172 173 174 175 176 177 178 179 180 181 182 7566340939552969406
6 2 1 5 128 7 8 11 13 14 15 17 19 20 21 22 23 24 25 26 27 28 29 33 34 35 36 37 39 40 41 43 44 45 46 47 48 50 52 53 54 56 57 58 61 63 64 65 66 67 68 69 70 71 72 76 78 79 81 82 83 85 86 89 90 91 92 93 94 95 96 97 98 100 102 103 104 105 106 108 109 110 111 115 116 117 118 119 124 125 126 127 128 129 131 133 135 136 140 142 143 145 146 147 149 150 151 153 154 156 157 158 159 160 163 164 165 167 168 169 170 171 172 173 174 175 176 177 178 179 180 181 182 7566340939552969406
8 1 126 128 7 8 11 13 14 15 17 19 20 21 22 23 24 25 26 27 28 29 33 34 35 36 37 39 40 41 43 44 45 46 47 48 50 52 53 54 56 57 58 61 63 64 65 66 67 68 69 70 71 72 76 78 79 81 82 83 85 86 89 90 91 92 93 94 95 96 97 98 100 102 103 104 105 106 108 109 110 111 115 116 117 118 119 124 125 126 127 128 129 131 133 135 136 140 142 143 145 146 147 149 150 151 153 154 156 157 158 159 160 163 164 165 167 168 169 170 171 172 173 174 175 176 177 178 179 180 181 182 7566340939552969406
14 1 33 128 7 8 11 13 14 15 17 19 20 21 22 23 24 25 26 27 28 29 33 34 35 36 37 39 40 41 43 44 45 46 47 48 50 52 53 54 56 57 58 61 63 64 65 66 67 68 69 70 71 72 76 78 79 81 82 83 85 86 89 90 91 92 93 94 95 96 97 98 100 102 103 104 105 106 108 109 110 111 115 116 117 118 119 124 125 126 127 128 129 131 133 135 136 140 142 143 145 146 147 149 150 151 153 154 156 157 158 159 160 163 164 165 167 168 169 170 171 172 173 174 175 176 177 178 179 180 181 182 7566340939552969406
3 1 4 127 7 8 11 13 14 15 17 19 20 21 22 23 24 25 26 27 28 29 33 34 35 36 37 39 40 41 43 44 45 46 47 48 50 52 53 54 56 57 58 61 63 64 65 66 67 68 69 70 71 72 76 78 79 81 82 83 85 86 89 90 91 92 93 94 95 96 97 98 100 102 103 104 105 106 108 109 110 111 115 116 117 118 119 124 125 126 127 128 129 131 133 135 136 140 142 143 145 146 147 149 150 151 153 154 156 157 158 159 160 163 164 165 167 168 169 170 171 172 173 174 175 176 178 179 180 181 182 3469059163576633606
5 2 0 13 127 7 8 11 13 14 15 17 19 20 21 22 23 24 25 26 27 28 29 33 34 35 36 37 39 40 41 43 44 45 46 47 48 50 52 53 54 56 57 58 61 63 64 65 66 67 68 69 70 71 72 76 78 79 81 82 83 85 86 89 90 91 92 93 94 95 96 97 98 100 102 103 104 105 106 108 109 110 111 115 116 117 118 119 124 125 126 127 128 129 131 133 135 136 140 142 143 145 146 147 149 150 151 153 154 156 157 158 159 160 163 164 165 167 168 169 170 171 172 173 174 175 176 178 179 180 181 182 3469059163576633606
5 2 1 165 127 7 8 11 13 14 15 17 19 20 21 22 23 24 25 26 27 28 29 33 34 35 36 37 39 40 41 43 44 45 46 47 48 50 52 53 54 56 57 58 61 63 64 65 66 67 68 69 70 71 72 76 78 79 81 82 83 85 86 89 90 91 92 93 94 95 96 97 98 100 102 103 104 105 106 108 109 110 111 115 116 117 118 119 124 125 126 127 128 129 131 133 135 136 140 142 143 145 146 147 149 150 151 153 154 156 157 158 159 160 163 164 165 167 168 169 170 171 172 173 174 175 176 178 179 180 181 182 3469059163576633606
8 1 83 127 7 8 11 13 14 15 17 19 20 21 22 23 24 25 26 27 28 29 33 34 35 36 37 39 40 41 43 44 45 46 47 48 50 52 53 54 56 57 58 61 63 64 65 66 67 68 69 70 71 72 76 78 79 81 82 83 85 86 89 90 91 92 93 94 95 96 97 98 100 102 103 104 105 106 108 109 110 111 115 116 117 118 119 124 125 126 127 128 129 131 133 135 136 140 142 143 145 146 147 149 150 151 153 154 156 157 158 159 160 163 164 165 167 168 169 170 171 172 173 174 175 176 178 179 180 181 182 3469059163576633606
1 6 3 183 5 86 175 163 128 7 8 11 13 14 15 17 19 20 21 22 23 24 25 26 27 28 29 33 34 35 36 37 39 40 41 43 44 45 46 47 48 50 52 53 54 56 57 58 61 63 64 65 66 67 68 69 70 71 72 76 78 79 81 82 83 85 86 89 90 91 92 93 94 95 96 97 98 100 102 103 104 105 106 108 109 110 111 115 116 117 118 119 124 125 126 127 128 129 131 133 135 136 140 142 143 145 146 147 149 150 151 153 154 156 157 158 159 160 163 164 165 167 168 169 170 171 172 173 174 175 176 178 179 180 181 182 183 17365677950701222223
1 10 2 184 35 29 61 39 83 173 153 102 129 7 8 11 13 14 15 17 19 20 21 22 23 24 25 26 27 28 29 33 34 35 36 37 39 40 41 43 44 45 46 47 48 50 52 53 54 56 57 58 61 63 64 65 66 67 68 69 70 71 72 76 78 79 81 82 83 85 86 89 90 91 92 93 94 95 96 97 98 100 102 103 104 105 106 108 109 110 111 115 116 117 118 119 124 125 126 127 128 129 131 133 135 136 140 142 143 145 146 147 149 150 151 153 154 156 157 158 159 160 163 164 165 167 168 169 170 171 172 173 174 175 176 178 179 180 181 182 183 184 13537273431203092774
5 2 0 96 129 7 8 11 13 14 15 17 19 20 21 22 23 24 25 26 27 28 29 33 34 35 36 37 39 40 41 43 44 45 46 47 48 50 52 53 54 56 57 58 61 63 64 65 66 67 68 69 70 71 72 76 78 79 81 82 83 85 86 89 90 91 92 93 94 95 96 97 98 100 102 103 104 105 106 108 109 110 111 115 116 117 118 119 124 125 126 127 128 129 131 133 135 136 140 142 143 145 146 147 149 150 151 153 154 156 157 158 159 160 163 164 165 167 168 169 170 171 172 173 174 175 176 178 179 180 181 182 183 184 13537273431203092774
1 3 1 185 4 130 7 8 11 13 14 15 17 19 20 21 22 23 24 25 26 27 28 29 33 34 35 36 37 39 40 41 43 44 45 46 47 48 50 52 53 54 56 57 58 61 63 64 65 66 67 68 69 70 71 72 76 78 79 81 82 83 85 86 89 90 91 92 93 94 95 96 97 98 100 102 103 104 105 106 108 109 110 111 115 116 117 118 119 124 125 126 127 128 129 131 133 135 136 140 142 143 145 146 147 149 150 151 153 154 156 157 158 159 160 163 164 165 167 168 169 170 171 172 173 174 175 176 178 179 180 181 182 183 184 185 13308768323073904127
3 1 37 130 7 8 11 13 14 15 17 19 20 21 22 23 24 25 26 27 28 29 33 34 35 36 37 39 40 41 43 44 45 46 47 48 50 52 53 54 56 57 58 61 63 64 65 66 67 68 69 70 71 72 76 78 79 81 82 83 85 86 89 90 91 92 93 94 95 96 97 98 100 102 103 104 105 106 108 109 110 111 115 116 117 118 119 124 125 126 127 128 129 131 133 135 136 140 142 143 145 146 147 149 150 151 153 154 156 157 158 159 160 163 164 165 167 168 169 170 171 172 173 174 175 176 178 179 180 181 182 183 184 185 13308768323073904127
3 1 42 130 7 8 11 13 14 15 17 19 20 21 22 23 24 25 26 27 28 29 33 34 35 36 37 39 40 41 43 44 45 46 47 48 50 52 53 54 56 57 58 61 63 64 65 66 67 68 69 70 71 72 76 78 79 81 82 83 85 86 89 90 91 92 93 94 95 96 97 98 100 102 103 104 105 106 108 109 110 111 115 116 117 118 119 124 125 126 127 128 129 131 133 135 136 140 142 143 145 146 147 149 150 151 153 154 156 157 158 159 160 163 164 165 167 168 169 170 171 172 173 174 175 176 178 179 180 181 182 183 184 185 13308768323073904127
3 1 15 130 7 8 11 13 14 15 17 19 20 21 22 23 24 25 26 27 28 29 33 34 35 36 37 39 40 41 43 44 45 46 47 48 50 52 53 54 56 57 58 61 63 64 65 66 67 68 69 70 71 72 76 78 79 81 82 83 85 86 89 90 91 92 93 94 95 96 97 98 100 102 103 104 105 106 108 109 110 111 115 116 117 118 119 124 125 126 127 128 129 131 133 135 136 140 142 143 145 146 147 149 150 151 153 154 156 157 158 159 160 163 164 165 167 168 169 170 171 172 173 174 175 176 178 179 180 181 182 183 184 185 13308768323073904127
1 3 2 186 42 131 7 8 11 13 14 15 17 19 20 21 22 23 24 25 26 27 28 29 33 34 35 36 37 39 40 41 43 44 45 46 47 48 50 52 53 54 56 57 58 61 63 64 65 66 67 68 69 70 71 72 76 78 79 81 82 83 85 86 89 90 91 92 93 94 95 96 97 98 100 102 103 104 105 106 108 109 110 111 115 116 117 118 119 124 125 126 127 128 129 131 133 135 136 140 142 143 145 146 147 149 150 151 153 154 156 157 158 159 160 163 164 165 167 168 169 170 171 172 173 174 175 176 178 179 180 181 182 183 184 185 186 5187227793232888539
14 1 0 131 7 8 11 13 14 15 17 19 20 21 22 23 24 25 26 27 28 29 33 34 35 36 37 39 40 41 43 44 45 46 47 48 50 52 53 54 56 57 58 61 63 64 65 66 67 68 69 70 71 72 76 78 79 81 82 83 85 86 89 90 91 92 93 94 95 96 97 98 100 102 103 104 105 106 108 109 110 111 115 116 117 118 119 124 125 126 127 128 129 131 133 135 136 140 142 143 145 146 147 149 150 151 153 154 156 157 158 159 160 163 164 165 167 168 169 170 171 172 173 174 175 176 178 179 180 181 182 183 184 185 186 5187227793232888539
14 1 18446744073709551615 131 7 8 11 13 14 15 17 19 20 21 22 23 24 25 26 27 28 29 33 34 35 36 37 39 40 41 43 44 45 46 47 48 50 52 53 54 56 57 58 61 63 64 65 66 67 68 69 70 71 72 76 78 79 81 82 83 85 86 89 90 91 92 93 94 95 96 97 98 100 102 103 104 105 106 108 109 110 111 115 116 117 118 119 124 125 126 127 128 129 131 133 135 136 140 142 143 145 146 147 149 150 151 153 154 156 157 158 159 160 163 164 165 167 168 169 170 171 172 173 174 175 176 178 179 180 181 182 183 184 185 186 5187227793232888539
12 3 76 0 11 131 7 8 11 13 14 15 17 19 20 21 22 23 24 25 26 27 28 29 33 34 35 36 37 39 40 41 43 44 45 46 47 48 50 52 53 54 56 57 58 61 63 64 65 66 67 68 69 70 71 72 76 78 79 81 82 83 85 86 89 90 91 92 93 94 95 96 97 98 100 102 103 104 105 106 108 109 110 111 115 116 117 118 119 124 125 126 127 128 129 131 133 135 136 140 142 143 145 146 147 149 150 151 153 154 156 157 158 159 160 163 164 165 167 168 169 170 171 172 173 174 175 176 178 179 180 181 182 183 184 185 186 2833360889252840029
6 2 0 44 131 7 8 11 13 14 15 17 19 20 21 22 23 24 25 26 27 28 29 33 34 35 36 37 39 40 41 43 44 45 46 47 48 50 52 53 54 56 57 58 61 63 64 65 66 67 68 69 70 71 72 76 78 79 81 82 83 85 86 89 90 91 92 93 94 95 96 97 98 100 102 103 104 105 106 108 109 110 111 115 116 117 118 119 124 125 126 127 128 129 131 133 135 136 140 142 143 145 146 147 149 150 151 153 154 156 157 158 159 160 163 164 165 167 168 169 170 171 172 173 174 175 176 178 179 180 181 182 183 184 185 186 2833360889252840029
5 2 1 145 131 7 8 11 13 14 15 17 19 20 21 22 23 24 25 26 27 28 29 33 34 35 36 37 39 40 41 43 44 45 46 47 48 50 52 53 54 56 57 58 61 63 64 65 66 67 68 69 70 71 72 76 78 79 81 82 83 85 86 89 90 91 92 93 94 95 96 97 98 100 102 103 104 105 106 108 109 110 111 115 116 117 118 119 124 125 126 127 128 129 131 133 135 136 140 142 143 145 146 147 149 150 151 153 154 156 157 158 159 160 163 164 165 167 168 169 170 171 172 173 174 175 176 178 179 180 181 182 183 184 185 186 2833360889252840029
1 3 1 187 44 132 7 8 11 13 14 15 17 19 20 21 22 23 24 25 26 27 28 29 33 34 35 36 37 39 40 41 43 44 45 46 47 48 50 52 53 54 56 57 58 61 63 64 65 66 67 68 69 70 71 72 76 78 79 81 82 83 85 86 89 90 91 92 93 94 95 96 97 98 100 102 103 104 105 106 108 109 110 111 115 116 117 118 119 124 125 126 127 128 129 131 133 135 136 140 142 143 145 146 147 149 150 151 153 154 156 157 158 159 160 163 164 165 167 168 169 170 171 172 173 174 175 176 178 179 180 181 182 183 184 185 186 187 10485596491351454412
1 12 3 188 15 145 170 19 29 78 179 46 70 160 133 7 8 11 13 14 15 17 19 20 21 22 23 24 25 26 27 28 29 33 34 35 36 37 39 40 41 43 44 45 46 47 48 50 52 53 54 56 57 58 61 63 64 65 66 67 68 69 70 71 72 76 78 79 81 82 83 85 86 89 90 91 92 93 94 95 96 97 98 100 102 103 104 105 106 108 109 110 111 115 116 117 118 119 124 125 126 127 128 129 131 133 135 136 140 142 143 145 146 147 149 150 151 153 154 156 157 158 159 160 163 164 165 167 168 169 170 171 172 173 174 175 176 178 179 180 181 182 183 184 185 186 187 188 3821253405355941452
5 2 1 19 133 7 8 11 13 14 15 17 19 20 21 22 23 24 25 26 27 28 29 33 34 35 36 37 39 40 41 43 44 45 46 47 48 50 52 53 54 56 57 58 61 63 64 65 66 67 68 69 70 71 72 76 78 79 81 82 83 85 86 89 90 91 92 93 94 95 96 97 98 100 102 103 104 105 106 108 109 110 111 115 116 117 118 119 124 125 126 127 128 129 131 133 135 136 140 142 143 145 146 147 149 150 151 153 154 156 157 158 159 160 163 164 165 167 168 169 170 171 172 173 174 175 176 178 179 180 181 182 183 184 185 186 187 188 3821253405355941452
12 3 105 0 109 133 7 8 11 13 14 15 17 19 20 21 22 23 24 25 26 27 28 29 33 34 35 36 37 39 40 41 43 44 45 46 47 48 50 52 53 54 56 57 58 61 63 64 65 66 67 68 69 70 71 72 76 78 79 81 82 83 85 86 89 90 91 92 93 94 95 96 97 98 100 102 103 104 105 106 108 109 110 111 115 116 117 118 119 124 125 126 127 128 129 131 133 135 136 140 142 143 145 146 147 149 150 151 153 154 156 157 158 159 160 163 164 165 167 168 169 170 171 172 173 174 175 176 178 179 180 181 182 183 184 185 186 187 188 10543826773986588544
2 2 44 37 133 7 8 11 13 14 15 17 19 20 21 22 23 24 25 26 27 28 29 33 34 35 36 37 39 40 41 43 44 45 46 47 48 50 52 53 54 56 57 58 61 63 64 65 66 67 68 69 70 71 72 76 78 79 81 82 83 85 86 89 90 91 92 93 94 95 96 97 98 100 102 103 104 105 106 108 109 110 111 115 116 117 118 119 124 125 126 127 128 129 131 133 135 136 140 142 143 145 146 147 149 150 151 153 154 156 157 158 159 160 163 164 165 167 168 169 170 171 172 173 174 175 176 178 179 180 181 182 183 184 185 186 187 188 10543826773986588544
10 0 133 7 8 11 13 14 15 17 19 20 21 22 23 24 25 26 27 28 29 33 34 35 36 37 39 40 41 43 44 45 46 47 48 50 52 53 54 56 57 58 61 63 64 65 66 67 68 69 70 71 72 76 78 79 81 82 83 85 86 89 90 91 92 93 94 95 96 97 98 100 102 103 104 105 106 108 109 110 111 115 116 117 118 119 124 125 126 127 128 129 131 133 135 136 140 142 143 145 146 147 149 150 151 153 154 156 157 158 159 160 163 164 165 167 168 169 170 171 172 173 174 175 176 178 179 180 181 182 183 184 185 186 187 188 10543826773986588544
12 3 8 0 127 133 7 8 11 13 14 15 17 19 20 21 22 23 24 25 26 27 28 29 33 34 35 36 37 39 40 41 43 44 45 46 47 48 50 52 53 54 56 57 58 61 63 64 65 66 67 68 69 70 71 72 76 78 79 81 82 83 85 86 89 90 91 92 93 94 95 96 97 98 100 102 103 104 105 106 108 109 110 111 115 116 117 118 119 124 125 126 127 128 129 131 133 135 136 140 142 143 145 146 147 149 150 151 153 154 156 157 158 159 160 163 164 165 167 168 169 170 171 172 173 174 175 176 178 179 180 181 182 183 184 185 186 187 188 6788315079912076601
10 0 133 7 8 11 13 14 15 17 19 20 21 22 23 24 25 26 27 28 29 33 34 35 36 37 39 40 41 43 44 45 46 47 48 50 52 53 54 56 57 58 61 63 64 65 66 67 68 69 70 71 72 76 78 79 81 82 83 85 86 89 90 91 92 93 94 95 96 97 98 100 102 103 104 105 106 108 109 110 111 115 116 117 118 119 124 125 126 127 128 129 131 133 135 136 140 142 143 145 146 147 149 150 151 153 154 156 157 158 159 160 163 164 165 167 168 169 170 171 172 173 174 175 176 178 179 180 181 182 183 184 185 186 187 188 6788315079912076601
12 3 159 0 27 133 7 8 11 13 14 15 17 19 20 21 22 23 24 25 26 27 28 29 33 34 35 36 37 39 40 41 43 44 45 46 47 48 50 52 53 54 56 57 58 61 63 64 65 66 67 68 69 70 71 72 76 78 79 81 82 83 85 86 89 90 91 92 93 94 95 96 97 98 100 102 103 104 105 106 108 109 110 111 115 116 117 118 119 124 125 126 127 128 129 131 133 135 136 140 142 143 145 146 147 149 150 151 153 154 156 157 158 159 160 163 164 165 167 168 169 170 171 172 173 174 175 176 178 179 180 181 182 183 184 185 186 187 188 9882291344838326922
10 0 133 7 8 11 13 14 15 17 19 20 21 22 23 24 25 26 27 28 29 33 34 35 36 37 39 40 41 43 44 45 46 47 48 50 52 53 54 56 57 58 61 63 64 65 66 67 68 69 70 71 72 76 78 79 81 82 83 85 86 89 90 91 92 93 94 95 96 97 98 100 102 103 104 105 106 108 109 110 111 115 116 117 118 119 124 125 126 127 128 129 131 133 135 136 140 142 143 145 146 147 149 150 151 153 154 156 157 158 159 160 163 164 165 167 168 169 170 171 172 173 174 175 176 178 179 180 181 182 183 184 185 186 187 188 9882291344838326922
4 1 9 133 7 8 11 13 14 15 17 19 20 21 22 23 24 25 26 27 28 29 33 34 35 36 37 39 40 41 43 44 45 46 47 48 50 52 53 54 56 57 58 61 63 64 65 66 67 68 69 70 71 72 76 78 79 81 82 83 85 86 89 90 91 92 93 94 95 96 97 98 100 102 103 104 105 106 108 109 110 111 115 116 117 118 119 124 125 126 127 128 129 131 133 135 136 140 142 143 145 146 147 149 150 151 153 154 156 157 158 159 160 163 164 165 167 168 169 170 171 172 173 174 175 176 178 179 180 181 182 183 184 185 186 187 188 9882291344838326922
5 2 6 125 133 7 8 11 13 14 15 17 19 20 21 22 23 24 25 26 27 28 29 33 34 35 36 37 39 40 41 43 44 45 46 47 48 50 52 53 54 56 57 58 61 63 64 65 66 67 68 69 70 71 72 76 78 79 81 82 83 85 86 89 90 91 92 93 94 95 96 97 98 100 102 103 104 105 106 108 109 110 111 115 116 117 118 119 124 125 126 127 128 129 131 133 135 136 140 142 143 145 146 147 149 150 151 153 154 156 157 158 159 160 163 164 165 167 168 169 170 171 172 173 174 175 176 178 179 180 181 182 183 184 185 186 187 188 9882291344838326922
8 1 188 133 7 8 11 13 14 15 17 19 20 21 22 23 24 25 26 27 28 29 33 34 35 36 37 39 40 41 43 44 45 46 47 48 50 52 53 54 56 57 58 61 63 64 65 66 67 68 69 70 71 72 76 78 79 81 82 83 85 86 89 90 91 92 93 94 95 96 97 98 100 102 103 104 105 106 108 109 110 111 115 116 117 118 119 124 125 126 127 128 129 131 133 135 136 140 142 143 145 146 147 149 150 151 153 154 156 157 158 159 160 163 164 165 167 168 169 170 171 172 173 174 175 176 178 179 180 181 182 183 184 185 186 187 188 9882291344838326922
14 1 2 133 7 8 11 13 14 15 17 19 20 21 22 23 24 25 26 27 28 29 33 34 35 36 37 39 40 41 43 44 45 46 47 48 50 52 53 54 56 57 58 61 63 64 65 66 67 68 69 70 71 72 76 78 79 81 82 83 85 86 89 90 91 92 93 94 95 96 97 98 100 102 103 104 105 106 108 109 110 111 115 116 117 118 119 124 125 126 127 128 129 131 133 135 136 140 142 143 145 146 147 149 150 151 153 154 156 157 158 159 160 163 164 165 167 168 169 170 171 172 173 174 175 176 178 179 180 181 182 183 184 185 186 187 188 9882291344838326922
12 3 40 0 23 133 7 8 11 13 14 15 17 19 20 21 22 23 24 25 26 27 28 29 33 34 35 36 37 39 40 41 43 44 45 46 47 48 50 52 53 54 56 57 58 61 63 64 65 66 67 68 69 70 71 72 76 78 79 81 82 83 85 86 89 90 91 92 93 94 95 96 97 98 100 102 103 104 105 106 108 109 110 111 115 116 117 118 119 124 125 126 127 128 129 131 133 135 136 140 142 143 145 146 147 149 150 151 153 154 156 157 158 159 160 163 164 165 167 168 169 170 171 172 173 174 175 176 178 179 180 181 182 183 184 185 186 187 188 12167184946245049822
3 1 61 132 7 8 11 13 14 15 17 19 20 21 22 23 24 25 26 27 28 29 33 34 35 36 37 39 40 41 43 44 45 46 47 48 50 52 53 54 56 57 58 61 63 64 65 66 67 68 69 70 71 72 76 78 79 81 82 83 85 86 89 90 91 92 93 94 95 96 97 98 100 102 103 104 105 106 108 109 110 111 115 116 117 118 119 124 125 126 127 128 129 131 133 135 136 140 142 143 145 146 147 149 150 151 153 154 156 157 158 159 160 163 165 167 168 169 170 171 172 173 174 175 176 178 179 180 181 182 183 184 185 186 187 188 6014961068474410629
7 2 6 61 132 7 8 11 13 14 15 17 19 20 21 22 23 24 25 26 27 28 29 33 34 35 36 37 39 40 41 43 44 45 46 47 48 50 52 53 54 56 57 58 61 63 64 65 66 67 68 69 70 71 72 76 78 79 81 82 83 85 86 89 90 91 92 93 94 95 96 97 98 100 102 103 104 105 106 108 109 110 111 115 116 117 118 119 124 125 126 127 128 129 131 133 135 136 140 142 143 145 146 147 149 150 151 153 154 156 157 158 159 160 163 165 167 168 169 170 171 172 173 174 175 176 178 179 180 181 182 183 184 185 186 187 188 6014961068474410629
8 1 176 132 7 8 11 13 14 15 17 19 20 21 22 23 24 25 26 27 28 29 33 34 35 36 37 39 40 41 43 44 45 46 47 48 50 52 53 54 56 57 58 61 63 64 65 66 67 68 69 70 71 72 76 78 79 81 82 83 85 86 89 90 91 92 93 94 95 96 97 98 100 102 103 104 105 106 108 109 110 111 115 116 117 118 119 124 125 126 127 128 129 131 133 135 136 140 142 143 145 146 147 149 150 151 153 154 156 157 158 159 160 163 165 167 168 169 170 171 172 173 174 175 176 178 179 180 181 182 183 184 185 186 187 188 6014961068474410629
6 2 1 26 132 7 8 11 13 14 15 17 19 20 21 22 23 24 25 26 27 28 29 33 34 35 36 37 39 40 41 43 44 45 46 47 48 50 52 53 54 56 57 58 61 63 64 65 66 67 68 69 70 71 72 76 78 79 81 82 83 85 86 89 90 91 92 93 94 95 96 97 98 100 102 103 104 105 106 108 109 110 111 115 116 117 118 119 124 125 126 127 128 129 131 133 135 136 140 142 143 145 146 147 149 150 151 153 154 156 157 158 159 160 163 165 167 168 169 170 171 172 173 174 175 176 178 179 180 181 182 183 184 185 186 187 188 6014961068474410629
1 19 3 189 26 58 29 41 188 124 70 154 61 133 25 133 56 66 98 168 69 133 7 8 11 13 14 15 17 19 20 21 22 23 24 25 26 27 28 29 33 34 35 36 37 39 40 41 43 44 45 46 47 48 50 52 53 54 56 57 58 61 63 64 65 66 67 68 69 70 71 72 76 78 79 81 82 83 85 86 89 90 91 92 93 94 95 96 97 98 100 102 103 104 105 106 108 109 110 111 115 116 117 118 119 124 125 126 127 128 129 131 133 135 136 140 142 143 145 146 147 149 150 151 153 154 156 157 158 159 160 163 165 167 168 169 170 171 172 173 174 175 176 178 179 180 181 182 183 184 185 186 187 188 189 4888528806705571128
5 2 3 169 133 7 8 11 13 14 15 17 19 20 21 22 23 24 25 26 27 28 29 33 34 35 36 37 39 40 41 43 44 45 46 47 48 50 52 53 54 56 57 58 61 63 64 65 66 67 68 69 70 71 72 76 78 79 81 82 83 85 86 89 90 91 92 93 94 95 96 97 98 100 102 103 104 105 106 108 109 110 111 115 116 117 118 119 124 125 126 127 128 129 131 133 135 136 140 142 143 145 146 147 149 150 151 153 154 156 157 158 159 160 163 165 167 168 169 170 171 172 173 174 175 176 178 179 180 181 182 183 184 185 186 187 188 189 4888528806705571128
13 2 135 111 133 7 8 11 13 14 15 17 19 20 21 22 23 24 25 26 27 28 29 33 34 35 36 37 39 40 41 43 44 45 46 47 48 50 52 53 54 56 57 58 61 63 64 65 66 67 68 69 70 71 72 76 78 79 81 82 83 85 86 89 90 91 92 93 94 95 96 97 98 100 102 103 104 105 106 108 109 110 111 115 116 117 118 119 124 125 126 127 128 129 131 133 135 136 140 142 143 145 146 147 149 150 151 153 154 156 157 158 159 160 163 165 167 168 169 170 171 172 173 174 175 176 178 179 180 181 182 183 184 185 186 187 188 189 5647570650826893410
13 2 41 82 133 7 8 11 13 14 15 17 19 20 21 22 23 24 25 26 27 28 29 33 34 35 36 37 39 40 41 43 44 45 46 47 48 50 52 53 54 56 57 58 61 63 64 65 66 67 68 69 70 71 72 76 78 79 81 82 83 85 86 89 90 91 92 93 94 95 96 97 98 100 102 103 104 105 106 108 109 110 111 115 116 117 118 119 124 125 126 127 128 129 131 133 135 136 140 142 143 145 146 147 149 150 151 153 154 156 157 158 159 160 163 165 167 168 169 170 171 172 173 174 175 176 178 179 180 181 182 183 184 185 186 187 188 189 14630079573617347497
9 1 32 133 7 8 11 13 14 15 17 19 20 21 22 23 24 25 26 27 28 29 33 34 35 36 37 39 40 41 43 44 45 46 47 48 50 52 53 54 56 57 58 61 63 64 65 66 67 68 69 70 71 72 76 78 79 81 82 83 85 86 89 90 91 92 93 94 95 96 97 98 100 102 103 104 105 106 108 109 110 111 115 116 117 118 119 124 125 126 127 128 129 131 133 135 136 140 142 143 145 146 147 149 150 151 153 154 156 157 158 159 160 163 165 167 168 169 170 171 172 173 174 175 176 178 179 180 181 182 183 184 185 186 187 188 189 14630079573617347497
9 1 57 133 7 8 11 13 14 15 17 19 20 21 22 23 24 25 26 27 28 29 33 34 35 36 37 39 40 41 43 44 45 46 47 48 50 52 53 54 56 57 58 61 63 64 65 66 67 68 69 70 71 72 76 78 79 81 82 83 85 86 89 90 91 92 93 94 95 96 97 98 100 102 103 104 105 106 108 109 110 111 115 116 117 118 119 124 125 126 127 128 129 131 133 135 136 140 142 143 145 146 147 149 150 151 153 154 156 157 158 159 160 163 165 167 168 169 170 171 172 173 174 175 176 178 179 180 181 182 183 184 185 186 187 188 189 14630079573617347497
14 1 32 133 7 8 11 13 14 15 17 19 20 21 22 23 24 25 26 27 28 29 33 34 35 36 37 39 40 41 43 44 45 46 47 48 50 52 53 54 56 57 58 61 63 64 65 66 67 68 69 70 71 72 76 78 79 81 82 83 85 86 89 90 91 92 93 94 95 96 97 98 100 102 103 104 105 106 108 109 110 111 115 116 117 118 119 124 125 126 127 128 129 131 133 135 136 140 142 143 145 146 147 149 150 151 153 154 156 157 158 159 160 163 165 167 168 169 170 171 172 173 174 175 176 178 179 180 181 182 183 184 185 186 187 188 189 14630079573617347497
1 4 2 190 57 78 134 7 8 11 13 14 15 17 19 20 21 22 23 24 25 26 27 28 29 33 34 35 36 37 39 40 41 43 44 45 46 47 48 50 52 53 54 56 57 58 61 63 64 65 66 67 68 69 70 71 72 76 78 79 81 82 83 85 86 89 90 91 92 93 94 95 96 97 98 100 102 103 104 105 106 108 109 110 111 115 116 117 118 119 124 125 126 127 128 129 131 133 135 136 140 142 143 145 146 147 149 150 151 153 154 156 157 158 159 160 163 165 167 168 169 170 171 172 173 174 175 176 178 179 180 181 182 183 184 185 186 187 188 189 190 2439318423409162624
8 1 188 134 7 8 11 13 14 15 17 19 20 21 22 23 24 25 26 27 28 29 33 34 35 36 37 39 40 41 43 44 45 46 47 48 50 52 53 54 56 57 58 61 63 64 65 66 67 68 69 70 71 72 76 78 79 81 82 83 85 86 89 90 91 92 93 94 95 96 97 98 100 102 103 104 105 106 108 109 110 111 115 116 117 118 119 124 125 126 127 128 129 131 133 135 136 140 142 143 145 146 147 149 150 151 153 154 156 157 158 159 160 163 165 167 168 169 170 171 172 173 174 175 176 178 179 180 181 182 183 184 185 186 187 188 189 190 2439318423409162624
10 0 132 7 8 11 13 14 15 17 19 20 21 22 23 24 25 26 27 28 29 33 34 35 36 37 39 40 41 43 44 45 46 47 48 50 52 53 54 56 57 58 61 63 64 65 66 67 68 69 70 71 72 76 78 79 81 82 83 85 86 89 90 91 92 93 94 95 96 97 98 100 102 103 104 105 106 108 109 110 111 115 116 117 118 119 124 125 127 128 129 131 133 135 136 140 142 143 145 146 147 149 150 151 153 154 156 157 158 159 160 163 165 168 169 170 171 172 173 174 175 176 178 179 180 181 182 183 184 185 186 187 188 189 190 6253826227173804607
8 1 179 132 7 8 11 13 14 15 17 19 20 21 22 23 24 25 26 27 28 29 33 34 35 36 37 39 40 41 43 44 45 46 47 48 50 52 53 54 56 57 58 61 63 64 65 66 67 68 69 70 71 72 76 78 79 81 82 83 85 86 89 90 91 92 93 94 95 96 97 98 100 102 103 104 105 106 108 109 110 111 115 116 117 118 119 124 125 127 128 129 131 133 135 136 140 142 143 145 146 147 149 150 151 153 154 156 157 158 159 160 163 165 168 169 170 171 172 173 174 175 176 178 179 180 181 182 183 184 185 186 187 188 189 190 6253826227173804607
8 1 153 132 7 8 11 13 14 15 17 19 20 21 22 23 24 25 26 27 28 29 33 34 35 36 37 39 40 41 43 44 45 46 47 48 50 52 53 54 56 57 58 61 63 64 65 66 67 68 69 70 71 72 76 78 79 81 82 83 85 86 89 90 91 92 93 94 95 96 97 98 100 102 103 104 105 106 108 109 110 111 115 116 117 118 119 124 125 127 128 129 131 133 135 136 140 142 143 145 146 147 149 150 151 153 154 156 157 158 159 160 163 165 168 169 170 171 172 173 174 175 176 178 179 180 181 182 183 184 185 186 187 188 189 190 6253826227173804607
5 2 1 180 131 7 8 11 13 14 15 17 19 20 21 22 23 24 25 26 27 28 29 33 34 35 36 37 39 40 41 43 44 45 46 47 48 50 52 53 54 56 57 58 61 63 64 65 66 67 68 69 70 71 72 76 78 79 81 82 83 85 86 89 90 91 92 93 94 95 96 97 98 100 102 103 104 105 106 108 109 110 111 115 116 117 118 119 124 125 127 128 129 131 133 135 136 140 142 143 145 146 147 149 150 151 153 154 156 157 158 159 160 163 165 168 169 170 171 172 173 175 176 178 179 180 181 182 183 184 185 186 187 188 189 190 4138200070200248791
1 3 3 191 32 132 7 8 11 13 14 15 17 19 20 21 22 23 24 25 26 27 28 29 33 34 35 36 37 39 40 41 43 44 45 46 47 48 50 52 53 54 56 57 58 61 63 64 65 66 67 68 69 70 71 72 76 78 79 81 82 83 85 86 89 90 91 92 93 94 95 96 97 98 100 102 103 104 105 106 108 109 110 111 115 116 117 118 119 124 125 127 128 129 131 133 135 136 140 142 143 145 146 147 149 150 151 153 154 156 157 158 159 160 163 165 168 169 170 171 172 173 175 176 178 179 180 181 182 183 184 185 186 187 188 189 190 191 8812058428160532979
14 1 8 132 7 8 11 13 14 15 17 19 20 21 22 23 24 25 26 27 28 29 33 34 35 36 37 39 40 41 43 44 45 46 47 48 50 52 53 54 56 57 58 61 63 64 65 66 67 68 69 70 71 72 76 78 79 81 82 83 85 86 89 90 91 92 93 94 95 96 97 98 100 102 103 104 105 106 108 109 110 111 115 116 117 118 119 124 125 127 128 129 131 133 135 136 140 142 143 145 146 147 149 150 151 153 154 156 157 158 159 160 163 165 168 169 170 171 172 173 175 176 178 179 180 181 182 183 184 185 186 187 188 189 190 191 8812058428160532979
12 3 71 5 46 132 7 8 11 13 14 15 17 19 20 21 22 23 24 25 26 27 28 29 33 34 35 36 37 39 40 41 43 44 45 46 47 48 50 52 53 54 56 57 58 61 63 64 65 66 67 68 69 70 71 72 76 78 79 81 82 83 85 86 89 90 91 92 93 94 95 96 97 98 100 102 103 104 105 106 108 109 110 111 115 116 117 118 119 124 125 127 128 129 131 133 135 136 140 142 143 145 146 147 149 150 151 153 154 156 157 158 159 160 163 165 168 169 170 171 172 173 175 176 178 179 180 181 182 183 184 185 186 187 188 189 190 191 4277659100324173837
8 1 176 132 7 8 11 13 14 15 17 19 20 21 22 23 24 25 26 27 28 29 33 34 35 36 37 39 40 41 43 44 45 46 47 48 50 52 53 54 56 57 58 61 63 64 65 66 67 68 69 70 71 72 76 78 79 81 82 83 85 86 89 90 91 92 93 94 95 96 97 98 100 102 103 104 105 106 108 109 110 111 115 116 117 118 119 124 125 127 128 129 131 133 135 136 140 142 143 145 146 147 149 150 151 153 154 156 157 158 159 160 163 165 168 169 170 171 172 173 175 176 178 179 180 181 182 183 184 185 186 187 188 189 190 191 4277659100324173837
9 1 53 132 7 8 11 13 14 15 17 19 20 21 22 23 24 25 26 27 28 29 33 34 35 36 37 39 40 41 43 44 45 46 47 48 50 52 53 54 56 57 58 61 63 64 65 66 67 68 69 70 71 72 76 78 79 81 82 83 85 86 89 90 91 92 93 94 95 96 97 98 100 102 103 104 105 106 108 109 110 111 115 116 117 118 119 124 125 127 128 129 131 133 135 136 140 142 143 145 146 147 149 150 151 153 154 156 157 158 159 160 163 165 168 169 170 171 172 173 175 176 178 179 180 181 182 183 184 185 186 187 188 189 190 191 4277659100324173837
3 1 45 132 7 8 11 13 14 15 17 19 20 21 22 23 24 25 26 27 28 29 33 34 35 36 37 39 40 41 43 44 45 46 47 48 50 52 53 54 56 57 58 61 63 64 65 66 67 68 69 70 71 72 76 78 79 81 82 83 85 86 89 90 91 92 93 94 95 96 97 98 100 102 103 104 105 106 108 109 110 111 115 116 117 118 119 124 125 127 128 129 131 133 135 136 140 142 143 145 146 147 149 150 151 153 154 156 157 158 159 160 163 165 168 169 170 171 172 173 175 176 178 179 180 181 182 183 184 185 186 187 188 189 190 191 4277659100324173837
3 1 26 131 7 8 11 13 14 15 17 19 20 21 22 23 24 25 26 27 28 29 33 34 35 36 37 39 40 41 43 44 45 46 47 48 50 52 53 54 56 57 58 61 63 64 65 66 67 68 69 70 71 72 76 78 79 81 82 83 85 86 89 90 91 92 93 94 95 96 97 98 100 102 103 104 105 106 108 109 110 111 115 116 117 118 119 124 125 127 128 129 131 133 135 136 140 142 143 145 146 147 149 150 151 153 154 156 157 158 159 160 163 165 168 169 170 171 172 173 175 176 178 179 180 181 182 183 184 185 186 187 188 190 191 14592127045203958464
1 4 3 192 26 71 132 7 8 11 13 14 15 17 19 20 21 22 23 24 25 26 27 28 29 33 34 35 36 37 39 40 41 43 44 45 46 47 48 50 52 53 54 56 57 58 61 63 64 65 66 67 68 69 70 71 72 76 78 79 81 82 83 85 86 89 90 91 92 93 94 95 96 97 98 100 102 103 104 105 106 108 109 110 111 115 116 117 118 119 124 125 127 128 129 131 133 135 136 140 142 143 145 146 147 149 150 151 153 154 156 157 158 159 160 163 165 168 169 170 171 172 173 175 176 178 179 180 181 182 183 184 185 186 187 188 190 191 192 3014328635527262717
1 12 2 193 45 111 94 133 176 28 186 92 78 52 133 7 8 11 13 14 15 17 19 20 21 22 23 24 25 26 27 28 29 33 34 35 36 37 39 40 41 43 44 45 46 47 48 50 52 53 54 56 57 58 61 63 64 65 66 67 68 69 70 71 72 76 78 79 81 82 83 85 86 89 90 91 92 93 94 95 96 97 98 100 102 103 104 105 106 108 109 110 111 115 116 117 118 119 124 125 127 128 129 131 133 135 136 140 142 143 145 146 147 149 150 151 153 154 156 157 158 159 160 163 165 168 169 170 171 172 173 175 176 178 179 180 181 182 183 184 185 186 187 188 190 191 192 193 8844509581019062590
14 1 32 133 7 8 11 13 14 15 17 19 20 21 22 23 24 25 26 27 28 29 33 34 35 36 37 39 40 41 43 44 45 46 47 48 50 52 53 54 56 57 58 61 63 64 65 66 67 68 69 70 71 72 76 78 79 81 82 83 85 86 89 90 91 92 93 94 95 96 97 98 100 102 103 104 105 106 108 109 110 111 115 116 117 118 119 124 125 127 128 129 131 133 135 136 140 142 143 145 146 147 149 150 151 153 154 156 157 158 159 160 163 165 168 169 170 171 172 173 175 176 178 179 180 181 182 183 184 185 186 187 188 190 191 192 193 8844509581019062590
5 2 1 20 133 7 8 11 13 14 15 17 19 20 21 22 23 24 25 26 27 28 29 33 34 35 36 37 39 40 41 43 44 45 46 47 48 50 52 53 54 56 57 58 61 63 64 65 66 67 68 69 70 71 72 76 78 79 81 82 83 85 86 89 90 91 92 93 94 95 96 97 98 100 102 103 104 105 106 108 109 110 111 115 116 117 118 119 124 125 127 128 129 131 133 135 136 140 142 143 145 146 147 149 150 151 153 154 156 157 158 159 160 163 165 168 169 170 171 172 173 175 176 178 179 180 181 182 183 184 185 186 187 188 190 191 192 193 8844509581019062590
14 1 2 133 7 8 11 13 14 15 17 19 20 21 22 23 24 25 26 27 28 29 33 34 35 36 37 39 40 41 43 44 45 46 47 48 50 52 53 54 56 57 58 61 63 64 65 66 67 68 69 70 71 72 76 78 79 81 82 83 85 86 89 90 91 92 93 94 95 96 97 98 100 102 103 104 105 106 108 109 110 111 115 116 117 118 119 124 125 127 128 129 131 133 135 136 140 142 143 145 146 147 149 150 151 153 154 156 157 158 159 160 163 165 168 169 170 171 172 173 175 176 178 179 180 181 182 183 184 185 186 187 188 190 191 192 193 8844509581019062590
3 1 13 133 7 8 11 13 14 15 17 19 20 21 22 23 24 25 26 27 28 29 33 34 35 36 37 39 40 41 43 44 45 46 47 48 50 52 53 54 56 57 58 61 63 64 65 66 67 68 69 70 71 72 76 78 79 81 82 83 85 86 89 90 91 92 93 94 95 96 97 98 100 102 103 104 105 106 108 109 110 111 115 116 117 118 119 124 125 127 128 129 131 133 135 136 140 142 143 145 146 147 149 150 151 153 154 156 157 158 159 160 163 165 168 169 170 171 172 173 175 176 178 179 180 181 182 183 184 185 186 187 188 190 191 192 193 8844509581019062590
3 1 26 132 7 8 11 13 14 15 17 19 20 21 22 23 24 25 26 27 28 29 33 34 35 36 37 39 40 41 43 44 45 46 47 48 50 52 53 54 56 57 58 61 63 64 65 66 67 68 69 70 71 72 76 78 79 81 82 83 85 86 89 90 91 92 93 94 95 96 97 98 100 102 103 104 105 106 108 109 110 111 115 116 117 118 119 124 125 127 128 129 131 133 135 136 140 142 143 145 146 147 149 150 151 153 154 156 157 158 159 160 163 165 168 169 170 171 172 173 175 176 178 179 180 181 182 183 184 185 186 187 188 190 191 193 6861100497630679897
14 1 8 132 7 8 11 13 14 15 17 19 20 21 22 23 24 25 26 27 28 29 33 34 35 36 37 39 40 41 43 44 45 46 47 48 50 52 53 54 56 57 58 61 63 64 65 66 67 68 69 70 71 72 76 78 79 81 82 83 85 86 89 90 91 92 93 94 95 96 97 98 100 102 103 104 105 106 108 109 110 111 115 116 117 118 119 124 125 127 128 129 131 133 135 136 140 142 143 145 146 147 149 150 151 153 154 156 157 158 159 160 163 165 168 169 170 171 172 173 175 176 178 179 180 181 182 183 184 185 186 187 188 190 191 193 6861100497630679897
8 1 104 132 7 8 11 13 14 15 17 19 20 21 22 23 24 25 26 27 28 29 33 34 35 36 37 39 40 41 43 44 45 46 47 48 50 52 53 54 56 57 58 61 63 64 65 66 67 68 69 70 71 72 76 78 79 81 82 83 85 86 89 90 91 92 93 94 95 96 97 98 100 102 103 104 105 106 108 109 110 111 115 116 117 118 119 124 125 127 128 129 131 133 135 136 140 142 143 145 146 147 149 150 151 153 154 156 157 158 159 160 163 165 168 169 170 171 172 173 175 176 178 179 180 181 182 183 184 185 186 187 188 190 191 193 6861100497630679897
1 6 2 194 13 150 135 17 133 7 8 11 13 14 15 17 19 20 21 22 23 24 25 26 27 28 29 33 34 35 36 37 39 40 41 43 44 45 46 47 48 50 52 53 54 56 57 58 61 63 64 65 66 67 68 69 70 71 72 76 78 79 81 82 83 85 86 89 90 91 92 93 94 95 96 97 98 100 102 103 104 105 106 108 109 110 111 115 116 117 118 119 124 125 127 128 129 131 133 135 136 140 142 143 145 146 147 149 150 151 153 154 156 157 158 159 160 163 165 168 169 170 171 172 173 175 176 178 179 180 181 182 183 184 185 186 187 188 190 191 193 194 4720665004799543454
12 3 71 1 115 133 7 8 11 13 14 15 17 19 20 21 22 23 24 25 26 27 28 29 33 34 35 36 37 39 40 41 43 44 45 46 47 48 50 52 53 54 56 57 58 61 63 64 65 66 67 68 69 70 71 72 76 78 79 81 82 83 85 86 89 90 91 92 93 94 95 96 97 98 100 102 103 104 105 106 108 109 110 111 115 116 117 118 119 124 125 127 128 129 131 133 135 136 140 142 143 145 146 147 149 150 151 153 154 156 157 158 159 160 163 165 168 169 170 171 172 173 175 176 178 179 180 181 182 183 184 185 186 187 188 190 191 193 194 13855965315258200675
12 3 170 1 186 133 7 8 11 13 14 15 17 19 20 21 22 23 24 25 26 27 28 29 33 34 35 36 37 39 40 41 43 44 45 46 47 48 50 52 53 54 56 57 58 61 63 64 65 66 67 68 69 70 71 72 76 78 79 81 82 83 85 86 89 90 91 92 93 94 95 96 97 98 100 102 103 104 105 106 108 109 110 111 115 116 117 118 119 124 125 127 128 129 131 133 135 136 140 142 143 145 146 147 149 150 151 153 154 156 157 158 159 160 163 165 168 169 170 171 172 173 175 176 178 179 180 181 182 183 184 185 186 187 188 190 191 193 194 1031490234078181135
8 1 165 133 7 8 11 13 14 15 17 19 20 21 22 23 24 25 26 27 28 29 33 34 35 36 37 39 40 41 43 44 45 46 47 48 50 52 53 54 56 57 58 61 63 64 65 66 67 68 69 70 71 72 76 78 79 81 82 83 85 86 89 90 91 92 93 94 95 96 97 98 100 102 103 104 105 106 108 109 110 111 115 116 117 118 119 124 125 127 128 129 131 133 135 136 140 142 143 145 146 147 149 150 151 153 154 156 157 158 159 160 163 165 168 169 170 171 172 173 175 176 178 179 180 181 182 183 184 185 186 187 188 190 191 193 194 1031490234078181135
14 1 8 133 7 8 11 13 14 15 17 19 20 21 22 23 24 25 26 27 28 29 33 34 35 36 37 39 40 41 43 44 45 46 47 48 50 52 53 54 56 57 58 61 63 64 65 66 67 68 69 70 71 72 76 78 79 81 82 83 85 86 89 90 91 92 93 94 95 96 97 98 100 102 103 104 105 106 108 109 110 111 115 116 117 118 119 124 125 127 128 129 131 133 135 136 140 142 143 145 146 147 149 150 151 153 154 156 157 158 159 160 163 165 168 169 170 171 172 173 175 176 178 179 180 181 182 183 184 185 186 187 188 190 191 193 194 1031490234078181135
1 3 1 195 53 134 7 8 11 13 14 15 17 19 20 21 22 23 24 25 26 27 28 29 33 34 35 36 37 39 40 41 43 44 45 46 47 48 50 52 53 54 56 57 58 61 63 64 65 66 67 68 69 70 71 72 76 78 79 81 82 83 85 86 89 90 91 92 93 94 95 96 97 98 100 102 103 104 105 106 108 109 110 111 115 116 117 118 119 124 125 127 128 129 131 133 135 136 140 142 143 145 146 147 149 150 151 153 154 156 157 158 159 160 163 165 168 169 170 171 172 173 175 176 178 179 180 181 182 183 184 185 186 187 188 190 191 193 194 195 16095655547530640634
12 3 63 2 143 134 7 8 11 13 14 15 17 19 20 21 22 23 24 25 26 27 28 29 33 34 35 36 37 39 40 41 43 44 45 46 47 48 50 52 53 54 56 57 58 61 63 64 65 66 67 68 69 70 71 72 76 78 79 81 82 83 85 86 89 90 91 92 93 94 95 96 97 98 100 102 103 104 105 106 108 109 110 111 115 116 117 118 119 124 125 127 128 129 131 133 135 136 140 142 143 145 146 147 149 150 151 153 154 156 157 158 159 160 163 165 168 169 170 171 172 173 175 176 178 179 180 181 182 183 184 185 186 187 188 190 191 193 194 195 11314800980548233320
14 1 8 134 7 8 11 13 14 15 17 19 20 21 22 23 24 25 26 27 28 29 33 34 35 36 37 39 40 41 43 44 45 46 47 48 50 52 53 54 56 57 58 61 63 64 65 66 67 68 69 70 71 72 76 78 79 81 82 83 85 86 89 90 91 92 93 94 95 96 97 98 100 102 103 104 105 106 108 109 110 111 115 116 117 118 119 124 125 127 128 129 131 133 135 136 140 142 143 145 146 147 149 150 151 153 154 156 157 158 159 160 163 165 168 169 170 171 172 173 175 176 178 179 180 181 182 183 184 185 186 187 188 190 191 193 194 195 11314800980548233320
11 0 134 7 8 11 13 14 15 17 19 20 21 22 23 24 25 26 27 28 29 33 34 35 36 37 39 40 41 43 44 45 46 47 48 50 52 53 54 56 57 58 61 63 64 65 66 67 68 69 70 71 72 76 78 79 81 82 83 85 86 89 90 91 92 93 94 95 96 97 98 100 102 103 104 105 106 108 109 110 111 115 116 117 118 119 124 125 127 128 129 131 133 135 136 140 142 143 145 146 147 149 150 151 153 154 156 157 158 159 160 163 165 168 169 170 171 172 173 175 176 178 179 180 181 182 183 184 185 186 187 188 190 191 193 194 195 11314800980548233320
5 2 0 149 134 7 8 11 13 14 15 17 19 20 21 22 23 24 25 26 27 28 29 33 34 35 36 37 39 40 41 43 44 45 46 47 48 50 52 53 54 56 57 58 61 63 64 65 66 67 68 69 70 71 72 76 78 79 81 82 83 85 86 89 90 91 92 93 94 95 96 97 98 100 102 103 104 105 106 108 109 110 111 115 116 117 118 119 124 125 127 128 129 131 133 135 136 140 142 143 145 146 147 149 150 151 153 154 156 157 158 159 160 163 165 168 169 170 171 172 173 175 176 178 179 180 181 182 183 184 185 186 187 188 190 191 193 194 195 11314800980548233320
7 2 1 26 134 7 8 11 13 14 15 17 19 20 21 22 23 24 25 26 27 28 29 33 34 35 36 37 39 40 41 43 44 45 46 47 48 50 52 53 54 56 57 58 61 63 64 65 66 67 68 69 70 71 72 76 78 79 81 82 83 85 86 89 90 91 92 93 94 95 96 97 98 100 102 103 104 105 106 108 109 110 111 115 116 117 118 119 124 125 127 128 129 131 133 135 136 140 142 143 145 146 147 149 150 151 153 154 156 157 158 159 160 163 165 168 169 170 171 172 173 175 176 178 179 180 181 182 183 184 185 186 187 188 190 191 193 194 195 11314800980548233320
14 1 33 134 7 8 11 13 14 15 17 19 20 21 22 23 24 25 26 27 28 29 33 34 35 36 37 39 40 41 43 44 45 46 47 48 50 52 53 54 56 57 58 61 63 64 65 66 67 68 69 70 71 72 76 78 79 81 82 83 85 86 89 90 91 92 93 94 95 96 97 98 100 102 103 104 105 106 108 109 110 111 115 116 117 118 119 124 125 127 128 129 131 133 135 136 140 142 143 145 146 147 149 150 151 153 154 156 157 158 159 160 163 165 168 169 170 171 172 173 175 176 178 179 180 181 182 183 184 185 186 187 188 190 191 193 194 195 11314800980548233320
3 1 48 133 7 8 11 13 14 15 17 19 20 21 22 23 24 25 26 27 28 29 33 34 35 36 37 39 40 41 43 44 45 46 47 48 50 52 53 54 56 57 58 61 63 64 65 66 67 68 69 70 71 72 76 78 79 81 82 83 85 86 89 90 91 92 93 94 95 96 97 98 100 102 103 104 105 106 108 109 110 111 115 116 117 118 119 124 125 127 128 129 131 133 135 136 140 142 143 145 146 147 149 150 151 153 154 156 157 158 159 160 163 165 168 169 170 171 172 173 175 176 178 179 180 182 183 184 185 186 187 188 190 191 193 194 195 15147264954995183207
12 3 70 0 43 133 7 8 11 13 14 15 17 19 20 21 22 23 24 25 26 27 28 29 33 34 35 36 37 39 40 41 43 44 45 46 47 48 50 52 53 54 56 57 58 61 63 64 65 66 67 68 69 70 71 72 76 78 79 81 82 83 85 86 89 90 91 92 93 94 95 96 97 98 100 102 103 104 105 106 108 109 110 111 115 116 117 118 119 124 125 127 128 129 131 133 135 136 140 142 143 145 146 147 149 150 151 153 154 156 157 158 159 160 163 165 168 169 170 171 172 173 175 176 178 179 180 182 183 184 185 186 187 188 190 191 193 194 195 951959130804825251
7 2 0 48 133 7 8 11 13 14 15 17 19 20 21 22 23 24 25 26 27 28 29 33 34 35 36 37 39 40 41 43 44 45 46 47 48 50 52 53 54 56 57 58 61 63 64 65 66 67 68 69 70 71 72 76 78 79 81 82 83 85 86 89 90 91 92 93 94 95 96 97 98 100 102 103 104 105 106 108 109 110 111 115 116 117 118 119 124 125 127 128 129 131 133 135 136 140 142 143 145 146 147 149 150 151 153 154 156 157 158 159 160 163 165 168 169 170 171 172 173 175 176 178 179 180 182 183 184 185 186 187 188 190 191 193 194 195 951959130804825251
10 0 133 7 8 11 13 14 15 17 19 20 21 22 23 24 25 26 27 28 29 33 34 35 36 37 39 40 41 43 44 45 46 47 48 50 52 53 54 56 57 58 61 63 64 65 66 67 68 69 70 71 72 76 78 79 81 82 83 85 86 89 90 91 92 93 94 95 96 97 98 100 102 103 104 105 106 108 109 110 111 115 116 117 118 119 124 125 127 128 129 131 133 135 136 140 142 143 145 146 147 149 150 151 153 154 156 157 158 159 160 163 165 168 169 170 171 172 173 175 176 178 179 180 182 183 184 185 186 187 188 190 191 193 194 195 951959130804825251
9 1 51 133 7 8 11 13 14 15 17 19 20 21 22 23 24 25 26 27 28 29 33 34 35 36 37 39 40 41 43 44 45 46 47 48 50 52 53 54 56 57 58 61 63 64 65 66 67 68 69 70 71 72 76 78 79 81 82 83 85 86 89 90 91 92 93 94 95 96 97 98 100 102 103 104 105 106 108 109 110 111 115 116 117 118 119 124 125 127 128 129 131 133 135 136 140 142 143 145 146 147 149 150 151 153 154 156 157 158 159 160 163 165 168 169 170 171 172 173 175 176 178 179 180 182 183 184 185 186 187 188 190 191 193 194 195 951959130804825251
1 12 3 196 51 115 140 67 90 8 128 0 64 52 134 7 8 11 13 14 15 17 19 20 21 22 23 24 25 26 27 28 29 33 34 35 36 37 39 40 41 43 44 45 46 47 48 50 52 53 54 56 57 58 61 63 64 65 66 67 68 69 70 71 72 76 78 79 81 82 83 85 86 89 90 91 92 93 94 95 96 97 98 100 102 103 104 105 106 108 109 110 111 115 116 117 118 119 124 125 127 128 129 131 133 135 136 140 142 143 145 146 147 149 150 151 153 154 156 157 158 159 160 163 165 168 169 170 171 172 173 175 176 178 179 180 182 183 184 185 186 187 188 190 191 193 194 195 196 8388047773941477441
10 0 134 7 8 11 13 14 15 17 19 20 21 22 23 24 25 26 27 28 29 33 34 35 36 37 39 40 41 43 44 45 46 47 48 50 52 53 54 56 57 58 61 63 64 65 66 67 68 69 70 71 72 76 78 79 81 82 83 85 86 89 90 91 92 93 94 95 96 97 98 100 102 103 104 105 106 108 109 110 111 115 116 117 118 119 124 125 127 128 129 131 133 135 136 140 142 143 145 146 147 149 150 151 153 154 156 157 158 159 160 163 165 168 169 170 171 172 173 175 176 178 179 180 182 183 184 185 186 187 188 190 191 193 194 195 196 8388047773941477441
3 1 30 134 7 8 11 13 14 15 17 19 20 21 22 23 24 25 26 27 28 29 33 34 35 36 37 39 40 41 43 44 45 46 47 48 50 52 53 54 56 57 58 61 63 64 65 66 67 68 69 70 71 72 76 78 79 81 82 83 85 86 89 90 91 92 93 94 95 96 97 98 100 102 103 104 105 106 108 109 110 111 115 116 117 118 119 124 125 127 128 129 131 133 135 136 140 142 143 145 146 147 149 150 151 153 154 156 157 158 159 160 163 165 168 169 170 171 172 173 175 176 178 179 180 182 183 184 185 186 187 188 190 191 193 194 195 196 8388047773941477441
3 1 12 133 7 8 11 13 14 15 17 19 20 21 22 23 24 25 26 27 28 29 33 34 35 36 37 39 40 41 43 44 45 46 47 48 50 52 53 54 56 57 58 61 63 64 65 66 67 68 69 70 71 72 76 78 79 81 82 83 85 86 89 90 91 92 93 94 95 96 97 98 100 102 103 104 105 106 108 109 110 111 115 116 117 118 119 124 125 127 128 129 131 133 135 136 140 142 143 145 146 147 149 150 151 153 154 156 157 158 159 160 163 165 168 169 170 171 173 175 176 178 179 180 182 183 184 185 186 187 188 190 191 193 194 195 196 1109943011019173798
1 3 1 197 30 134 7 8 11 13 14 15 17 19 20 21 22 23 24 25 26 27 28 29 33 34 35 36 37 39 40 41 43 44 45 46 47 48 50 52 53 54 56 57 58 61 63 64 65 66 67 68 69 70 71 72 76 78 79 81 82 83 85 86 89 90 91 92 93 94 95 96 97 98 100 102 103 104 105 106 108 109 110 111 115 116 117 118 119 124 125 127 128 129 131 133 135 136 140 142 143 145 146 147 149 150 151 153 154 156 157 158 159 160 163 165 168 169 170 171 173 175 176 178 179 180 182 183 184 185 186 187 188 190 191 193 194 195 196 197 11792837285711544695
1 3 1 198 12 135 7 8 11 13 14 15 17 19 20 21 22 23 24 25 26 27 28 29 33 34 35 36 37 39 40 41 43 44 45 46 47 48 50 52 53 54 56 57 58 61 63 64 65 66 67 68 69 70 71 72 76 78 79 81 82 83 85 86 89 90 91 92 93 94 95 96 97 98 100 102 103 104 105 106 108 109 110 111 115 116 117 118 119 124 125 127 128 129 131 133 135 136 140 142 143 145 146 147 149 150 151 153 154 156 157 158 159 160 163 165 168 169 170 171 173 175 176 178 179 180 182 183 184 185 186 187 188 190 191 193 194 195 196 197 198 13570542517475791222
3 1 43 135 7 8 11 13 14 15 17 19 20 21 22 23 24 25 26 27 28 29 33 34 35 36 37 39 40 41 43 44 45 46 47 48 50 52 53 54 56 57 58 61 63 64 65 66 67 68 69 70 71 72 76 78 79 81 82 83 85 86 89 90 91 92 93 94 95 96 97 98 100 102 103 104 105 106 108 109 110 111 115 116 117 118 119 124 125 127 128 129 131 133 135 136 140 142 143 145 146 147 149 150 151 153 154 156 157 158 159 160 163 165 168 169 170 171 173 175 176 178 179 180 182 183 184 185 186 187 188 190 191 193 194 195 196 197 198 13570542517475791222
9 1 44 135 7 8 11 13 14 15 17 19 20 21 22 23 24 25 26 27 28 29 33 34 35 36 37 39 40 41 43 44 45 46 47 48 50 52 53 54 56 57 58 61 63 64 65 66 67 68 69 70 71 72 76 78 79 81 82 83 85 86 89 90 91 92 93 94 95 96 97 98 100 102 103 104 105 106 108 109 110 111 115 116 117 118 119 124 125 127 128 129 131 133 135 136 140 142 143 145 146 147 149 150 151 153 154 156 157 158 159 160 163 165 168 169 170 171 173 175 176 178 179 180 182 183 184 185 186 187 188 190 191 193 194 195 196 197 198 13570542517475791222
2 2 187 43 135 7 8 11 13 14 15 17 19 20 21 22 23 24 25 26 27 28 29 33 34 35 36 37 39 40 41 43 44 45 46 47 48 50 52 53 54 56 57 58 61 63 64 65 66 67 68 69 70 71 72 76 78 79 81 82 83 85 86 89 90 91 92 93 94 95 96 97 98 100 102 103 104 105 106 108 109 110 111 115 116 117 118 119 124 125 127 128 129 131 133 135 136 140 142 143 145 146 147 149 150 151 153 154 156 157 158 159 160 163 165 168 169 170 171 173 175 176 178 179 180 182 183 184 185 186 187 188 190 191 193 194 195 196 197 198 13570542517475791222
5 2 0 183 135 7 8 11 13 14 15 17 19 20 21 22 23 24 25 26 27 28 29 33 34 35 36 37 39 40 41 43 44 45 46 47 48 50 52 53 54 56 57 58 61 63 64 65 66 67 68 69 70 71 72 76 78 79 81 82 83 85 86 89 90 91 92 93 94 95 96 97 98 100 102 103 104 105 106 108 109 110 111 115 116 117 118 119 124 125 127 128 129 131 133 135 136 140 142 143 145 146 147 149 150 151 153 154 156 157 158 159 160 163 165 168 169 170 171 173 175 176 178 179 180 182 183 184 185 186 187 188 190 191 193 194 195 196 197 198 13570542517475791222
3 1 19 135 7 8 11 13 14 15 17 19 20 21 22 23 24 25 26 27 28 29 33 34 35 36 37 39 40 41 43 44 45 46 47 48 50 52 53 54 56 57 58 61 63 64 65 66 67 68 69 70 71 72 76 78 79 81 82 83 85 86 89 90 91 92 93 94 95 96 97 98 100 102 103 104 105 106 108 109 110 111 115 116 117 118 119 124 125 127 128 129 131 133 135 136 140 142 143 145 146 147 149 150 151 153 154 156 157 158 159 160 163 165 168 169 170 171 173 175 176 178 179 180 182 183 184 185 186 187 188 190 191 193 194 195 196 197 198 13570542517475791222
10 0 135 7 8 11 13 14 15 17 19 20 21 22 23 24 25 26 27 28 29 33 34 35 36 37 39 40 41 43 44 45 46 47 48 50 52 53 54 56 57 58 61 63 64 65 66 67 68 69 70 71 72 76 78 79 81 82 83 85 86 89 90 91 92 93 94 95 96 97 98 100 102 103 104 105 106 108 109 110 111 115 116 117 118 119 124 125 127 128 129 131 133 135 136 140 142 143 145 146 147 149 150 151 153 154 156 157 158 159 160 163 165 168 169 170 171 173 175 176 178 179 180 182 183 184 185 186 187 188 190 191 193 194 195 196 197 198 13570542517475791222
7 2 0 19 135 7 8 11 13 14 15 17 19 20 21 22 23 24 25 26 27 28 29 33 34 35 36 37 39 40 41 43 44 45 46 47 48 50 52 53 54 56 57 58 61 63 64 65 66 67 68 69 70 71 72 76 78 79 81 82 83 85 86 89 90 91 92 93 94 95 96 97 98 100 102 103 104 105 106 108 109 110 111 115 116 117 118 119 124 125 127 128 129 131 133 135 136 140 142 143 145 146 147 149 150 151 153 154 156 157 158 159 160 163 165 168 169 170 171 173 175 176 178 179 180 182 183 184 185 186 187 188 190 191 193 194 195 196 197 198 13570542517475791222
1 10 3 199 44 95 64 61 35 48 93 128 136 7 8 11 13 14 15 17 19 20 21 22 23 24 25 26 27 28 29 33 34 35 36 37 39 40 41 43 44 45 46 47 48 50 52 53 54 56 57 58 61 63 64 65 66 67 68 69 70 71 72 76 78 79 81 82 83 85 86 89 90 91 92 93 94 95 96 97 98 100 102 103 104 105 106 108 109 110 111 115 116 117 118 119 124 125 127 128 129 131 133 135 136 140 142 143 145 146 147 149 150 151 153 154 156 157 158 159 160 163 165 168 169 170 171 173 175 176 178 179 180 182 183 184 185 186 187 188 190 191 193 194 195 196 197 198 199 14043834527850656579
3 1 25 136 7 8 11 13 14 15 17 19 20 21 22 23 24 25 26 27 28 29 33 34 35 36 37 39 40 41 43 44 45 46 47 48 50 52 53 54 56 57 58 61 63 64 65 66 67 68 69 70 71 72 76 78 79 81 82 83 85 86 89 90 91 92 93 94 95 96 97 98 100 102 103 104 105 106 108 109 110 111 115 116 117 118 119 124 125 127 128 129 131 133 135 136 140 142 143 145 146 147 149 150 151 153 154 156 157 158 159 160 163 165 168 169 170 171 173 175 176 178 179 180 182 183 184 185 186 187 188 190 191 193 194 195 196 197 198 199 14043834527850656579
10 0 136 7 8 11 13 14 15 17 19 20 21 22 23 24 25 26 27 28 29 33 34 35 36 37 39 40 41 43 44 45 46 47 48 50 52 53 54 56 57 58 61 63 64 65 66 67 68 69 70 71 72 76 78 79 81 82 83 85 86 89 90 91 92 93 94 95 96 97 98 100 102 103 104 105 106 108 109 110 111 115 116 117 118 119 124 125 127 128 129 131 133 135 136 140 142 143 145 146 147 149 150 151 153 154 156 157 158 159 160 163 165 168 169 170 171 173 175 176 178 179 180 182 183 184 185 186 187 188 190 191 193 194 195 196 197 198 199 14043834527850656579
3 1 10 136 7 8 11 13 14 15 17 19 20 21 22 23 24 25 26 27 28 29 33 34 35 36 37 39 40 41 43 44 45 46 47 48 50 52 53 54 56 57 58 61 63 64 65 66 67 68 69 70 71 72 76 78 79 81 82 83 85 86 89 90 91 92 93 94 95 96 97 98 100 102 103 104 105 106 108 109 110 111 115 116 117 118 119 124 125 127 128 129 131 133 135 136 140 142 143 145 146 147 149 150 151 153 154 156 157 158 159 160 163 165 168 169 170 171 173 175 176 178 179 180 182 183 184 185 186 187 188 190 191 193 194 195 196 197 198 199 14043834527850656579
8 1 193 136 7 8 11 13 14 15 17 19 20 21 22 23 24 25 26 27 28 29 33 34 35 36 37 39 40 41 43 44 45 46 47 48 50 52 53 54 56 57 58 61 63 64 65 66 67 68 69 70 71 72 76 78 79 81 82 83 85 86 89 90 91 92 93 94 95 96 97 98 100 102 103 104 105 106 108 109 110 111 115 116 117 118 119 124 125 127 128 129 131 133 135 136 140 142 143 145 146 147 149 150 151 153 154 156 157 158 159 160 163 165 168 169 170 171 173 175 176 178 179 180 182 183 184 185 186 187 188 190 191 193 194 195 196 197 198 199 14043834527850656579
8 1 81 136 7 8 11 13 14 15 17 19 20 21 22 23 24 25 26 27 28 29 33 34 35 36 37 39 40 41 43 44 45 46 47 48 50 52 53 54 56 57 58 61 63 64 65 66 67 68 69 70 71 72 76 78 79 81 82 83 85 86 89 90 91 92 93 94 95 96 97 98 100 102 103 104 105 106 108 109 110 111 115 116 117 118 119 124 125 127 128 129 131 133 135 136 140 142 143 145 146 147 149 150 151 153 154 156 157 158 159 160 163 165 168 169 170 171 173 175 176 178 179 180 182 183 184 185 186 187 188 190 191 193 194 195 196 197 198 199 14043834527850656579
1 4 2 200 25 178 137 7 8 11 13 14 15 17 19 20 21 22 23 24 25 26 27 28 29 33 34 35 36 37 39 40 41 43 44 45 46 47 48 50 52 53 54 56 57 58 61 63 64 65 66 67 68 69 70 71 72 76 78 79 81 82 83 85 86 89 90 91 92 93 94 95 96 97 98 100 102 103 104 105 106 108 109 110 111 115 116 117 118 119 124 125 127 128 129 131 133 135 136 140 142 143 145 146 147 149 150 151 153 154 156 157 158 159 160 163 165 168 169 170 171 173 175 176 178 179 180 182 183 184 185 186 187 188 190 191 193 194 195 196 197 198 199 200 2227108009192061470
8 1 48 137 7 8 11 13 14 15 17 19 20 21 22 23 24 25 26 27 28 29 33 34 35 36 37 39 40 41 43 44 45 46 47 48 50 52 53 54 56 57 58 61 63 64 65 66 67 68 69 70 71 72 76 78 79 81 82 83 85 86 89 90 91 92 93 94 95 96 97 98 100 102 103 104 105 106 108 109 110 111 115 116 117 118 119 124 125 127 128 129 131 133 135 136 140 142 143 145 146 147 149 150 151 153 154 156 157 158 159 160 163 165 168 169 170 171 173 175 176 178 179 180 182 183 184 185 186 187 188 190 191 193 194 195 196 197 198 199 200 2227108009192061470
9 1 15 137 7 8 11 13 14 15 17 19 20 21 22 23 24 25 26 27 28 29 33 34 35 36 37 39 40 41 43 44 45 46 47 48 50 52 53 54 56 57 58 61 63 64 65 66 67 68 69 70 71 72 76 78 79 81 82 83 85 86 89 90 91 92 93 94 95 96 97 98 100 102 103 104 105 106 108 109 110 111 115 116 117 118 119 124 125 127 128 129 131 133 135 136 140 142 143 145 146 147 149 150 151 153 154 156 157 158 159 160 163 165 168 169 170 171 173 175 176 178 179 180 182 183 184 185 186 187 188 190 191 193 194 195 196 197 198 199 200 2227108009192061470
1 5 3 201 15 194 151 138 7 8 11 13 14 15 17 19 20 21 22 23 24 25 26 27 28 29 33 34 35 36 37 39 40 41 43 44 45 46 47 48 50 52 53 54 56 57 58 61 63 64 65 66 67 68 69 70 71 72 76 78 79 81 82 83 85 86 89 90 91 92 93 94 95 96 97 98 100 102 103 104 105 106 108 109 110 111 115 116 117 118 119 124 125 127 128 129 131 133 135 136 140 142 143 145 146 147 149 150 151 153 154 156 157 158 159 160 163 165 168 169 170 171 173 175 176 178 179 180 182 183 184 185 186 187 188 190 191 193 194 195 196 197 198 199 200 201 16280221175224681251
3 1 55 138 7 8 11 13 14 15 17 19 20 21 22 23 24 25 26 27 28 29 33 34 35 36 37 39 40 41 43 44 45 46 47 48 50 52 53 54 56 57 58 61 63 64 65 66 67 68 69 70 71 72 76 78 79 81 82 83 85 86 89 90 91 92 93 94 95 96 97 98 100 102 103 104 105 106 108 109 110 111 115 116 117 118 119 124 125 127 128 129 131 133 135 136 140 142 143 145 146 147 149 150 151 153 154 156 157 158 159 160 163 165 168 169 170 171 173 175 176 178 179 180 182 183 184 185 186 187 188 190 191 193 194 195 196 197 198 199 200 201 16280221175224681251
9 1 51 138 7 8 11 13 14 15 17 19 20 21 22 23 24 25 26 27 28 29 33 34 35 36 37 39 40 41 43 44 45 46 47 48 50 52 53 54 56 57 58 61 63 64 65 66 67 68 69 70 71 72 76 78 79 81 82 83 85 86 89 90 91 92 93 94 95 96 97 98 100 102 103 104 105 106 108 109 110 111 115 116 117 118 119 124 125 127 128 129 131 133 135 136 140 142 143 145 146 147 149 150 151 153 154 156 157 158 159 160 163 165 168 169 170 171 173 175 176 178 179 180 182 183 184 185 186 187 188 190 191 193 194 195 196 197 198 199 200 201 16280221175224681251
1 3 1 202 55 139 7 8 11 13 14 15 17 19 20 21 22 23 24 25 26 27 28 29 33 34 35 36 37 39 40 41 43 44 45 46 47 48 50 52 53 54 56 57 58 61 63 64 65 66 67 68 69 70 71 72 76 78 79 81 82 83 85 86 89 90 91 92 93 94 95 96 97 98 100 102 103 104 105 106 108 109 110 111 115 116 117 118 119 124 125 127 128 129 131 133 135 136 140 142 143 145 146 147 149 150 151 153 154 156 157 158 159 160 163 165 168 169 170 171 173 175 176 178 179 180 182 183 184 185 186 187 188 190 191 193 194 195 196 197 198 199 200 201 202 16232398520044729442
13 2 68 182 139 7 8 11 13 14 15 17 19 20 21 22 23 24 25 26 27 28 29 33 34 35 36 37 39 40 41 43 44 45 46 47 48 50 52 53 54 56 57 58 61 63 64 65 66 67 68 69 70 71 72 76 78 79 81 82 83 85 86 89 90 91 92 93 94 95 96 97 98 100 102 103 104 105 106 108 109 110 111 115 116 117 118 119 124 125 127 128 129 131 133 135 136 140 142 143 145 146 147 149 150 151 153 154 156 157 158 159 160 163 165 168 169 170 171 173 175 176 178 179 180 182 183 184 185 186 187 188 190 191 193 194 195 196 197 198 199 200 201 202 834084091898209791
10 0 136 7 8 11 13 14 15 17 19 20 21 22 23 24 25 26 27 28 29 33 34 35 36 37 39 40 41 43 44 45 46 47 48 50 52 53 54 56 57 58 61 63 64 65 66 67 68 69 70 71 72 76 78 79 81 82 83 85 86 89 90 91 92 93 94 95 96 97 98 100 102 103 104 105 106 108 109 110 111 115 116 117 118 119 124 125 127 128 129 131 133 135 136 140 142 143 145 146 147 149 150 151 153 154 156 157 158 159 160 163 165 168 169 170 171 173 175 176 178 180 182 183 184 185 186 187 190 191 193 194 195 197 198 199 200 201 202 10626194030736977174
11 0 136 7 8 11 13 14 15 17 19 20 21 22 23 24 25 26 27 28 29 33 34 35 36 37 39 40 41 43 44 45 46 47 48 50 52 53 54 56 57 58 61 63 64 65 66 67 68 69 70 71 72 76 78 79 81 82 83 85 86 89 90 91 92 93 94 95 96 97 98 100 102 103 104 105 106 108 109 110 111 115 116 117 118 119 124 125 127 128 129 131 133 135 136 140 142 143 145 146 147 149 150 151 153 154 156 157 158 159 160 163 165 168 169 170 171 173 175 176 178 180 182 183 184 185 186 187 190 191 193 194 195 197 198 199 200 201 202 10626194030736977174
11 0 136 7 8 11 13 14 15 17 19 20 21 22 23 24 25 26 27 28 29 33 34 35 36 37 39 40 41 43 44 45 46 47 48 50 52 53 54 56 57 58 61 63 64 65 66 67 68 69 70 71 72 76 78 79 81 82 83 85 86 89 90 91 92 93 94 95 96 97 98 100 102 103 104 105 106 108 109 110 111 115 116 117 118 119 124 125 127 128 129 131 133 135 136 140 142 143 145 146 147 149 150 151 153 154 156 157 158 159 160 163 165 168 169 170 171 173 175 176 178 180 182 183 184 185 186 187 190 191 193 194 195 197 198 199 200 201 202 10626194030736977174
11 0 135 7 8 11 13 14 15 17 19 20 21 22 23 24 25 26 27 28 29 33 34 35 36 37 39 40 41 43 44 45 46 47 48 50 52 53 54 56 57 58 61 63 64 65 66 67 69 70 71 72 76 78 79 81 82 83 85 86 89 90 91 92 93 94 95 96 97 98 100 102 103 104 105 106 108 109 110 111 115 116 117 118 119 124 125 127 128 129 131 133 135 136 140 142 143 145 146 147 149 150 151 153 154 156 157 158 159 160 163 165 168 169 170 171 173 175 176 178 180 182 183 184 185 186 187 190 191 193 194 195 197 198 199 200 201 202 7043981936954284869
3 1 0 135 7 8 11 13 14 15 17 19 20 21 22 23 24 25 26 27 28 29 33 34 35 36 37 39 40 41 43 44 45 46 47 48 50 52 53 54 56 57 58 61 63 64 65 66 67 69 70 71 72 76 78 79 81 82 83 85 86 89 90 91 92 93 94 95 96 97 98 100 102 103 104 105 106 108 109 110 111 115 116 117 118 119 124 125 127 128 129 131 133 135 136 140 142 143 145 146 147 149 150 151 153 154 156 157 158 159 160 163 165 168 169 170 171 173 175 176 178 180 182 183 184 185 186 187 190 191 193 194 195 197 198 199 200 201 202 7043981936954284869
3 1 1 135 7 8 11 13 14 15 17 19 20 21 22 23 24 25 26 27 28 29 33 34 35 36 37 39 40 41 43 44 45 46 47 48 50 52 53 54 56 57 58 61 63 64 65 66 67 69 70 71 72 76 78 79 81 82 83 85 86 89 90 91 92 93 94 95 96 97 98 100 102 103 104 105 106 108 109 110 111 115 116 117 118 119 124 125 127 128 129 131 133 135 136 140 142 143 145 146 147 149 150 151 153 154 156 157 158 159 160 163 165 168 169 170 171 173 175 176 178 180 182 183 184 185 186 187 190 191 193 194 195 197 198 199 200 201 202 7043981936954284869
3 1 2 135 7 8 11 13 14 15 17 19 20 21 22 23 24 25 26 27 28 29 33 34 35 36 37 39 40 41 43 44 45 46 47 48 50 52 53 54 56 57 58 61 63 64 65 66 67 69 70 71 72 76 78 79 81 82 83 85 86 89 90 91 92 93 94 95 96 97 98 100 102 103 104 105 106 108 109 110 111 115 116 117 118 119 124 125 127 128 129 131 133 135 136 140 142 143 145 146 147 149 150 151 153 154 156 157 158 159 160 163 165 168 169 170 171 173 175 176 178 180 182 183 184 185 186 187 190 191 193 194 195 197 198 199 200 201 202 7043981936954284869
3 1 3 135 7 8 11 13 14 15 17 19 20 21 22 23 24 25 26 27 28 29 33 34 35 36 37 39 40 41 43 44 45 46 47 48 50 52 53 54 56 57 58 61 63 64 65 66 67 69 70 71 72 76 78 79 81 82 83 85 86 89 90 91 92 93 94 95 96 97 98 100 102 103 104 105 106 108 109 110 111 115 116 117 118 119 124 125 127 128 129 131 133 135 136 140 142 143 145 146 147 149 150 151 153 154 156 157 158 159 160 163 165 168 169 170 171 173 175 176 178 180 182 183 184 185 186 187 190 191 193 194 195 197 198 199 200 201 202 7043981936954284869
3 1 4 134 7 8 11 13 14 15 17 19 20 21 22 23 24 25 26 27 28 29 33 34 35 36 37 39 40 41 43 44 45 46 47 48 50 52 53 54 56 57 58 61 63 64 65 66 67 69 70 71 72 76 78 79 81 82 83 85 86 89 90 91 92 93 94 95 96 97 98 100 102 103 104 105 106 108 109 110 111 115 116 117 118 119 124 125 127 128 129 131 133 135 136 140 142 143 145 146 147 149 150 151 153 154 156 157 158 159 160 163 165 168 169 170 171 173 175 176 178 180 182 183 184 186 187 190 191 193 194 195 197 198 199 200 201 202 444924905839459300
3 1 5 134 7 8 11 13 14 15 17 19 20 21 22 23 24 25 26 27 28 29 33 34 35 36 37 39 40 41 43 44 45 46 47 48 50 52 53 54 56 57 58 61 63 64 65 66 67 69 70 71 72 76 78 79 81 82 83 85 86 89 90 91 92 93 94 95 96 97 98 100 102 103 104 105 106 108 109 110 111 115 116 117 118 119 124 125 127 128 129 131 133 135 136 140 142 143 145 146 147 149 150 151 153 154 156 157 158 159 160 163 165 168 169 170 171 173 175 176 178 180 182 183 184 186 187 190 191 193 194 195 197 198 199 200 201 202 444924905839459300
3 1 6 134 7 8 11 13 14 15 17 19 20 21 22 23 24 25 26 27 28 29 33 34 35 36 37 39 40 41 43 44 45 46 47 48 50 52 53 54 56 57 58 61 63 64 65 66 67 69 70 71 72 76 78 79 81 82 83 85 86 89 90 91 92 93 94 95 96 97 98 100 102 103 104 105 106 108 109 110 111 115 116 117 118 119 124 125 127 128 129 131 133 135 136 140 142 143 145 146 147 149 150 151 153 154 156 157 158 159 160 163 165 168 169 170 171 173 175 176 178 180 182 183 184 186 187 190 191 193 194 195 197 198 199 200 201 202 444924905839459300
3 1 7 133 7 8 11 13 14 15 17 19 20 21 22 23 24 25 26 27 28 29 33 34 35 36 37 39 40 41 43 44 45 46 47 48 50 52 53 54 56 57 58 61 63 64 65 66 67 69 70 71 72 76 78 79 81 82 83 85 86 89 90 91 92 93 94 95 96 97 98 100 102 103 104 105 106 108 109 110 111 115 116 117 118 119 124 125 127 128 129 131 133 135 136 140 142 143 145 146 147 149 150 151 153 154 156 157 158 160 163 165 168 169 170 171 173 175 176 178 180 182 183 184 186 187 190 191 193 194 195 197 198 199 200 201 202 13100015641816987632
3 1 8 133 7 8 11 13 14 15 17 19 20 21 22 23 24 25 26 27 28 29 33 34 35 36 37 39 40 41 43 44 45 46 47 48 50 52 53 54 56 57 58 61 63 64 65 66 67 69 70 71 72 76 78 79 81 82 83 85 86 89 90 91 92 93 94 95 96 97 98 100 102 103 104 105 106 108 109 110 111 115 116 117 118 119 124 125 127 128 129 131 133 135 136 140 142 143 145 146 147 149 150 151 153 154 156 157 158 160 163 165 168 169 170 171 173 175 176 178 180 182 183 184 186 187 190 191 193 194 195 197 198 199 200 201 202 13100015641816987632
3 1 9 133 7 8 11 13 14 15 17 19 20 21 22 23 24 25 26 27 28 29 33 34 35 36 37 39 40 41 43 44 45 46 47 48 50 52 53 54 56 57 58 61 63 64 65 66 67 69 70 71 72 76 78 79 81 82 83 85 86 89 90 91 92 93 94 95 96 97 98 100 102 103 104 105 106 108 109 110 111 115 116 117 118 119 124 125 127 128 129 131 133 135 136 140 142 143 145 146 147 149 150 151 153 154 156 157 158 160 163 165 168 169 170 171 173 175 176 178 180 182 183 184 186 187 190 191 193 194 195 197 198 199 200 201 202 13100015641816987632
3 1 11 133 7 8 11 13 14 15 17 19 20 21 22 23 24 25 26 27 28 29 33 34 35 36 37 39 40 41 43 44 45 46 47 48 50 52 53 54 56 57 58 61 63 64 65 66 67 69 70 71 72 76 78 79 81 82 83 85 86 89 90 91 92 93 94 95 96 97 98 100 102 103 104 105 106 108 109 110 111 115 116 117 118 119 124 125 127 128 129 131 133 135 136 140 142 143 145 146 147 149 150 151 153 154 156 157 158 160 163 165 168 169 170 171 173 175 176 178 180 182 183 184 186 187 190 191 193 194 195 197 198 199 200 201 202 13100015641816987632
3 1 12 132 7 8 11 13 14 15 17 19 20 21 22 23 24 25 26 27 28 29 33 34 35 36 37 39 40 41 43 44 45 46 47 48 50 52 53 54 56 57 58 61 63 64 65 66 67 69 70 71 72 76 78 79 81 82 83 85 86 89 90 91 92 93 94 95 96 97 98 100 102 103 104 105 106 108 109 110 111 115 116 117 118 119 124 125 127 128 129 131 133 135 136 140 142 143 145 146 147 149 150 151 153 154 156 157 158 160 163 165 168 169 170 171 173 175 176 178 180 182 183 184 186 187 190 191 193 194 195 197 199 200 201 202 11255227615239937385
3 1 13 132 7 8 11 13 14 15 17 19 20 21 22 23 24 25 26 27 28 29 33 34 35 36 37 39 40 41 43 44 45 46 47 48 50 52 53 54 56 57 58 61 63 64 65 66 67 69 70 71 72 76 78 79 81 82 83 85 86 89 90 91 92 93 94 95 96 97 98 100 102 103 104 105 106 108 109 110 111 115 116 117 118 119 124 125 127 128 129 131 133 135 136 140 142 143 145 146 147 149 150 151 153 154 156 157 158 160 163 165 168 169 170 171 173 175 176 178 180 182 183 184 186 187 190 191 193 194 195 197 199 200 201 202 11255227615239937385
3 1 14 132 7 8 11 13 14 15 17 19 20 21 22 23 24 25 26 27 28 29 33 34 35 36 37 39 40 41 43 44 45 46 47 48 50 52 53 54 56 57 58 61 63 64 65 66 67 69 70 71 72 76 78 79 81 82 83 85 86 89 90 91 92 93 94 95 96 97 98 100 102 103 104 105 106 108 109 110 111 115 116 117 118 119 124 125 127 128 129 131 133 135 136 140 142 143 145 146 147 149 150 151 153 154 156 157 158 160 163 165 168 169 170 171 173 175 176 178 180 182 183 184 186 187 190 191 193 194 195 197 199 200 201 202 11255227615239937385
3 1 15 129 7 8 11 13 14 15 17 19 20 21 22 23 24 25 26 27 28 29 33 34 35 36 37 39 40 41 43 44 45 46 47 48 50 52 53 54 56 57 58 61 63 64 65 66 67 69 70 71 72 76 78 79 81 82 83 85 86 89 90 91 92 93 94 95 96 97 98 100 102 103 104 105 106 108 109 110 111 115 116 117 118 119 124 125 127 128 129 131 133 135 136 140 142 143 145 146 147 149 151 153 154 156 157 158 160 163 165 168 169 170 171 173 175 176 178 180 182 183 184 186 187 190 191 193 195 197 199 200 202 12966264817145606195
3 1 16 129 7 8 11 13 14 15 17 19 20 21 22 23 24 25 26 27 28 29 33 34 35 36 37 39 40 41 43 44 45 46 47 48 50 52 53 54 56 57 58 61 63 64 65 66 67 69 70 71 72 76 78 79 81 82 83 85 86 89 90 91 92 93 94 95 96 97 98 100 102 103 104 105 106 108 109 110 111 115 116 117 118 119 124 125 127 128 129 131 133 135 136 140 142 143 145 146 147 149 151 153 154 156 157 158 160 163 165 168 169 170 171 173 175 176 178 180 182 183 184 186 187 190 191 193 195 197 199 200 202 12966264817145606195
3 1 17 129 7 8 11 13 14 15 17 19 20 21 22 23 24 25 26 27 28 29 33 34 35 36 37 39 40 41 43 44 45 46 47 48 50 52 53 54 56 57 58 61 63 64 65 66 67 69 70 71 72 76 78 79 81 82 83 85 86 89 90 91 92 93 94 95 96 97 98 100 102 103 104 105 106 108 109 110 111 115 116 117 118 119 124 125 127 128 129 131 133 135 136 140 142 143 145 146 147 149 151 153 154 156 157 158 160 163 165 168 169 170 171 173 175 176 178 180 182 183 184 186 187 190 191 193 195 197 199 200 202 12966264817145606195
3 1 18 129 7 8 11 13 14 15 17 19 20 21 22 23 24 25 26 27 28 29 33 34 35 36 37 39 40 41 43 44 45 46 47 48 50 52 53 54 56 57 58 61 63 64 65 66 67 69 70 71 72 76 78 79 81 82 83 85 86 89 90 91 92 93 94 95 96 97 98 100 102 103 104 105 106 108 109 110 111 115 116 117 118 119 124 125 127 128 129 131 133 135 136 140 142 143 145 146 147 149 151 153 154 156 157 158 160 163 165 168 169 170 171 173 175 176 178 180 182 183 184 186 187 190 191 193 195 197 199 200 202 12966264817145606195
3 1 19 127 7 8 11 13 14 15 17 19 20 21 22 23 24 25 26 27 28 29 33 34 35 36 37 39 40 41 43 44 45 46 47 48 50 52 53 54 56 57 58 61 63 64 65 66 67 69 70 71 72 76 78 79 81 82 83 85 86 89 90 91 92 93 94 95 96 97 98 100 102 103 104 105 106 108 109 110 111 115 116 117 118 119 124 125 127 128 129 131 133 135 136 140 142 143 145 146 147 149 151 153 154 156 157 158 160 165 168 169 170 171 173 175 176 178 180 182 184 186 187 190 191 193 195 197 199 200 202 9612465522412172776
3 1 20 127 7 8 11 13 14 15 17 19 20 21 22 23 24 25 26 27 28 29 33 34 35 36 37 39 40 41 43 44 45 46 47 48 50 52 53 54 56 57 58 61 63 64 65 66 67 69 70 71 72 76 78 79 81 82 83 85 86 89 90 91 92 93 94 95 96 97 98 100 102 103 104 105 106 108 109 110 111 115 116 117 118 119 124 125 127 128 129 131 133 135 136 140 142 143 145 146 147 149 151 153 154 156 157 158 160 165 168 169 170 171 173 175 176 178 180 182 184 186 187 190 191 193 195 197 199 200 202 9612465522412172776
3 1 21 127 7 8 11 13 14 15 17 19 20 21 22 23 24 25 26 27 28 29 33 34 35 36 37 39 40 41 43 44 45 46 47 48 50 52 53 54 56 57 58 61 63 64 65 66 67 69 70 71 72 76 78 79 81 82 83 85 86 89 90 91 92 93 94 95 96 97 98 100 102 103 104 105 106 108 109 110 111 115 116 117 118 119 124 125 127 128 129 131 133 135 136 140 142 143 145 146 147 149 151 153 154 156 157 158 160 165 168 169 170 171 173 175 176 178 180 182 184 186 187 190 191 193 195 197 199 200 202 9612465522412172776
3 1 22 127 7 8 11 13 14 15 17 19 20 21 22 23 24 25 26 27 28 29 33 34 35 36 37 39 40 41 43 44 45 46 47 48 50 52 53 54 56 57 58 61 63 64 65 66 67 69 70 71 72 76 78 79 81 82 83 85 86 89 90 91 92 93 94 95 96 97 98 100 102 103 104 105 106 108 109 110 111 115 116 117 118 119 124 125 127 128 129 131 133 135 136 140 142 143 145 146 147 149 151 153 154 156 157 158 160 165 168 169 170 171 173 175 176 178 180 182 184 186 187 190 191 193 195 197 199 200 202 9612465522412172776
3 1 23 127 7 8 11 13 14 15 17 19 20 21 22 23 24 25 26 27 28 29 33 34 35 36 37 39 40 41 43 44 45 46 47 48 50 52 53 54 56 57 58 61 63 64 65 66 67 69 70 71 72 76 78 79 81 82 83 85 86 89 90 91 92 93 94 95 96 97 98 100 102 103 104 105 106 108 109 110 111 115 116 117 118 119 124 125 127 128 129 131 133 135 136 140 142 143 145 146 147 149 151 153 154 156 157 158 160 165 168 169 170 171 173 175 176 178 180 182 184 186 187 190 191 193 195 197 199 200 202 9612465522412172776
3 1 24 126 7 8 11 13 14 15 17 19 20 21 22 23 24 25 26 27 28 29 33 34 35 36 37 39 40 41 43 44 45 46 47 48 50 52 53 54 56 57 58 61 63 64 65 66 67 69 70 71 72 76 78 79 81 82 83 85 86 89 90 91 92 93 94 95 96 97 98 100 102 103 104 105 106 108 109 110 111 115 116 117 118 119 124 125 127 128 129 131 133 136 140 142 143 145 146 147 149 151 153 154 156 157 158 160 165 168 169 170 171 173 175 176 178 180 182 184 186 187 190 191 193 195 197 199 200 202 15780809743695445509
3 1 25 125 7 8 11 13 14 15 17 19 20 21 22 23 24 25 26 27 28 29 33 34 35 36 37 39 40 41 43 44 45 46 47 48 50 52 53 54 56 57 58 61 63 64 65 66 67 69 70 71 72 76 78 79 81 82 83 85 86 89 90 91 92 93 94 95 96 97 98 100 102 103 104 105 106 108 109 110 111 115 116 117 118 119 124 125 127 128 129 131 133 136 140 142 143 145 146 147 149 151 153 154 156 157 158 160 165 168 169 170 171 173 175 176 178 180 182 184 186 187 190 191 193 195 197 199 202 14368659261528858444
3 1 26 125 7 8 11 13 14 15 17 19 20 21 22 23 24 25 26 27 28 29 33 34 35 36 37 39 40 41 43 44 45 46 47 48 50 52 53 54 56 57 58 61 63 64 65 66 67 69 70 71 72 76 78 79 81 82 83 85 86 89 90 91 92 93 94 95 96 97 98 100 102 103 104 105 106 108 109 110 111 115 116 117 118 119 124 125 127 128 129 131 133 136 140 142 143 145 146 147 149 151 153 154 156 157 158 160 165 168 169 170 171 173 175 176 178 180 182 184 186 187 190 191 193 195 197 199 202 14368659261528858444
3 1 27 125 7 8 11 13 14 15 17 19 20 21 22 23 24 25 26 27 28 29 33 34 35 36 37 39 40 41 43 44 45 46 47 48 50 52 53 54 56 57 58 61 63 64 65 66 67 69 70 71 72 76 78 79 81 82 83 85 86 89 90 91 92 93 94 95 96 97 98 100 102 103 104 105 106 108 109 110 111 115 116 117 118 119 124 125 127 128 129 131 133 136 140 142 143 145 146 147 149 151 153 154 156 157 158 160 165 168 169 170 171 173 175 176 178 180 182 184 186 187 190 191 193 195 197 199 202 14368659261528858444
3 1 28 125 7 8 11 13 14 15 17 19 20 21 22 23 24 25 26 27 28 29 33 34 35 36 37 39 40 41 43 44 45 46 47 48 50 52 53 54 56 57 58 61 63 64 65 66 67 69 70 71 72 76 78 79 81 82 83 85 86 89 90 91 92 93 94 95 96 97 98 100 102 103 104 105 106 108 109 110 111 115 116 117 118 119 124 125 127 128 129 131 133 136 140 142 143 145 146 147 149 151 153 154 156 157 158 160 165 168 169 170 171 173 175 176 178 180 182 184 186 187 190 191 193 195 197 199 202 14368659261528858444
3 1 29 125 7 8 11 13 14 15 17 19 20 21 22 23 24 25 26 27 28 29 33 34 35 36 37 39 40 41 43 44 45 46 47 48 50 52 53 54 56 57 58 61 63 64 65 66 67 69 70 71 72 76 78 79 81 82 83 85 86 89 90 91 92 93 94 95 96 97 98 100 102 103 104 105 106 108 109 110 111 115 116 117 118 119 124 125 127 128 129 131 133 136 140 142 143 145 146 147 149 151 153 154 156 157 158 160 165 168 169 170 171 173 175 176 178 180 182 184 186 187 190 191 193 195 197 199 202 14368659261528858444
3 1 30 124 7 8 11 13 14 15 17 19 20 21 22 23 24 25 26 27 28 29 33 34 35 36 37 39 40 41 43 44 45 46 47 48 50 52 53 54 56 57 58 61 63 64 65 66 67 69 70 71 72 76 78 79 81 82 83 85 86 89 90 91 92 93 94 95 96 97 98 100 102 103 104 105 106 108 109 110 111 115 116 117 118 119 124 125 127 128 129 131 133 136 140 142 143 145 146 147 149 151 153 154 156 157 158 160 165 168 169 170 171 173 175 176 178 180 182 184 186 187 190 191 193 195 199 202 9029112810486311937
3 1 31 124 7 8 11 13 14 15 17 19 20 21 22 23 24 25 26 27 28 29 33 34 35 36 37 39 40 41 43 44 45 46 47 48 50 52 53 54 56 57 58 61 63 64 65 66 67 69 70 71 72 76 78 79 81 82 83 85 86 89 90 91 92 93 94 95 96 97 98 100 102 103 104 105 106 108 109 110 111 115 116 117 118 119 124 125 127 128 129 131 133 136 140 142 143 145 146 147 149 151 153 154 156 157 158 160 165 168 169 170 171 173 175 176 178 180 182 184 186 187 190 191 193 195 199 202 9029112810486311937
3 1 32 123 7 8 11 13 14 15 17 19 20 21 22 23 24 25 26 27 28 29 33 34 35 36 37 39 40 41 43 44 45 46 47 48 50 52 53 54 56 57 58 61 63 64 65 66 67 69 70 71 72 76 78 79 81 82 83 85 86 89 90 91 92 93 94 95 96 97 98 100 102 103 104 105 106 108 109 110 111 115 116 117 118 119 124 125 127 128 129 131 133 136 140 142 143 145 146 147 149 151 153 154 156 157 158 160 165 168 169 170 171 173 175 176 178 180 182 184 186 187 190 193 195 199 202 13961557077244855269
3 1 33 123 7 8 11 13 14 15 17 19 20 21 22 23 24 25 26 27 28 29 33 34 35 36 37 39 40 41 43 44 45 46 47 48 50 52 53 54 56 57 58 61 63 64 65 66 67 69 70 71 72 76 78 79 81 82 83 85 86 89 90 91 92 93 94 95 96 97 98 100 102 103 104 105 106 108 109 110 111 115 116 117 118 119 124 125 127 128 129 131 133 136 140 142 143 145 146 147 149 151 153 154 156 157 158 160 165 168 169 170 171 173 175 176 178 180 182 184 186 187 190 193 195 199 202 13961557077244855269
3 1 34 123 7 8 11 13 14 15 17 19 20 21 22 23 24 25 26 27 28 29 33 34 35 36 37 39 40 41 43 44 45 46 47 48 50 52 53 54 56 57 58 61 63 64 65 66 67 69 70 71 72 76 78 79 81 82 83 85 86 89 90 91 92 93 94 95 96 97 98 100 102 103 104 105 106 108 109 110 111 115 116 117 118 119 124 125 127 128 129 131 133 136 140 142 143 145 146 147 149 151 153 154 156 157 158 160 165 168 169 170 171 173 175 176 178 180 182 184 186 187 190 193 195 199 202 13961557077244855269
3 1 35 120 7 8 11 13 14 15 17 19 20 21 22 23 24 25 26 27 28 29 33 34 35 36 37 39 40 41 43 44 45 46 47 48 50 52 53 54 56 57 58 61 63 64 65 66 67 69 70 71 72 76 78 79 81 82 83 85 86 89 90 91 92 93 94 95 96 97 98 100 102 103 104 105 106 108 109 110 111 115 116 117 118 119 124 125 127 128 129 131 133 136 140 142 143 145 146 147 149 151 154 156 157 158 160 165 168 169 170 171 175 176 178 180 182 186 187 190 193 195 199 202 7450454339279214857
3 1 36 117 7 8 11 13 14 15 17 19 20 21 22 23 24 25 26 27 28 29 33 34 35 36 37 39 40 41 43 44 45 46 47 48 50 52 53 54 56 57 58 61 63 64 65 66 67 69 70 71 72 76 78 79 81 82 83 85 86 89 90 91 92 93 94 95 96 97 98 100 102 103 104 105 106 108 109 110 111 115 116 118 119 124 125 127 128 129 131 133 136 140 142 143 145 146 147 149 151 156 157 158 160 165 169 170 171 175 176 178 180 182 186 187 190 193 195 199 202 11410530836136404708
3 1 37 117 7 8 11 13 14 15 17 19 20 21 22 23 24 25 26 27 28 29 33 34 35 36 37 39 40 41 43 44 45 46 47 48 50 52 53 54 56 57 58 61 63 64 65 66 67 69 70 71 72 76 78 79 81 82 83 85 86 89 90 91 92 93 94 95 96 97 98 100 102 103 104 105 106 108 109 110 111 115 116 118 119 124 125 127 128 129 131 133 136 140 142 143 145 146 147 149 151 156 157 158 160 165 169 170 171 175 176 178 180 182 186 187 190 193 195 199 202 11410530836136404708
3 1 38 117 7 8 11 13 14 15 17 19 20 21 22 23 24 25 26 27 28 29 33 34 35 36 37 39 40 41 43 44 45 46 47 48 50 52 53 54 56 57 58 61 63 64 65 66 67 69 70 71 72 76 78 79 81 82 83 85 86 89 90 91 92 93 94 95 96 97 98 100 102 103 104 105 106 108 109 110 111 115 116 118 119 124 125 127 128 129 131 133 136 140 142 143 145 146 147 149 151 156 157 158 160 165 169 170 171 175 176 178 180 182 186 187 190 193 195 199 202 11410530836136404708
3 1 39 115 7 8 11 13 14 15 17 19 20 21 22 23 24 25 26 27 28 29 33 34 35 36 37 39 40 41 43 44 45 46 47 48 50 52 53 54 56 57 58 61 63 64 65 66 67 69 70 71 72 76 78 79 81 82 83 85 86 89 90 91 92 93 94 95 96 97 98 100 102 103 104 105 106 108 109 110 111 115 116 118 119 124 125 127 128 129 131 133 136 140 142 143 145 146 147 149 151 156 157 158 160 165 170 171 175 176 178 182 186 187 190 193 195 199 202 11231039145707208574
3 1 40 115 7 8 11 13 14 15 17 19 20 21 22 23 24 25 26 27 28 29 33 34 35 36 37 39 40 41 43 44 45 46 47 48 50 52 53 54 56 57 58 61 63 64 65 66 67 69 70 71 72 76 78 79 81 82 83 85 86 89 90 91 92 93 94 95 96 97 98 100 102 103 104 105 106 108 109 110 111 115 116 118 119 124 125 127 128 129 131 133 136 140 142 143 145 146 147 149 151 156 157 158 160 165 170 171 175 176 178 182 186 187 190 193 195 199 202 11231039145707208574
3 1 41 114 7 8 11 13 14 15 17 19 20 21 22 23 24 25 26 27 28 29 33 34 35 36 37 39 40 41 43 44 45 46 47 48 50 52 53 54 56 57 58 61 63 64 65 66 67 69 70 71 72 76 78 79 81 82 83 85 86 89 90 91 92 93 94 95 96 97 98 100 102 103 104 105 106 108 109 110 111 115 116 118 119 124 125 127 128 129 131 133 136 140 142 143 145 146 147 149 151 156 157 158 160 165 171 175 176 178 182 186 187 190 193 195 199 202 2215569134729743377
3 1 42 114 7 8 11 13 14 15 17 19 20 21 22 23 24 25 26 27 28 29 33 34 35 36 37 39 40 41 43 44 45 46 47 48 50 52 53 54 56 57 58 61 63 64 65 66 67 69 70 71 72 76 78 79 81 82 83 85 86 89 90 91 92 93 94 95 96 97 98 100 102 103 104 105 106 108 109 110 111 115 116 118 119 124 125 127 128 129 131 133 136 140 142 143 145 146 147 149 151 156 157 158 160 165 171 175 176 178 182 186 187 190 193 195 199 202 2215569134729743377
3 1 43 113 7 8 11 13 14 15 17 19 20 21 22 23 24 25 26 27 28 29 33 34 35 36 37 39 40 41 43 44 45 46 47 48 50 52 53 54 56 57 58 61 63 64 65 66 67 69 70 71 72 76 78 79 81 82 83 85 86 89 90 91 92 93 94 95 96 97 98 100 102 103 104 105 106 108 109 110 111 115 116 118 119 124 125 127 128 129 131 133 136 140 142 143 145 146 147 149 151 156 157 158 160 165 171 175 176 178 182 186 190 193 195 199 202 12628056493095549652
3 1 44 112 7 8 11 13 14 15 17 19 20 21 22 23 24 25 26 27 28 29 33 34 35 36 37 39 40 41 43 44 45 46 47 48 50 52 53 54 56 57 58 61 63 64 65 66 67 69 70 71 72 76 78 79 81 82 83 85 86 89 90 91 92 93 94 95 96 97 98 100 102 103 104 105 106 108 109 110 111 115 116 118 119 124 125 127 128 129 131 133 136 140 142 143 145 146 147 149 151 156 157 158 160 165 171 175 176 178 182 186 190 193 195 202 7789498304346242721
3 1 45 107 7 8 11 13 14 15 17 19 20 21 22 23 24 25 26 27 28 29 33 34 35 36 37 39 40 41 43 44 45 46 47 48 50 52 53 54 56 57 58 61 63 64 65 66 67 69 70 71 72 76 78 79 81 82 83 85 86 89 90 91 93 94 95 96 97 98 100 102 103 104 105 106 108 109 110 111 115 116 118 119 124 125 127 128 129 131 133 136 140 142 143 145 146 147 149 151 156 157 158 165 171 175 178 182 190 195 202 4642011104446311756
3 1 46 107 7 8 11 13 14 15 17 19 20 21 22 23 24 25 26 27 28 29 33 34 35 36 37 39 40 41 43 44 45 46 47 48 50 52 53 54 56 57 58 61 63 64 65 66 67 69 70 71 72 76 78 79 81 82 83 85 86 89 90 91 93 94 95 96 97 98 100 102 103 104 105 106 108 109 110 111 115 116 118 119 124 125 127 128 129 131 133 136 140 142 143 145 146 147 149 151 156 157 158 165 171 175 178 182 190 195 202 4642011104446311756
3 1 47 107 7 8 11 13 14 15 17 19 20 21 22 23 24 25 26 27 28 29 33 34 35 36 37 39 40 41 43 44 45 46 47 48 50 52 53 54 56 57 58 61 63 64 65 66 67 69 70 71 72 76 78 79 81 82 83 85 86 89 90 91 93 94 95 96 97 98 100 102 103 104 105 106 108 109 110 111 115 116 118 119 124 125 127 128 129 131 133 136 140 142 143 145 146 147 149 151 156 157 158 165 171 175 178 182 190 195 202 4642011104446311756
3 1 48 103 7 8 11 13 14 15 17 19 20 21 22 23 24 25 26 27 28 29 33 34 35 36 37 39 40 41 43 44 45 46 47 48 50 52 53 54 56 57 58 61 63 64 65 66 67 69 70 71 72 76 78 79 81 82 83 85 86 89 90 91 93 94 95 96 97 98 102 103 104 105 106 108 109 110 111 115 116 118 119 124 125 127 128 129 131 133 136 140 143 145 146 151 156 157 158 165 171 175 178 182 190 195 202 8040730310356341842
3 1 49 103 7 8 11 13 14 15 17 19 20 21 22 23 24 25 26 27 28 29 33 34 35 36 37 39 40 41 43 44 45 46 47 48 50 52 53 54 56 57 58 61 63 64 65 66 67 69 70 71 72 76 78 79 81 82 83 85 86 89 90 91 93 94 95 96 97 98 102 103 104 105 106 108 109 110 111 115 116 118 119 124 125 127 128 129 131 133 136 140 143 145 146 151 156 157 158 165 171 175 178 182 190 195 202 8040730310356341842
3 1 50 103 7 8 11 13 14 15 17 19 20 21 22 23 24 25 26 27 28 29 33 34 35 36 37 39 40 41 43 44 45 46 47 48 50 52 53 54 56 57 58 61 63 64 65 66 67 69 70 71 72 76 78 79 81 82 83 85 86 89 90 91 93 94 95 96 97 98 102 103 104 105 106 108 109 110 111 115 116 118 119 124 125 127 128 129 131 133 136 140 143 145 146 151 156 157 158 165 171 175 178 182 190 195 202 8040730310356341842
3 1 52 103 7 8 11 13 14 15 17 19 20 21 22 23 24 25 26 27 28 29 33 34 35 36 37 39 40 41 43 44 45 46 47 48 50 52 53 54 56 57 58 61 63 64 65 66 67 69 70 71 72 76 78 79 81 82 83 85 86 89 90 91 93 94 95 96 97 98 102 103 104 105 106 108 109 110 111 115 116 118 119 124 125 127 128 129 131 133 136 140 143 145 146 151 156 157 158 165 171 175 178 182 190 195 202 8040730310356341842
3 1 53 102 7 8 11 13 14 15 17 19 20 21 22 23 24 25 26 27 28 29 33 34 35 36 37 39 40 41 43 44 45 46 47 48 50 52 53 54 56 57 58 61 63 64 65 66 67 69 70 71 72 76 78 79 81 82 83 85 86 89 90 91 93 94 95 96 97 98 102 103 104 105 106 108 109 110 111 115 116 118 119 124 125 127 128 129 131 133 136 140 143 145 146 151 156 157 158 165 171 175 178 182 190 202 16700303734267827583
3 1 54 102 7 8 11 13 14 15 17 19 20 21 22 23 24 25 26 27 28 29 33 34 35 36 37 39 40 41 43 44 45 46 47 48 50 52 53 54 56 57 58 61 63 64 65 66 67 69 70 71 72 76 78 79 81 82 83 85 86 89 90 91 93 94 95 96 97 98 102 103 104 105 106 108 109 110 111 115 116 118 119 124 125 127 128 129 131 133 136 140 143 145 146 151 156 157 158 165 171 175 178 182 190 202 16700303734267827583
3 1 55 101 7 8 11 13 14 15 17 19 20 21 22 23 24 25 26 27 28 29 33 34 35 36 37 39 40 41 43 44 45 46 47 48 50 52 53 54 56 57 58 61 63 64 65 66 67 69 70 71 72 76 78 79 81 82 83 85 86 89 90 91 93 94 95 96 97 98 102 103 104 105 106 108 109 110 111 115 116 118 119 124 125 127 128 129 131 133 136 140 143 145 146 151 156 157 158 165 171 175 178 182 190 17506714303451686290
3 1 56 101 7 8 11 13 14 15 17 19 20 21 22 23 24 25 26 27 28 29 33 34 35 36 37 39 40 41 43 44 45 46 47 48 50 52 53 54 56 57 58 61 63 64 65 66 67 69 70 71 72 76 78 79 81 82 83 85 86 89 90 91 93 94 95 96 97 98 102 103 104 105 106 108 109 110 111 115 116 118 119 124 125 127 128 129 131 133 136 140 143 145 146 151 156 157 158 165 171 175 178 182 190 17506714303451686290
3 1 57 100 7 8 11 13 14 15 17 19 20 21 22 23 24 25 26 27 28 29 33 34 35 36 37 39 40 41 43 44 45 46 47 48 50 52 53 54 56 57 58 61 63 64 65 66 67 69 70 71 72 76 78 79 81 82 83 85 86 89 90 91 93 94 95 96 97 98 102 103 104 105 106 108 109 110 111 115 116 118 119 124 125 127 128 129 131 133 136 140 143 145 146 151 156 157 158 165 171 175 178 182 6127518349586644947
3 1 58 83 7 8 11 13 14 15 17 19 20 21 22 23 24 25 26 27 28 29 33 34 35 36 37 39 40 41 43 44 45 46 47 48 50 52 53 56 57 58 61 63 64 65 66 67 69 70 71 72 76 78 79 81 82 83 85 86 89 90 91 93 94 95 96 97 98 102 103 104 105 108 109 115 116 118 124 125 127 136 143 157 165 171 182 7727033509840439316
3 1 59 82 7 8 11 13 14 15 17 19 20 21 22 23 24 25 26 27 28 29 33 34 35 36 37 39 40 41 43 44 45 46 47 48 50 52 53 56 57 58 61 63 64 65 66 67 69 70 71 72 76 78 79 81 82 83 85 86 89 90 91 93 94 95 96 97 98 102 103 104 105 108 109 115 118 124 125 127 136 143 157 165 171 182 2815767289071542789
3 1 60 81 7 8 11 13 14 15 17 19 20 21 22 23 24 25 26 27 28 29 33 34 35 36 37 39 40 41 43 44 45 46 47 48 50 52 53 56 57 58 61 63 64 65 66 67 69 70 71 72 76 78 79 81 82 83 85 86 89 90 91 93 94 95 96 97 98 102 103 104 105 108 109 115 118 124 125 127 136 143 157 165 182 12713652449557835472
3 1 61 81 7 8 11 13 14 15 17 19 20 21 22 23 24 25 26 27 28 29 33 34 35 36 37 39 40 41 43 44 45 46 47 48 50 52 53 56 57 58 61 63 64 65 66 67 69 70 71 72 76 78 79 81 82 83 85 86 89 90 91 93 94 95 96 97 98 102 103 104 105 108 109 115 118 124 125 127 136 143 157 165 182 12713652449557835472
3 1 62 80 7 8 11 13 14 15 17 19 20 21 22 23 24 25 26 27 28 29 33 34 35 36 37 39 40 41 43 44 45 46 47 48 50 52 53 56 57 58 61 63 64 65 66 67 69 70 71 72 76 78 79 81 82 83 85 86 89 90 91 93 94 95 96 97 98 102 103 104 105 108 109 115 118 124 125 127 136 143 157 165 10670908210258887313
3 1 63 0 1469598103934665603
14 1 18446744073709551615 0 1469598103934665603
