4 1 9 0 1469598103934665603
1 3 1 1 0 1 1 11095657374244587402
1 132 2 2 1 1 0 1 1 0 1 1 0 1 1 0 1 1 0 1 1 0 1 1 0 1 1 0 1 1 0 1 1 0 1 1 0 1 1 0 1 1 0 1 1 0 1 1 0 1 1 0 1 1 0 1 1 0 1 1 0 1 1 0 1 1 0 1 1 0 1 1 0 1 1 0 1 1 0 1 1 0 1 1 0 1 1 0 1 1 0 1 1 0 1 1 0 1 1 0 1 1 0 1 1 0 1 1 0 1 1 0 1 1 0 1 1 0 1 1 0 1 1 0 1 1 0 1 1 0 1 1 0 1 2 1 2 11965003218769575415
1 68 3 3 2 2 2 2 2 2 2 2 2 2 2 2 2 2 2 2 2 2 2 2 2 2 2 2 2 2 2 2 2 2 2 2 2 2 2 2 2 2 2 2 2 2 2 2 2 2 2 2 2 2 2 2 2 2 2 2 2 2 2 2 2 2 2 2 2 2 3 1 2 3 5639923385676640306
5 2 8 3 3 1 2 3 5639923385676640306
6 2 0 1 3 1 2 3 5639923385676640306
8 1 1 3 1 2 3 5639923385676640306
8 1 1 3 1 2 3 5639923385676640306
8 1 1 3 1 2 3 5639923385676640306
8 1 1 3 1 2 3 5639923385676640306
8 1 1 3 1 2 3 5639923385676640306
8 1 1 3 1 2 3 5639923385676640306
8 1 1 3 1 2 3 5639923385676640306
8 1 1 3 1 2 3 5639923385676640306
8 1 1 3 1 2 3 5639923385676640306
8 1 1 3 1 2 3 5639923385676640306
8 1 1 3 1 2 3 5639923385676640306
8 1 1 3 1 2 3 5639923385676640306
8 1 1 3 1 2 3 5639923385676640306
8 1 1 3 1 2 3 5639923385676640306
8 1 1 3 1 2 3 5639923385676640306
8 1 1 3 1 2 3 5639923385676640306
8 1 1 3 1 2 3 5639923385676640306
3 1 0 3 1 2 3 5639923385676640306
3 1 2 3 1 2 3 5639923385676640306
10 0 3 1 2 3 5639923385676640306
14 1 18446744073709551615 3 1 2 3 5639923385676640306
7 2 0 4 3 1 2 3 5639923385676640306
3 1 4 3 1 2 3 5639923385676640306
5 2 8 0 0 1469598103934665603
11 0 0 1469598103934665603
1 3 1 4 15 1 4 12146644434217833094
3 1 15 0 1469598103934665603
1 19 2 5 25 0 0 0 0 0 0 0 0 0 0 0 0 0 0 0 0 1 5 5728892231028509071
12 3 5 13 0 1 5 5728892231028509071
12 3 5 9 0 1 5 5728892231028509071
12 3 5 8 0 1 5 5728892231028509071
1 6 2 6 0 0 5 5 2 5 6 6083344881173443640
3 1 0 1 5 5728892231028509071
3 1 25 0 1469598103934665603
14 1 1 0 1469598103934665603
1 3 1 7 13 1 7 15702767296888749054
3 1 13 0 1469598103934665603
1 3 1 8 33 1 8 2924851439287944142
14 1 2 1 8 2924851439287944142
1 3 1 9 25 2 8 9 7258413443986488551
2 2 8 62 2 8 9 7258413443986488551
1 19 3 10 37 9 8 8 9 8 9 0 8 8 9 8 9 8 0 0 0 3 8 9 10 9426977169973847541
12 3 10 14 8 3 8 9 10 9419324569043012781
3 1 25 3 8 9 10 9419324569043012781
12 3 10 7 9 3 8 9 10 15351064369973055482
3 1 33 3 8 9 10 15351064369973055482
3 1 37 1 8 2924851439287944142
1 3 1 11 26 2 8 11 2647939015760001239
14 1 32 2 8 11 2647939015760001239
1 12 2 12 15 8 8 0 0 0 0 0 11 8 3 8 11 12 16129971390845718879
1 3 1 13 36 4 8 11 12 13 13392333450940806582
3 1 62 4 8 11 12 13 13392333450940806582
1 19 3 14 14 0 8 11 13 12 0 12 11 8 0 13 13 0 11 8 0 5 8 11 12 13 14 8543946415889822273
14 1 8 5 8 11 12 13 14 8543946415889822273
1 11 3 15 16 14 8 14 8 14 12 11 14 6 8 11 12 13 14 15 5091446790990333178
12 3 12 6 0 6 8 11 12 13 14 15 5091446790990333178
13 2 14 0 6 8 11 12 13 14 15 15867480094703697439
14 1 18446744073709551615 6 8 11 12 13 14 15 15867480094703697439
1 12 3 16 32 11 0 15 14 0 12 13 12 0 7 8 11 12 13 14 15 16 2191441792727617698
1 4 2 17 43 0 8 8 11 12 13 14 15 16 17 13770531827003049875
1 12 2 18 22 11 11 11 8 16 13 16 12 15 9 8 11 12 13 14 15 16 17 18 6879662274164063239
1 4 2 19 7 11 10 8 11 12 13 14 15 16 17 18 19 7484661023830805197
1 3 1 20 24 11 8 11 12 13 14 15 16 17 18 19 20 2187434652458131784
4 1 8 11 8 11 12 13 14 15 16 17 18 19 20 2187434652458131784
6 2 1 14 11 8 11 12 13 14 15 16 17 18 19 20 2187434652458131784
3 1 15 11 8 11 12 13 14 15 16 17 18 19 20 2187434652458131784
1 3 1 21 9 12 8 11 12 13 14 15 16 17 18 19 20 21 8632179294375224525
5 2 6 16 12 8 11 12 13 14 15 16 17 18 19 20 21 8632179294375224525
11 0 12 8 11 12 13 14 15 16 17 18 19 20 21 8632179294375224525
13 2 14 17 12 8 11 12 13 14 15 16 17 18 19 20 21 343732555191560571
12 3 16 2 20 12 8 11 12 13 14 15 16 17 18 19 20 21 5280807207166848780
14 1 1 12 8 11 12 13 14 15 16 17 18 19 20 21 5280807207166848780
2 2 8 40 12 8 11 12 13 14 15 16 17 18 19 20 21 5280807207166848780
4 1 8 12 8 11 12 13 14 15 16 17 18 19 20 21 5280807207166848780
3 1 9 11 8 11 12 13 14 15 16 17 18 19 20 7557674480784472001
10 0 11 8 11 12 13 14 15 16 17 18 19 20 7557674480784472001
5 2 5 11 11 8 11 12 13 14 15 16 17 18 19 20 7557674480784472001
1 3 1 22 17 12 8 11 12 13 14 15 16 17 18 19 20 22 1713922324679003552
9 1 17 12 8 11 12 13 14 15 16 17 18 19 20 22 1713922324679003552
3 1 24 12 8 11 12 13 14 15 16 17 18 19 20 22 1713922324679003552
3 1 26 12 8 11 12 13 14 15 16 17 18 19 20 22 1713922324679003552
1 10 3 23 14 22 22 19 19 12 11 15 13 8 11 12 13 14 15 16 17 18 19 20 22 23 17586267122693418645
8 1 16 13 8 11 12 13 14 15 16 17 18 19 20 22 23 17586267122693418645
5 2 3 11 13 8 11 12 13 14 15 16 17 18 19 20 22 23 17586267122693418645
3 1 22 12 8 11 12 13 14 15 16 17 19 20 22 23 3964457063159033939
12 3 14 7 13 12 8 11 12 13 14 15 16 17 19 20 22 23 13661424350249547053
2 2 14 0 12 8 11 12 13 14 15 16 17 19 20 22 23 13661424350249547053
14 1 8 12 8 11 12 13 14 15 16 17 19 20 22 23 13661424350249547053
14 1 33 12 8 11 12 13 14 15 16 17 19 20 22 23 13661424350249547053
1 4 3 24 48 12 13 8 11 12 13 14 15 16 17 19 20 22 23 24 18072319522957664713
14 1 1 13 8 11 12 13 14 15 16 17 19 20 22 23 24 18072319522957664713
11 0 13 8 11 12 13 14 15 16 17 19 20 22 23 24 18072319522957664713
14 1 32 13 8 11 12 13 14 15 16 17 19 20 22 23 24 18072319522957664713
14 1 1 13 8 11 12 13 14 15 16 17 19 20 22 23 24 18072319522957664713
14 1 18446744073709551615 13 8 11 12 13 14 15 16 17 19 20 22 23 24 18072319522957664713
13 2 14 24 13 8 11 12 13 14 15 16 17 19 20 22 23 24 12684510091801874010
1 6 2 25 47 8 23 20 14 8 11 12 13 14 15 16 17 19 20 22 23 24 25 7104658701915288854
3 1 32 13 8 11 12 13 14 15 17 19 20 22 23 24 25 7193236667886718842
3 1 43 13 8 11 12 13 14 15 17 19 20 22 23 24 25 7193236667886718842
3 1 48 13 8 11 12 13 14 15 17 19 20 22 23 24 25 7193236667886718842
12 3 12 7 20 13 8 11 12 13 14 15 17 19 20 22 23 24 25 633756209811959565
3 1 14 13 8 11 12 13 14 15 17 19 20 22 23 24 25 633756209811959565
14 1 32 13 8 11 12 13 14 15 17 19 20 22 23 24 25 633756209811959565
12 3 12 3 17 13 8 11 12 13 14 15 17 19 20 22 23 24 25 16896633646503917048
1 5 3 26 22 12 22 14 8 11 12 13 14 15 17 19 20 22 23 24 25 26 16243734226757086245
1 3 1 27 58 15 8 11 12 13 14 15 17 19 20 22 23 24 25 26 27 14142553710404014356
14 1 18446744073709551615 15 8 11 12 13 14 15 17 19 20 22 23 24 25 26 27 14142553710404014356
3 1 7 15 8 11 12 13 14 15 17 19 20 22 23 24 25 26 27 14142553710404014356
14 1 8 15 8 11 12 13 14 15 17 19 20 22 23 24 25 26 27 14142553710404014356
1 11 2 28 13 13 8 12 23 20 17 17 15 16 8 11 12 13 14 15 17 19 20 22 23 24 25 26 27 28 18017127802926178107
3 1 0 16 8 11 12 13 14 15 17 19 20 22 23 24 25 26 27 28 18017127802926178107
1 5 2 29 8 26 17 17 8 11 12 13 14 15 17 19 20 22 23 24 25 26 27 28 29 5382975677192340132
1 3 1 30 15 18 8 11 12 13 14 15 17 19 20 22 23 24 25 26 27 28 29 30 8179225564234167681
13 2 26 25 18 8 11 12 13 14 15 17 19 20 22 23 24 25 26 27 28 29 30 11046526373371531765
2 2 22 4 18 8 11 12 13 14 15 17 19 20 22 23 24 25 26 27 28 29 30 11046526373371531765
1 12 3 31 37 0 15 13 0 17 25 17 19 17 19 8 11 12 13 14 15 17 19 20 22 23 24 25 26 27 28 29 30 31 17425270884866424695
12 3 14 6 24 19 8 11 12 13 14 15 17 19 20 22 23 24 25 26 27 28 29 30 31 14210016064174664507
3 1 22 19 8 11 12 13 14 15 17 19 20 22 23 24 25 26 27 28 29 30 31 14210016064174664507
14 1 8 19 8 11 12 13 14 15 17 19 20 22 23 24 25 26 27 28 29 30 31 14210016064174664507
4 1 16 19 8 11 12 13 14 15 17 19 20 22 23 24 25 26 27 28 29 30 31 14210016064174664507
2 2 11 61 19 8 11 12 13 14 15 17 19 20 22 23 24 25 26 27 28 29 30 31 14210016064174664507
1 19 3 32 23 11 27 15 28 22 28 11 20 12 17 29 23 26 13 8 14 20 8 11 12 13 14 15 17 19 20 22 23 24 25 26 27 28 29 30 31 32 12471807289191472578
13 2 26 15 20 8 11 12 13 14 15 17 19 20 22 23 24 25 26 27 28 29 30 31 32 4881960126288982708
1 10 2 33 54 12 13 0 27 27 32 12 21 8 11 12 13 14 15 17 19 20 22 23 24 25 26 27 28 29 30 31 32 33 16702079771199067768
3 1 16 21 8 11 12 13 14 15 17 19 20 22 23 24 25 26 27 28 29 30 31 32 33 16702079771199067768
14 1 2 21 8 11 12 13 14 15 17 19 20 22 23 24 25 26 27 28 29 30 31 32 33 16702079771199067768
3 1 13 21 8 11 12 13 14 15 17 19 20 22 23 24 25 26 27 28 29 30 31 32 33 16702079771199067768
9 1 15 21 8 11 12 13 14 15 17 19 20 22 23 24 25 26 27 28 29 30 31 32 33 16702079771199067768
8 1 17 21 8 11 12 13 14 15 17 19 20 22 23 24 25 26 27 28 29 30 31 32 33 16702079771199067768
1 3 1 34 1 22 8 11 12 13 14 15 17 19 20 22 23 24 25 26 27 28 29 30 31 32 33 34 4164393294047308901
5 2 11 33 22 8 11 12 13 14 15 17 19 20 22 23 24 25 26 27 28 29 30 31 32 33 34 4164393294047308901
14 1 8 22 8 11 12 13 14 15 17 19 20 22 23 24 25 26 27 28 29 30 31 32 33 34 4164393294047308901
1 3 1 35 33 23 8 11 12 13 14 15 17 19 20 22 23 24 25 26 27 28 29 30 31 32 33 34 35 15649608151777750004
6 2 12 36 23 8 11 12 13 14 15 17 19 20 22 23 24 25 26 27 28 29 30 31 32 33 34 35 15649608151777750004
3 1 47 23 8 11 12 13 14 15 17 19 20 22 23 24 25 26 27 28 29 30 31 32 33 34 35 15649608151777750004
2 2 15 57 23 8 11 12 13 14 15 17 19 20 22 23 24 25 26 27 28 29 30 31 32 33 34 35 15649608151777750004
1 12 2 36 9 13 13 14 11 31 28 20 35 23 24 8 11 12 13 14 15 17 19 20 22 23 24 25 26 27 28 29 30 31 32 33 34 35 36 9294078220705705181
3 1 54 24 8 11 12 13 14 15 17 19 20 22 23 24 25 26 27 28 29 30 31 32 33 34 35 36 9294078220705705181
13 2 15 14 24 8 11 12 13 14 15 17 19 20 22 23 24 25 26 27 28 29 30 31 32 33 34 35 36 9694508493569853748
5 2 15 35 24 8 11 12 13 14 15 17 19 20 22 23 24 25 26 27 28 29 30 31 32 33 34 35 36 9694508493569853748
3 1 57 24 8 11 12 13 14 15 17 19 20 22 23 24 25 26 27 28 29 30 31 32 33 34 35 36 9694508493569853748
8 1 12 24 8 11 12 13 14 15 17 19 20 22 23 24 25 26 27 28 29 30 31 32 33 34 35 36 9694508493569853748
1 3 1 37 32 25 8 11 12 13 14 15 17 19 20 22 23 24 25 26 27 28 29 30 31 32 33 34 35 36 37 3196066889026463257
12 3 24 0 35 25 8 11 12 13 14 15 17 19 20 22 23 24 25 26 27 28 29 30 31 32 33 34 35 36 37 16613229386651499738
2 2 19 56 25 8 11 12 13 14 15 17 19 20 22 23 24 25 26 27 28 29 30 31 32 33 34 35 36 37 16613229386651499738
5 2 4 19 25 8 11 12 13 14 15 17 19 20 22 23 24 25 26 27 28 29 30 31 32 33 34 35 36 37 16613229386651499738
12 3 32 8 15 25 8 11 12 13 14 15 17 19 20 22 23 24 25 26 27 28 29 30 31 32 33 34 35 36 37 1614789376920518281
12 3 26 1 24 25 8 11 12 13 14 15 17 19 20 22 23 24 25 26 27 28 29 30 31 32 33 34 35 36 37 6074384978064913923
13 2 26 30 25 8 11 12 13 14 15 17 19 20 22 23 24 25 26 27 28 29 30 31 32 33 34 35 36 37 15993921127647017344
7 2 11 24 25 8 11 12 13 14 15 17 19 20 22 23 24 25 26 27 28 29 30 31 32 33 34 35 36 37 15993921127647017344
9 1 37 25 8 11 12 13 14 15 17 19 20 22 23 24 25 26 27 28 29 30 31 32 33 34 35 36 37 15993921127647017344
12 3 14 2 20 25 8 11 12 13 14 15 17 19 20 22 23 24 25 26 27 28 29 30 31 32 33 34 35 36 37 3659073874930285517
8 1 25 25 8 11 12 13 14 15 17 19 20 22 23 24 25 26 27 28 29 30 31 32 33 34 35 36 37 3659073874930285517
7 2 4 27 25 8 11 12 13 14 15 17 19 20 22 23 24 25 26 27 28 29 30 31 32 33 34 35 36 37 3659073874930285517
13 2 31 0 25 8 11 12 13 14 15 17 19 20 22 23 24 25 26 27 28 29 30 31 32 33 34 35 36 37 12739847485749754812
7 2 15 55 25 8 11 12 13 14 15 17 19 20 22 23 24 25 26 27 28 29 30 31 32 33 34 35 36 37 12739847485749754812
4 1 8 25 8 11 12 13 14 15 17 19 20 22 23 24 25 26 27 28 29 30 31 32 33 34 35 36 37 12739847485749754812
1 3 1 38 15 26 8 11 12 13 14 15 17 19 20 22 23 24 25 26 27 28 29 30 31 32 33 34 35 36 37 38 16792491947671180953
6 2 0 15 26 8 11 12 13 14 15 17 19 20 22 23 24 25 26 27 28 29 30 31 32 33 34 35 36 37 38 16792491947671180953
11 0 25 8 11 12 13 14 15 17 19 20 22 23 24 25 26 27 28 29 30 31 32 33 34 35 36 37 12739847485749754812
7 2 12 0 25 8 11 12 13 14 15 17 19 20 22 23 24 25 26 27 28 29 30 31 32 33 34 35 36 37 12739847485749754812
14 1 18446744073709551615 25 8 11 12 13 14 15 17 19 20 22 23 24 25 26 27 28 29 30 31 32 33 34 35 36 37 12739847485749754812
3 1 58 25 8 11 12 13 14 15 17 19 20 22 23 24 25 26 27 28 29 30 31 32 33 34 35 36 37 12739847485749754812
1 10 2 39 60 20 33 0 33 25 37 19 26 8 11 12 13 14 15 17 19 20 22 23 24 25 26 27 28 29 30 31 32 33 34 35 36 37 39 4353945015594154952
9 1 60 26 8 11 12 13 14 15 17 19 20 22 23 24 25 26 27 28 29 30 31 32 33 34 35 36 37 39 4353945015594154952
8 1 19 26 8 11 12 13 14 15 17 19 20 22 23 24 25 26 27 28 29 30 31 32 33 34 35 36 37 39 4353945015594154952
3 1 61 26 8 11 12 13 14 15 17 19 20 22 23 24 25 26 27 28 29 30 31 32 33 34 35 36 37 39 4353945015594154952
8 1 11 26 8 11 12 13 14 15 17 19 20 22 23 24 25 26 27 28 29 30 31 32 33 34 35 36 37 39 4353945015594154952
8 1 22 26 8 11 12 13 14 15 17 19 20 22 23 24 25 26 27 28 29 30 31 32 33 34 35 36 37 39 4353945015594154952
5 2 9 20 26 8 11 12 13 14 15 17 19 20 22 23 24 25 26 27 28 29 30 31 32 33 34 35 36 37 39 4353945015594154952
3 1 27 26 8 11 12 13 14 15 17 19 20 22 23 24 25 26 27 28 29 30 31 32 33 34 35 36 37 39 4353945015594154952
14 1 8 26 8 11 12 13 14 15 17 19 20 22 23 24 25 26 27 28 29 30 31 32 33 34 35 36 37 39 4353945015594154952
14 1 8 26 8 11 12 13 14 15 17 19 20 22 23 24 25 26 27 28 29 30 31 32 33 34 35 36 37 39 4353945015594154952
10 0 25 8 11 12 13 14 15 17 19 20 22 23 24 25 26 27 28 29 30 31 32 33 34 35 36 37 12739847485749754812
1 12 2 40 30 35 0 33 22 26 0 14 25 8 26 8 11 12 13 14 15 17 19 20 22 23 24 25 26 27 28 29 30 31 32 33 34 35 36 37 40 16786349233907521328
3 1 9 24 8 11 12 13 14 15 17 19 20 22 23 24 25 26 27 28 29 30 32 33 34 35 37 40 218385570818851320
11 0 24 8 11 12 13 14 15 17 19 20 22 23 24 25 26 27 28 29 30 32 33 34 35 37 40 218385570818851320
1 3 1 41 7 25 8 11 12 13 14 15 17 19 20 22 23 24 25 26 27 28 29 30 32 33 34 35 37 40 41 15449044993674250493
1 5 2 42 59 20 19 26 8 11 12 13 14 15 17 19 20 22 23 24 25 26 27 28 29 30 32 33 34 35 37 40 41 42 8241348669452026026
1 11 2 43 36 33 32 17 26 28 23 12 32 27 8 11 12 13 14 15 17 19 20 22 23 24 25 26 27 28 29 30 32 33 34 35 37 40 41 42 43 8629573682969227421
12 3 29 0 0 27 8 11 12 13 14 15 17 19 20 22 23 24 25 26 27 28 29 30 32 33 34 35 37 40 41 42 43 4074538752554637783
12 3 25 2 29 27 8 11 12 13 14 15 17 19 20 22 23 24 25 26 27 28 29 30 32 33 34 35 37 40 41 42 43 287407433859082338
1 6 2 44 16 43 25 37 28 8 11 12 13 14 15 17 19 20 22 23 24 25 26 27 28 29 30 32 33 34 35 37 40 41 42 43 44 6796138972628739066
1 10 2 45 53 32 12 14 32 0 13 30 29 8 11 12 13 14 15 17 19 20 22 23 24 25 26 27 28 29 30 32 33 34 35 37 40 41 42 43 44 45 15650286379308074172
4 1 2 29 8 11 12 13 14 15 17 19 20 22 23 24 25 26 27 28 29 30 32 33 34 35 37 40 41 42 43 44 45 15650286379308074172
12 3 15 1 30 29 8 11 12 13 14 15 17 19 20 22 23 24 25 26 27 28 29 30 32 33 34 35 37 40 41 42 43 44 45 13661052369971048294
9 1 16 29 8 11 12 13 14 15 17 19 20 22 23 24 25 26 27 28 29 30 32 33 34 35 37 40 41 42 43 44 45 13661052369971048294
12 3 45 5 37 29 8 11 12 13 14 15 17 19 20 22 23 24 25 26 27 28 29 30 32 33 34 35 37 40 41 42 43 44 45 13638112159364595390
6 2 0 53 29 8 11 12 13 14 15 17 19 20 22 23 24 25 26 27 28 29 30 32 33 34 35 37 40 41 42 43 44 45 13638112159364595390
4 1 1 29 8 11 12 13 14 15 17 19 20 22 23 24 25 26 27 28 29 30 32 33 34 35 37 40 41 42 43 44 45 13638112159364595390
1 3 1 46 15 30 8 11 12 13 14 15 17 19 20 22 23 24 25 26 27 28 29 30 32 33 34 35 37 40 41 42 43 44 45 46 8434503641693389083
14 1 8 30 8 11 12 13 14 15 17 19 20 22 23 24 25 26 27 28 29 30 32 33 34 35 37 40 41 42 43 44 45 46 8434503641693389083
1 12 2 47 18 11 23 22 37 29 23 17 22 12 31 8 11 12 13 14 15 17 19 20 22 23 24 25 26 27 28 29 30 32 33 34 35 37 40 41 42 43 44 45 46 47 340044845252389816
8 1 41 31 8 11 12 13 14 15 17 19 20 22 23 24 25 26 27 28 29 30 32 33 34 35 37 40 41 42 43 44 45 46 47 340044845252389816
13 2 23 12 31 8 11 12 13 14 15 17 19 20 22 23 24 25 26 27 28 29 30 32 33 34 35 37 40 41 42 43 44 45 46 47 3169326367411194539
8 1 23 31 8 11 12 13 14 15 17 19 20 22 23 24 25 26 27 28 29 30 32 33 34 35 37 40 41 42 43 44 45 46 47 3169326367411194539
1 3 3 48 54 32 8 11 12 13 14 15 17 19 20 22 23 24 25 26 27 28 29 30 32 33 34 35 37 40 41 42 43 44 45 46 47 48 17785392532418658994
4 1 2 32 8 11 12 13 14 15 17 19 20 22 23 24 25 26 27 28 29 30 32 33 34 35 37 40 41 42 43 44 45 46 47 48 17785392532418658994
1 3 1 49 45 33 8 11 12 13 14 15 17 19 20 22 23 24 25 26 27 28 29 30 32 33 34 35 37 40 41 42 43 44 45 46 47 48 49 8776775290659685851
6 2 1 32 33 8 11 12 13 14 15 17 19 20 22 23 24 25 26 27 28 29 30 32 33 34 35 37 40 41 42 43 44 45 46 47 48 49 8776775290659685851
11 0 33 8 11 12 13 14 15 17 19 20 22 23 24 25 26 27 28 29 30 32 33 34 35 37 40 41 42 43 44 45 46 47 48 49 8776775290659685851
3 1 56 33 8 11 12 13 14 15 17 19 20 22 23 24 25 26 27 28 29 30 32 33 34 35 37 40 41 42 43 44 45 46 47 48 49 8776775290659685851
1 3 2 50 14 34 8 11 12 13 14 15 17 19 20 22 23 24 25 26 27 28 29 30 32 33 34 35 37 40 41 42 43 44 45 46 47 48 49 50 17123092879314110503
8 1 11 34 8 11 12 13 14 15 17 19 20 22 23 24 25 26 27 28 29 30 32 33 34 35 37 40 41 42 43 44 45 46 47 48 49 50 17123092879314110503
8 1 26 34 8 11 12 13 14 15 17 19 20 22 23 24 25 26 27 28 29 30 32 33 34 35 37 40 41 42 43 44 45 46 47 48 49 50 17123092879314110503
4 1 16 34 8 11 12 13 14 15 17 19 20 22 23 24 25 26 27 28 29 30 32 33 34 35 37 40 41 42 43 44 45 46 47 48 49 50 17123092879314110503
11 0 34 8 11 12 13 14 15 17 19 20 22 23 24 25 26 27 28 29 30 32 33 34 35 37 40 41 42 43 44 45 46 47 48 49 50 17123092879314110503
1 12 2 51 51 47 28 27 17 37 44 32 46 12 35 8 11 12 13 14 15 17 19 20 22 23 24 25 26 27 28 29 30 32 33 34 35 37 40 41 42 43 44 45 46 47 48 49 50 51 8130754568132534480
1 3 1 52 19 36 8 11 12 13 14 15 17 19 20 22 23 24 25 26 27 28 29 30 32 33 34 35 37 40 41 42 43 44 45 46 47 48 49 50 51 52 1615052768977724965
6 2 0 33 36 8 11 12 13 14 15 17 19 20 22 23 24 25 26 27 28 29 30 32 33 34 35 37 40 41 42 43 44 45 46 47 48 49 50 51 52 1615052768977724965
12 3 45 4 20 36 8 11 12 13 14 15 17 19 20 22 23 24 25 26 27 28 29 30 32 33 34 35 37 40 41 42 43 44 45 46 47 48 49 50 51 52 1268150401005018665
1 3 1 53 28 37 8 11 12 13 14 15 17 19 20 22 23 24 25 26 27 28 29 30 32 33 34 35 37 40 41 42 43 44 45 46 47 48 49 50 51 52 53 11858343107112114132
11 0 37 8 11 12 13 14 15 17 19 20 22 23 24 25 26 27 28 29 30 32 33 34 35 37 40 41 42 43 44 45 46 47 48 49 50 51 52 53 11858343107112114132
5 2 1 17 37 8 11 12 13 14 15 17 19 20 22 23 24 25 26 27 28 29 30 32 33 34 35 37 40 41 42 43 44 45 46 47 48 49 50 51 52 53 11858343107112114132
13 2 23 37 37 8 11 12 13 14 15 17 19 20 22 23 24 25 26 27 28 29 30 32 33 34 35 37 40 41 42 43 44 45 46 47 48 49 50 51 52 53 17050391558700392136
5 2 1 28 37 8 11 12 13 14 15 17 19 20 22 23 24 25 26 27 28 29 30 32 33 34 35 37 40 41 42 43 44 45 46 47 48 49 50 51 52 53 17050391558700392136
9 1 24 37 8 11 12 13 14 15 17 19 20 22 23 24 25 26 27 28 29 30 32 33 34 35 37 40 41 42 43 44 45 46 47 48 49 50 51 52 53 17050391558700392136
1 10 2 54 56 25 27 26 48 48 27 50 38 8 11 12 13 14 15 17 19 20 22 23 24 25 26 27 28 29 30 32 33 34 35 37 40 41 42 43 44 45 46 47 48 49 50 51 52 53 54 16002251305509783856
8 1 22 38 8 11 12 13 14 15 17 19 20 22 23 24 25 26 27 28 29 30 32 33 34 35 37 40 41 42 43 44 45 46 47 48 49 50 51 52 53 54 16002251305509783856
14 1 18446744073709551615 38 8 11 12 13 14 15 17 19 20 22 23 24 25 26 27 28 29 30 32 33 34 35 37 40 41 42 43 44 45 46 47 48 49 50 51 52 53 54 16002251305509783856
14 1 32 38 8 11 12 13 14 15 17 19 20 22 23 24 25 26 27 28 29 30 32 33 34 35 37 40 41 42 43 44 45 46 47 48 49 50 51 52 53 54 16002251305509783856
8 1 27 38 8 11 12 13 14 15 17 19 20 22 23 24 25 26 27 28 29 30 32 33 34 35 37 40 41 42 43 44 45 46 47 48 49 50 51 52 53 54 16002251305509783856
8 1 53 38 8 11 12 13 14 15 17 19 20 22 23 24 25 26 27 28 29 30 32 33 34 35 37 40 41 42 43 44 45 46 47 48 49 50 51 52 53 54 16002251305509783856
5 2 0 53 37 8 11 12 13 14 15 17 19 20 22 23 24 25 26 27 28 29 30 32 33 34 35 37 40 41 42 43 44 46 47 48 49 50 51 52 53 54 9760832106206202804
10 0 37 8 11 12 13 14 15 17 19 20 22 23 24 25 26 27 28 29 30 32 33 34 35 37 40 41 42 43 44 46 47 48 49 50 51 52 53 54 9760832106206202804
14 1 1 37 8 11 12 13 14 15 17 19 20 22 23 24 25 26 27 28 29 30 32 33 34 35 37 40 41 42 43 44 46 47 48 49 50 51 52 53 54 9760832106206202804
10 0 37 8 11 12 13 14 15 17 19 20 22 23 24 25 26 27 28 29 30 32 33 34 35 37 40 41 42 43 44 46 47 48 49 50 51 52 53 54 9760832106206202804
8 1 52 37 8 11 12 13 14 15 17 19 20 22 23 24 25 26 27 28 29 30 32 33 34 35 37 40 41 42 43 44 46 47 48 49 50 51 52 53 54 9760832106206202804
12 3 42 0 41 37 8 11 12 13 14 15 17 19 20 22 23 24 25 26 27 28 29 30 32 33 34 35 37 40 41 42 43 44 46 47 48 49 50 51 52 53 54 16230569975228934259
12 3 54 4 47 37 8 11 12 13 14 15 17 19 20 22 23 24 25 26 27 28 29 30 32 33 34 35 37 40 41 42 43 44 46 47 48 49 50 51 52 53 54 16589988229336608478
1 12 2 55 49 26 13 22 42 50 8 52 15 15 38 8 11 12 13 14 15 17 19 20 22 23 24 25 26 27 28 29 30 32 33 34 35 37 40 41 42 43 44 46 47 48 49 50 51 52 53 54 55 9611466856705142980
1 11 3 56 46 49 32 53 30 47 49 54 28 39 8 11 12 13 14 15 17 19 20 22 23 24 25 26 27 28 29 30 32 33 34 35 37 40 41 42 43 44 46 47 48 49 50 51 52 53 54 55 56 9534413964496371335
7 2 0 5 39 8 11 12 13 14 15 17 19 20 22 23 24 25 26 27 28 29 30 32 33 34 35 37 40 41 42 43 44 46 47 48 49 50 51 52 53 54 55 56 9534413964496371335
3 1 8 39 8 11 12 13 14 15 17 19 20 22 23 24 25 26 27 28 29 30 32 33 34 35 37 40 41 42 43 44 46 47 48 49 50 51 52 53 54 55 56 9534413964496371335
5 2 1 12 39 8 11 12 13 14 15 17 19 20 22 23 24 25 26 27 28 29 30 32 33 34 35 37 40 41 42 43 44 46 47 48 49 50 51 52 53 54 55 56 9534413964496371335
1 3 1 57 43 40 8 11 12 13 14 15 17 19 20 22 23 24 25 26 27 28 29 30 32 33 34 35 37 40 41 42 43 44 46 47 48 49 50 51 52 53 54 55 56 57 14385752300124101742
10 0 40 8 11 12 13 14 15 17 19 20 22 23 24 25 26 27 28 29 30 32 33 34 35 37 40 41 42 43 44 46 47 48 49 50 51 52 53 54 55 56 57 14385752300124101742
2 2 56 2 40 8 11 12 13 14 15 17 19 20 22 23 24 25 26 27 28 29 30 32 33 34 35 37 40 41 42 43 44 46 47 48 49 50 51 52 53 54 55 56 57 14385752300124101742
1 3 2 58 10 41 8 11 12 13 14 15 17 19 20 22 23 24 25 26 27 28 29 30 32 33 34 35 37 40 41 42 43 44 46 47 48 49 50 51 52 53 54 55 56 57 58 1036181309299712638
1 11 2 59 50 23 48 29 33 35 25 23 32 42 8 11 12 13 14 15 17 19 20 22 23 24 25 26 27 28 29 30 32 33 34 35 37 40 41 42 43 44 46 47 48 49 50 51 52 53 54 55 56 57 58 59 7812239766204944012
2 2 35 60 42 8 11 12 13 14 15 17 19 20 22 23 24 25 26 27 28 29 30 32 33 34 35 37 40 41 42 43 44 46 47 48 49 50 51 52 53 54 55 56 57 58 59 7812239766204944012
1 3 2 60 29 43 8 11 12 13 14 15 17 19 20 22 23 24 25 26 27 28 29 30 32 33 34 35 37 40 41 42 43 44 46 47 48 49 50 51 52 53 54 55 56 57 58 59 60 7663953768798669256
4 1 0 43 8 11 12 13 14 15 17 19 20 22 23 24 25 26 27 28 29 30 32 33 34 35 37 40 41 42 43 44 46 47 48 49 50 51 52 53 54 55 56 57 58 59 60 7663953768798669256
11 0 43 8 11 12 13 14 15 17 19 20 22 23 24 25 26 27 28 29 30 32 33 34 35 37 40 41 42 43 44 46 47 48 49 50 51 52 53 54 55 56 57 58 59 60 7663953768798669256
13 2 14 24 43 8 11 12 13 14 15 17 19 20 22 23 24 25 26 27 28 29 30 32 33 34 35 37 40 41 42 43 44 46 47 48 49 50 51 52 53 54 55 56 57 58 59 60 15402009768457865091
1 3 1 61 9 44 8 11 12 13 14 15 17 19 20 22 23 24 25 26 27 28 29 30 32 33 34 35 37 40 41 42 43 44 46 47 48 49 50 51 52 53 54 55 56 57 58 59 60 61 13578186802293114362
6 2 1 56 44 8 11 12 13 14 15 17 19 20 22 23 24 25 26 27 28 29 30 32 33 34 35 37 40 41 42 43 44 46 47 48 49 50 51 52 53 54 55 56 57 58 59 60 61 13578186802293114362
1 11 2 62 3 49 40 25 49 47 61 55 60 45 8 11 12 13 14 15 17 19 20 22 23 24 25 26 27 28 29 30 32 33 34 35 37 40 41 42 43 44 46 47 48 49 50 51 52 53 54 55 56 57 58 59 60 61 62 5732271206549091018
4 1 8 45 8 11 12 13 14 15 17 19 20 22 23 24 25 26 27 28 29 30 32 33 34 35 37 40 41 42 43 44 46 47 48 49 50 51 52 53 54 55 56 57 58 59 60 61 62 5732271206549091018
10 0 45 8 11 12 13 14 15 17 19 20 22 23 24 25 26 27 28 29 30 32 33 34 35 37 40 41 42 43 44 46 47 48 49 50 51 52 53 54 55 56 57 58 59 60 61 62 5732271206549091018
14 1 8 45 8 11 12 13 14 15 17 19 20 22 23 24 25 26 27 28 29 30 32 33 34 35 37 40 41 42 43 44 46 47 48 49 50 51 52 53 54 55 56 57 58 59 60 61 62 5732271206549091018
5 2 6 57 45 8 11 12 13 14 15 17 19 20 22 23 24 25 26 27 28 29 30 32 33 34 35 37 40 41 42 43 44 46 47 48 49 50 51 52 53 54 55 56 57 58 59 60 61 62 5732271206549091018
3 1 30 45 8 11 12 13 14 15 17 19 20 22 23 24 25 26 27 28 29 30 32 33 34 35 37 40 41 42 43 44 46 47 48 49 50 51 52 53 54 55 56 57 58 59 60 61 62 5732271206549091018
12 3 42 0 32 45 8 11 12 13 14 15 17 19 20 22 23 24 25 26 27 28 29 30 32 33 34 35 37 40 41 42 43 44 46 47 48 49 50 51 52 53 54 55 56 57 58 59 60 61 62 2138951541892935149
9 1 29 45 8 11 12 13 14 15 17 19 20 22 23 24 25 26 27 28 29 30 32 33 34 35 37 40 41 42 43 44 46 47 48 49 50 51 52 53 54 55 56 57 58 59 60 61 62 2138951541892935149
14 1 0 45 8 11 12 13 14 15 17 19 20 22 23 24 25 26 27 28 29 30 32 33 34 35 37 40 41 42 43 44 46 47 48 49 50 51 52 53 54 55 56 57 58 59 60 61 62 2138951541892935149
4 1 9 45 8 11 12 13 14 15 17 19 20 22 23 24 25 26 27 28 29 30 32 33 34 35 37 40 41 42 43 44 46 47 48 49 50 51 52 53 54 55 56 57 58 59 60 61 62 2138951541892935149
1 3 1 63 52 46 8 11 12 13 14 15 17 19 20 22 23 24 25 26 27 28 29 30 32 33 34 35 37 40 41 42 43 44 46 47 48 49 50 51 52 53 54 55 56 57 58 59 60 61 62 63 10687715883956147668
1 19 2 64 57 51 14 42 53 26 37 27 61 47 28 0 29 48 54 0 32 47 8 11 12 13 14 15 17 19 20 22 23 24 25 26 27 28 29 30 32 33 34 35 37 40 41 42 43 44 46 47 48 49 50 51 52 53 54 55 56 57 58 59 60 61 62 63 64 8388973394033960615
12 3 54 1 49 47 8 11 12 13 14 15 17 19 20 22 23 24 25 26 27 28 29 30 32 33 34 35 37 40 41 42 43 44 46 47 48 49 50 51 52 53 54 55 56 57 58 59 60 61 62 63 64 8639820179386795729
2 2 42 61 47 8 11 12 13 14 15 17 19 20 22 23 24 25 26 27 28 29 30 32 33 34 35 37 40 41 42 43 44 46 47 48 49 50 51 52 53 54 55 56 57 58 59 60 61 62 63 64 8639820179386795729
3 1 54 47 8 11 12 13 14 15 17 19 20 22 23 24 25 26 27 28 29 30 32 33 34 35 37 40 41 42 43 44 46 47 48 49 50 51 52 53 54 55 56 57 58 59 60 61 62 63 64 8639820179386795729
5 2 2 51 47 8 11 12 13 14 15 17 19 20 22 23 24 25 26 27 28 29 30 32 33 34 35 37 40 41 42 43 44 46 47 48 49 50 51 52 53 54 55 56 57 58 59 60 61 62 63 64 8639820179386795729
1 3 2 65 30 48 8 11 12 13 14 15 17 19 20 22 23 24 25 26 27 28 29 30 32 33 34 35 37 40 41 42 43 44 46 47 48 49 50 51 52 53 54 55 56 57 58 59 60 61 62 63 64 65 4016932514324006965
10 0 48 8 11 12 13 14 15 17 19 20 22 23 24 25 26 27 28 29 30 32 33 34 35 37 40 41 42 43 44 46 47 48 49 50 51 52 53 54 55 56 57 58 59 60 61 62 63 64 65 4016932514324006965
1 10 3 66 27 41 54 61 28 26 62 53 49 8 11 12 13 14 15 17 19 20 22 23 24 25 26 27 28 29 30 32 33 34 35 37 40 41 42 43 44 46 47 48 49 50 51 52 53 54 55 56 57 58 59 60 61 62 63 64 65 66 18337703085886005436
8 1 43 49 8 11 12 13 14 15 17 19 20 22 23 24 25 26 27 28 29 30 32 33 34 35 37 40 41 42 43 44 46 47 48 49 50 51 52 53 54 55 56 57 58 59 60 61 62 63 64 65 66 18337703085886005436
10 0 49 8 11 12 13 14 15 17 19 20 22 23 24 25 26 27 28 29 30 32 33 34 35 37 40 41 42 43 44 46 47 48 49 50 51 52 53 54 55 56 57 58 59 60 61 62 63 64 65 66 18337703085886005436
11 0 49 8 11 12 13 14 15 17 19 20 22 23 24 25 26 27 28 29 30 32 33 34 35 37 40 41 42 43 44 46 47 48 49 50 51 52 53 54 55 56 57 58 59 60 61 62 63 64 65 66 18337703085886005436
8 1 17 49 8 11 12 13 14 15 17 19 20 22 23 24 25 26 27 28 29 30 32 33 34 35 37 40 41 42 43 44 46 47 48 49 50 51 52 53 54 55 56 57 58 59 60 61 62 63 64 65 66 18337703085886005436
9 1 3 49 8 11 12 13 14 15 17 19 20 22 23 24 25 26 27 28 29 30 32 33 34 35 37 40 41 42 43 44 46 47 48 49 50 51 52 53 54 55 56 57 58 59 60 61 62 63 64 65 66 18337703085886005436
1 6 2 67 32 0 61 60 50 8 11 12 13 14 15 17 19 20 22 23 24 25 26 27 28 29 30 32 33 34 35 37 40 41 42 43 44 46 47 48 49 50 51 52 53 54 55 56 57 58 59 60 61 62 63 64 65 66 67 6468200371465448006
13 2 15 24 50 8 11 12 13 14 15 17 19 20 22 23 24 25 26 27 28 29 30 32 33 34 35 37 40 41 42 43 44 46 47 48 49 50 51 52 53 54 55 56 57 58 59 60 61 62 63 64 65 66 67 9325656444168697621
7 2 6 13 50 8 11 12 13 14 15 17 19 20 22 23 24 25 26 27 28 29 30 32 33 34 35 37 40 41 42 43 44 46 47 48 49 50 51 52 53 54 55 56 57 58 59 60 61 62 63 64 65 66 67 9325656444168697621
12 3 29 0 27 50 8 11 12 13 14 15 17 19 20 22 23 24 25 26 27 28 29 30 32 33 34 35 37 40 41 42 43 44 46 47 48 49 50 51 52 53 54 55 56 57 58 59 60 61 62 63 64 65 66 67 3553790847982095752
1 3 1 68 33 51 8 11 12 13 14 15 17 19 20 22 23 24 25 26 27 28 29 30 32 33 34 35 37 40 41 42 43 44 46 47 48 49 50 51 52 53 54 55 56 57 58 59 60 61 62 63 64 65 66 67 68 9350441585397583197
5 2 5 35 51 8 11 12 13 14 15 17 19 20 22 23 24 25 26 27 28 29 30 32 33 34 35 37 40 41 42 43 44 46 47 48 49 50 51 52 53 54 55 56 57 58 59 60 61 62 63 64 65 66 67 68 9350441585397583197
4 1 8 51 8 11 12 13 14 15 17 19 20 22 23 24 25 26 27 28 29 30 32 33 34 35 37 40 41 42 43 44 46 47 48 49 50 51 52 53 54 55 56 57 58 59 60 61 62 63 64 65 66 67 68 9350441585397583197
9 1 43 51 8 11 12 13 14 15 17 19 20 22 23 24 25 26 27 28 29 30 32 33 34 35 37 40 41 42 43 44 46 47 48 49 50 51 52 53 54 55 56 57 58 59 60 61 62 63 64 65 66 67 68 9350441585397583197
12 3 12 1 24 51 8 11 12 13 14 15 17 19 20 22 23 24 25 26 27 28 29 30 32 33 34 35 37 40 41 42 43 44 46 47 48 49 50 51 52 53 54 55 56 57 58 59 60 61 62 63 64 65 66 67 68 9519716593483188877
14 1 8 51 8 11 12 13 14 15 17 19 20 22 23 24 25 26 27 28 29 30 32 33 34 35 37 40 41 42 43 44 46 47 48 49 50 51 52 53 54 55 56 57 58 59 60 61 62 63 64 65 66 67 68 9519716593483188877
5 2 0 57 51 8 11 12 13 14 15 17 19 20 22 23 24 25 26 27 28 29 30 32 33 34 35 37 40 41 42 43 44 46 47 48 49 50 51 52 53 54 55 56 57 58 59 60 61 62 63 64 65 66 67 68 9519716593483188877
2 2 53 29 51 8 11 12 13 14 15 17 19 20 22 23 24 25 26 27 28 29 30 32 33 34 35 37 40 41 42 43 44 46 47 48 49 50 51 52 53 54 55 56 57 58 59 60 61 62 63 64 65 66 67 68 9519716593483188877
13 2 24 50 51 8 11 12 13 14 15 17 19 20 22 23 24 25 26 27 28 29 30 32 33 34 35 37 40 41 42 43 44 46 47 48 49 50 51 52 53 54 55 56 57 58 59 60 61 62 63 64 65 66 67 68 8914191521812347146
7 2 0 6 51 8 11 12 13 14 15 17 19 20 22 23 24 25 26 27 28 29 30 32 33 34 35 37 40 41 42 43 44 46 47 48 49 50 51 52 53 54 55 56 57 58 59 60 61 62 63 64 65 66 67 68 8914191521812347146
6 2 6 5 51 8 11 12 13 14 15 17 19 20 22 23 24 25 26 27 28 29 30 32 33 34 35 37 40 41 42 43 44 46 47 48 49 50 51 52 53 54 55 56 57 58 59 60 61 62 63 64 65 66 67 68 8914191521812347146
3 1 1 50 8 11 12 13 14 15 17 19 20 22 23 24 25 26 27 28 29 30 32 33 35 37 40 41 42 43 44 46 47 48 49 50 51 52 53 54 55 56 57 58 59 60 61 62 63 64 65 66 67 68 2460138436306800641
8 1 20 50 8 11 12 13 14 15 17 19 20 22 23 24 25 26 27 28 29 30 32 33 35 37 40 41 42 43 44 46 47 48 49 50 51 52 53 54 55 56 57 58 59 60 61 62 63 64 65 66 67 68 2460138436306800641
7 2 6 53 50 8 11 12 13 14 15 17 19 20 22 23 24 25 26 27 28 29 30 32 33 35 37 40 41 42 43 44 46 47 48 49 50 51 52 53 54 55 56 57 58 59 60 61 62 63 64 65 66 67 68 2460138436306800641
6 2 3 27 50 8 11 12 13 14 15 17 19 20 22 23 24 25 26 27 28 29 30 32 33 35 37 40 41 42 43 44 46 47 48 49 50 51 52 53 54 55 56 57 58 59 60 61 62 63 64 65 66 67 68 2460138436306800641
1 19 2 69 24 55 55 66 56 40 64 50 0 26 53 37 55 24 41 17 44 51 8 11 12 13 14 15 17 19 20 22 23 24 25 26 27 28 29 30 32 33 35 37 40 41 42 43 44 46 47 48 49 50 51 52 53 54 55 56 57 58 59 60 61 62 63 64 65 66 67 68 69 14357760788551656492
7 2 3 25 51 8 11 12 13 14 15 17 19 20 22 23 24 25 26 27 28 29 30 32 33 35 37 40 41 42 43 44 46 47 48 49 50 51 52 53 54 55 56 57 58 59 60 61 62 63 64 65 66 67 68 69 14357760788551656492
9 1 36 51 8 11 12 13 14 15 17 19 20 22 23 24 25 26 27 28 29 30 32 33 35 37 40 41 42 43 44 46 47 48 49 50 51 52 53 54 55 56 57 58 59 60 61 62 63 64 65 66 67 68 69 14357760788551656492
1 4 3 70 48 56 52 8 11 12 13 14 15 17 19 20 22 23 24 25 26 27 28 29 30 32 33 35 37 40 41 42 43 44 46 47 48 49 50 51 52 53 54 55 56 57 58 59 60 61 62 63 64 65 66 67 68 69 70 14077178518057554494
10 0 52 8 11 12 13 14 15 17 19 20 22 23 24 25 26 27 28 29 30 32 33 35 37 40 41 42 43 44 46 47 48 49 50 51 52 53 54 55 56 57 58 59 60 61 62 63 64 65 66 67 68 69 70 14077178518057554494
6 2 5 46 52 8 11 12 13 14 15 17 19 20 22 23 24 25 26 27 28 29 30 32 33 35 37 40 41 42 43 44 46 47 48 49 50 51 52 53 54 55 56 57 58 59 60 61 62 63 64 65 66 67 68 69 70 14077178518057554494
3 1 24 51 8 11 12 13 14 15 17 19 20 22 23 24 25 26 27 28 29 30 32 33 35 37 40 41 42 43 44 46 47 48 49 50 51 52 53 54 55 56 57 58 59 60 61 62 63 64 65 66 67 68 70 4675003963074249219
1 3 2 71 56 52 8 11 12 13 14 15 17 19 20 22 23 24 25 26 27 28 29 30 32 33 35 37 40 41 42 43 44 46 47 48 49 50 51 52 53 54 55 56 57 58 59 60 61 62 63 64 65 66 67 68 70 71 10468648286153195515
1 10 2 72 41 29 50 44 52 12 33 8 53 8 11 12 13 14 15 17 19 20 22 23 24 25 26 27 28 29 30 32 33 35 37 40 41 42 43 44 46 47 48 49 50 51 52 53 54 55 56 57 58 59 60 61 62 63 64 65 66 67 68 70 71 72 17923472771090274286
9 1 19 53 8 11 12 13 14 15 17 19 20 22 23 24 25 26 27 28 29 30 32 33 35 37 40 41 42 43 44 46 47 48 49 50 51 52 53 54 55 56 57 58 59 60 61 62 63 64 65 66 67 68 70 71 72 17923472771090274286
3 1 29 53 8 11 12 13 14 15 17 19 20 22 23 24 25 26 27 28 29 30 32 33 35 37 40 41 42 43 44 46 47 48 49 50 51 52 53 54 55 56 57 58 59 60 61 62 63 64 65 66 67 68 70 71 72 17923472771090274286
8 1 37 53 8 11 12 13 14 15 17 19 20 22 23 24 25 26 27 28 29 30 32 33 35 37 40 41 42 43 44 46 47 48 49 50 51 52 53 54 55 56 57 58 59 60 61 62 63 64 65 66 67 68 70 71 72 17923472771090274286
5 2 5 23 53 8 11 12 13 14 15 17 19 20 22 23 24 25 26 27 28 29 30 32 33 35 37 40 41 42 43 44 46 47 48 49 50 51 52 53 54 55 56 57 58 59 60 61 62 63 64 65 66 67 68 70 71 72 17923472771090274286
3 1 49 53 8 11 12 13 14 15 17 19 20 22 23 24 25 26 27 28 29 30 32 33 35 37 40 41 42 43 44 46 47 48 49 50 51 52 53 54 55 56 57 58 59 60 61 62 63 64 65 66 67 68 70 71 72 17923472771090274286
8 1 70 53 8 11 12 13 14 15 17 19 20 22 23 24 25 26 27 28 29 30 32 33 35 37 40 41 42 43 44 46 47 48 49 50 51 52 53 54 55 56 57 58 59 60 61 62 63 64 65 66 67 68 70 71 72 17923472771090274286
8 1 20 53 8 11 12 13 14 15 17 19 20 22 23 24 25 26 27 28 29 30 32 33 35 37 40 41 42 43 44 46 47 48 49 50 51 52 53 54 55 56 57 58 59 60 61 62 63 64 65 66 67 68 70 71 72 17923472771090274286
1 3 1 73 31 54 8 11 12 13 14 15 17 19 20 22 23 24 25 26 27 28 29 30 32 33 35 37 40 41 42 43 44 46 47 48 49 50 51 52 53 54 55 56 57 58 59 60 61 62 63 64 65 66 67 68 70 71 72 73 14252171716726824327
1 19 3 74 39 28 24 62 44 44 41 57 40 14 12 53 28 43 46 15 52 55 8 11 12 13 14 15 17 19 20 22 23 24 25 26 27 28 29 30 32 33 35 37 40 41 42 43 44 46 47 48 49 50 51 52 53 54 55 56 57 58 59 60 61 62 63 64 65 66 67 68 70 71 72 73 74 4972070773550285673
9 1 51 55 8 11 12 13 14 15 17 19 20 22 23 24 25 26 27 28 29 30 32 33 35 37 40 41 42 43 44 46 47 48 49 50 51 52 53 54 55 56 57 58 59 60 61 62 63 64 65 66 67 68 70 71 72 73 74 4972070773550285673
13 2 15 30 55 8 11 12 13 14 15 17 19 20 22 23 24 25 26 27 28 29 30 32 33 35 37 40 41 42 43 44 46 47 48 49 50 51 52 53 54 55 56 57 58 59 60 61 62 63 64 65 66 67 68 70 71 72 73 74 3556859422142356680
5 2 1 48 55 8 11 12 13 14 15 17 19 20 22 23 24 25 26 27 28 29 30 32 33 35 37 40 41 42 43 44 46 47 48 49 50 51 52 53 54 55 56 57 58 59 60 61 62 63 64 65 66 67 68 70 71 72 73 74 3556859422142356680
1 3 1 75 16 56 8 11 12 13 14 15 17 19 20 22 23 24 25 26 27 28 29 30 32 33 35 37 40 41 42 43 44 46 47 48 49 50 51 52 53 54 55 56 57 58 59 60 61 62 63 64 65 66 67 68 70 71 72 73 74 75 1829664656740709573
3 1 61 56 8 11 12 13 14 15 17 19 20 22 23 24 25 26 27 28 29 30 32 33 35 37 40 41 42 43 44 46 47 48 49 50 51 52 53 54 55 56 57 58 59 60 61 62 63 64 65 66 67 68 70 71 72 73 74 75 1829664656740709573
8 1 72 56 8 11 12 13 14 15 17 19 20 22 23 24 25 26 27 28 29 30 32 33 35 37 40 41 42 43 44 46 47 48 49 50 51 52 53 54 55 56 57 58 59 60 61 62 63 64 65 66 67 68 70 71 72 73 74 75 1829664656740709573
3 1 56 55 8 11 12 13 14 15 17 19 20 22 23 24 25 26 27 28 29 30 32 33 35 37 40 41 42 43 44 46 47 48 49 50 51 52 53 54 55 56 57 58 59 60 61 62 63 64 65 66 67 68 70 72 73 74 75 5791532497000385001
14 1 0 55 8 11 12 13 14 15 17 19 20 22 23 24 25 26 27 28 29 30 32 33 35 37 40 41 42 43 44 46 47 48 49 50 51 52 53 54 55 56 57 58 59 60 61 62 63 64 65 66 67 68 70 72 73 74 75 5791532497000385001
11 0 55 8 11 12 13 14 15 17 19 20 22 23 24 25 26 27 28 29 30 32 33 35 37 40 41 42 43 44 46 47 48 49 50 51 52 53 54 55 56 57 58 59 60 61 62 63 64 65 66 67 68 70 72 73 74 75 5791532497000385001
1 3 1 76 21 56 8 11 12 13 14 15 17 19 20 22 23 24 25 26 27 28 29 30 32 33 35 37 40 41 42 43 44 46 47 48 49 50 51 52 53 54 55 56 57 58 59 60 61 62 63 64 65 66 67 68 70 72 73 74 75 76 15314165612758517332
10 0 56 8 11 12 13 14 15 17 19 20 22 23 24 25 26 27 28 29 30 32 33 35 37 40 41 42 43 44 46 47 48 49 50 51 52 53 54 55 56 57 58 59 60 61 62 63 64 65 66 67 68 70 72 73 74 75 76 15314165612758517332
4 1 1 56 8 11 12 13 14 15 17 19 20 22 23 24 25 26 27 28 29 30 32 33 35 37 40 41 42 43 44 46 47 48 49 50 51 52 53 54 55 56 57 58 59 60 61 62 63 64 65 66 67 68 70 72 73 74 75 76 15314165612758517332
5 2 0 50 56 8 11 12 13 14 15 17 19 20 22 23 24 25 26 27 28 29 30 32 33 35 37 40 41 42 43 44 46 47 48 49 50 51 52 53 54 55 56 57 58 59 60 61 62 63 64 65 66 67 68 70 72 73 74 75 76 15314165612758517332
11 0 56 8 11 12 13 14 15 17 19 20 22 23 24 25 26 27 28 29 30 32 33 35 37 40 41 42 43 44 46 47 48 49 50 51 52 53 54 55 56 57 58 59 60 61 62 63 64 65 66 67 68 70 72 73 74 75 76 15314165612758517332
1 12 3 77 36 70 29 68 75 58 72 28 35 23 57 8 11 12 13 14 15 17 19 20 22 23 24 25 26 27 28 29 30 32 33 35 37 40 41 42 43 44 46 47 48 49 50 51 52 53 54 55 56 57 58 59 60 61 62 63 64 65 66 67 68 70 72 73 74 75 76 77 4181360009032156197
5 2 5 46 57 8 11 12 13 14 15 17 19 20 22 23 24 25 26 27 28 29 30 32 33 35 37 40 41 42 43 44 46 47 48 49 50 51 52 53 54 55 56 57 58 59 60 61 62 63 64 65 66 67 68 70 72 73 74 75 76 77 4181360009032156197
1 3 1 78 37 58 8 11 12 13 14 15 17 19 20 22 23 24 25 26 27 28 29 30 32 33 35 37 40 41 42 43 44 46 47 48 49 50 51 52 53 54 55 56 57 58 59 60 61 62 63 64 65 66 67 68 70 72 73 74 75 76 77 78 11265720767766269876
1 4 3 79 26 59 59 8 11 12 13 14 15 17 19 20 22 23 24 25 26 27 28 29 30 32 33 35 37 40 41 42 43 44 46 47 48 49 50 51 52 53 54 55 56 57 58 59 60 61 62 63 64 65 66 67 68 70 72 73 74 75 76 77 78 79 6495672283775542234
3 1 18 59 8 11 12 13 14 15 17 19 20 22 23 24 25 26 27 28 29 30 32 33 35 37 40 41 42 43 44 46 47 48 49 50 51 52 53 54 55 56 57 58 59 60 61 62 63 64 65 66 67 68 70 72 73 74 75 76 77 78 79 6495672283775542234
11 0 59 8 11 12 13 14 15 17 19 20 22 23 24 25 26 27 28 29 30 32 33 35 37 40 41 42 43 44 46 47 48 49 50 51 52 53 54 55 56 57 58 59 60 61 62 63 64 65 66 67 68 70 72 73 74 75 76 77 78 79 6495672283775542234
12 3 70 0 27 59 8 11 12 13 14 15 17 19 20 22 23 24 25 26 27 28 29 30 32 33 35 37 40 41 42 43 44 46 47 48 49 50 51 52 53 54 55 56 57 58 59 60 61 62 63 64 65 66 67 68 70 72 73 74 75 76 77 78 79 17538400023654356219
2 2 76 47 59 8 11 12 13 14 15 17 19 20 22 23 24 25 26 27 28 29 30 32 33 35 37 40 41 42 43 44 46 47 48 49 50 51 52 53 54 55 56 57 58 59 60 61 62 63 64 65 66 67 68 70 72 73 74 75 76 77 78 79 17538400023654356219
3 1 48 59 8 11 12 13 14 15 17 19 20 22 23 24 25 26 27 28 29 30 32 33 35 37 40 41 42 43 44 46 47 48 49 50 51 52 53 54 55 56 57 58 59 60 61 62 63 64 65 66 67 68 70 72 73 74 75 76 77 78 79 17538400023654356219
1 3 1 80 63 60 8 11 12 13 14 15 17 19 20 22 23 24 25 26 27 28 29 30 32 33 35 37 40 41 42 43 44 46 47 48 49 50 51 52 53 54 55 56 57 58 59 60 61 62 63 64 65 66 67 68 70 72 73 74 75 76 77 78 79 80 11325994881288620614
6 2 0 30 60 8 11 12 13 14 15 17 19 20 22 23 24 25 26 27 28 29 30 32 33 35 37 40 41 42 43 44 46 47 48 49 50 51 52 53 54 55 56 57 58 59 60 61 62 63 64 65 66 67 68 70 72 73 74 75 76 77 78 79 80 11325994881288620614
1 19 2 81 49 23 61 57 50 54 29 13 51 40 78 8 40 30 11 79 26 61 8 11 12 13 14 15 17 19 20 22 23 24 25 26 27 28 29 30 32 33 35 37 40 41 42 43 44 46 47 48 49 50 51 52 53 54 55 56 57 58 59 60 61 62 63 64 65 66 67 68 70 72 73 74 75 76 77 78 79 80 81 15318453882283653652
12 3 24 1 60 61 8 11 12 13 14 15 17 19 20 22 23 24 25 26 27 28 29 30 32 33 35 37 40 41 42 43 44 46 47 48 49 50 51 52 53 54 55 56 57 58 59 60 61 62 63 64 65 66 67 68 70 72 73 74 75 76 77 78 79 80 81 4583949471262167374
8 1 46 61 8 11 12 13 14 15 17 19 20 22 23 24 25 26 27 28 29 30 32 33 35 37 40 41 42 43 44 46 47 48 49 50 51 52 53 54 55 56 57 58 59 60 61 62 63 64 65 66 67 68 70 72 73 74 75 76 77 78 79 80 81 4583949471262167374
6 2 0 28 60 8 11 12 13 14 15 17 19 20 22 23 24 25 26 27 28 29 30 32 33 35 37 40 41 42 43 44 46 47 48 49 50 51 52 53 54 55 56 57 58 59 60 61 62 63 64 66 67 68 70 72 73 74 75 76 77 78 79 80 81 10007278473393202834
8 1 14 60 8 11 12 13 14 15 17 19 20 22 23 24 25 26 27 28 29 30 32 33 35 37 40 41 42 43 44 46 47 48 49 50 51 52 53 54 55 56 57 58 59 60 61 62 63 64 66 67 68 70 72 73 74 75 76 77 78 79 80 81 10007278473393202834
1 6 2 82 24 66 12 60 61 8 11 12 13 14 15 17 19 20 22 23 24 25 26 27 28 29 30 32 33 35 37 40 41 42 43 44 46 47 48 49 50 51 52 53 54 55 56 57 58 59 60 61 62 63 64 66 67 68 70 72 73 74 75 76 77 78 79 80 81 82 6340044506081283447
12 3 82 2 46 61 8 11 12 13 14 15 17 19 20 22 23 24 25 26 27 28 29 30 32 33 35 37 40 41 42 43 44 46 47 48 49 50 51 52 53 54 55 56 57 58 59 60 61 62 63 64 66 67 68 70 72 73 74 75 76 77 78 79 80 81 82 6340064297290591245
3 1 13 61 8 11 12 13 14 15 17 19 20 22 23 24 25 26 27 28 29 30 32 33 35 37 40 41 42 43 44 46 47 48 49 50 51 52 53 54 55 56 57 58 59 60 61 62 63 64 66 67 68 70 72 73 74 75 76 77 78 79 80 81 82 6340064297290591245
13 2 24 35 61 8 11 12 13 14 15 17 19 20 22 23 24 25 26 27 28 29 30 32 33 35 37 40 41 42 43 44 46 47 48 49 50 51 52 53 54 55 56 57 58 59 60 61 62 63 64 66 67 68 70 72 73 74 75 76 77 78 79 80 81 82 14334047916616309085
1 6 2 83 19 59 75 81 62 8 11 12 13 14 15 17 19 20 22 23 24 25 26 27 28 29 30 32 33 35 37 40 41 42 43 44 46 47 48 49 50 51 52 53 54 55 56 57 58 59 60 61 62 63 64 66 67 68 70 72 73 74 75 76 77 78 79 80 81 82 83 18438500646531565693
3 1 4 62 8 11 12 13 14 15 17 19 20 22 23 24 25 26 27 28 29 30 32 33 35 37 40 41 42 43 44 46 47 48 49 50 51 52 53 54 55 56 57 58 59 60 61 62 63 64 66 67 68 70 72 73 74 75 76 77 78 79 80 81 82 83 18438500646531565693
14 1 33 62 8 11 12 13 14 15 17 19 20 22 23 24 25 26 27 28 29 30 32 33 35 37 40 41 42 43 44 46 47 48 49 50 51 52 53 54 55 56 57 58 59 60 61 62 63 64 66 67 68 70 72 73 74 75 76 77 78 79 80 81 82 83 18438500646531565693
3 1 23 62 8 11 12 13 14 15 17 19 20 22 23 24 25 26 27 28 29 30 32 33 35 37 40 41 42 43 44 46 47 48 49 50 51 52 53 54 55 56 57 58 59 60 61 62 63 64 66 67 68 70 72 73 74 75 76 77 78 79 80 81 82 83 18438500646531565693
12 3 83 0 76 62 8 11 12 13 14 15 17 19 20 22 23 24 25 26 27 28 29 30 32 33 35 37 40 41 42 43 44 46 47 48 49 50 51 52 53 54 55 56 57 58 59 60 61 62 63 64 66 67 68 70 72 73 74 75 76 77 78 79 80 81 82 83 13780148062778477956
3 1 7 62 8 11 12 13 14 15 17 19 20 22 23 24 25 26 27 28 29 30 32 33 35 37 40 41 42 43 44 46 47 48 49 50 51 52 53 54 55 56 57 58 59 60 61 62 63 64 66 67 68 70 72 73 74 75 76 77 78 79 80 81 82 83 13780148062778477956
14 1 18446744073709551615 62 8 11 12 13 14 15 17 19 20 22 23 24 25 26 27 28 29 30 32 33 35 37 40 41 42 43 44 46 47 48 49 50 51 52 53 54 55 56 57 58 59 60 61 62 63 64 66 67 68 70 72 73 74 75 76 77 78 79 80 81 82 83 13780148062778477956
3 1 32 61 8 11 12 13 14 15 17 19 20 22 23 24 25 26 27 28 29 30 32 33 35 37 40 41 42 43 44 46 47 48 49 50 51 52 53 54 55 56 57 58 59 60 61 62 63 64 66 68 70 72 73 74 75 76 77 78 79 80 81 82 83 5505335879896057620
9 1 63 61 8 11 12 13 14 15 17 19 20 22 23 24 25 26 27 28 29 30 32 33 35 37 40 41 42 43 44 46 47 48 49 50 51 52 53 54 55 56 57 58 59 60 61 62 63 64 66 68 70 72 73 74 75 76 77 78 79 80 81 82 83 5505335879896057620
5 2 0 56 61 8 11 12 13 14 15 17 19 20 22 23 24 25 26 27 28 29 30 32 33 35 37 40 41 42 43 44 46 47 48 49 50 51 52 53 54 55 56 57 58 59 60 61 62 63 64 66 68 70 72 73 74 75 76 77 78 79 80 81 82 83 5505335879896057620
9 1 6 61 8 11 12 13 14 15 17 19 20 22 23 24 25 26 27 28 29 30 32 33 35 37 40 41 42 43 44 46 47 48 49 50 51 52 53 54 55 56 57 58 59 60 61 62 63 64 66 68 70 72 73 74 75 76 77 78 79 80 81 82 83 5505335879896057620
8 1 70 61 8 11 12 13 14 15 17 19 20 22 23 24 25 26 27 28 29 30 32 33 35 37 40 41 42 43 44 46 47 48 49 50 51 52 53 54 55 56 57 58 59 60 61 62 63 64 66 68 70 72 73 74 75 76 77 78 79 80 81 82 83 5505335879896057620
8 1 66 61 8 11 12 13 14 15 17 19 20 22 23 24 25 26 27 28 29 30 32 33 35 37 40 41 42 43 44 46 47 48 49 50 51 52 53 54 55 56 57 58 59 60 61 62 63 64 66 68 70 72 73 74 75 76 77 78 79 80 81 82 83 5505335879896057620
13 2 74 72 61 8 11 12 13 14 15 17 19 20 22 23 24 25 26 27 28 29 30 32 33 35 37 40 41 42 43 44 46 47 48 49 50 51 52 53 54 55 56 57 58 59 60 61 62 63 64 66 68 70 72 73 74 75 76 77 78 79 80 81 82 83 9175576346577966011
1 12 3 84 20 54 23 26 63 33 42 48 77 56 62 8 11 12 13 14 15 17 19 20 22 23 24 25 26 27 28 29 30 32 33 35 37 40 41 42 43 44 46 47 48 49 50 51 52 53 54 55 56 57 58 59 60 61 62 63 64 66 68 70 72 73 74 75 76 77 78 79 80 81 82 83 84 16332067662756328031
13 2 48 61 62 8 11 12 13 14 15 17 19 20 22 23 24 25 26 27 28 29 30 32 33 35 37 40 41 42 43 44 46 47 48 49 50 51 52 53 54 55 56 57 58 59 60 61 62 63 64 66 68 70 72 73 74 75 76 77 78 79 80 81 82 83 84 9152576874130776033
1 3 1 85 63 63 8 11 12 13 14 15 17 19 20 22 23 24 25 26 27 28 29 30 32 33 35 37 40 41 42 43 44 46 47 48 49 50 51 52 53 54 55 56 57 58 59 60 61 62 63 64 66 68 70 72 73 74 75 76 77 78 79 80 81 82 83 84 85 13902805987398975916
14 1 2 63 8 11 12 13 14 15 17 19 20 22 23 24 25 26 27 28 29 30 32 33 35 37 40 41 42 43 44 46 47 48 49 50 51 52 53 54 55 56 57 58 59 60 61 62 63 64 66 68 70 72 73 74 75 76 77 78 79 80 81 82 83 84 85 13902805987398975916
3 1 14 63 8 11 12 13 14 15 17 19 20 22 23 24 25 26 27 28 29 30 32 33 35 37 40 41 42 43 44 46 47 48 49 50 51 52 53 54 55 56 57 58 59 60 61 62 63 64 66 68 70 72 73 74 75 76 77 78 79 80 81 82 83 84 85 13902805987398975916
3 1 20 62 8 11 12 13 14 15 17 19 20 22 23 24 25 26 27 28 29 30 32 33 35 37 40 41 42 43 44 46 47 48 49 50 51 52 53 54 55 56 57 58 59 60 61 62 63 64 66 68 70 72 73 74 75 76 77 78 79 80 81 82 83 85 14088805050224176128
12 3 56 3 72 62 8 11 12 13 14 15 17 19 20 22 23 24 25 26 27 28 29 30 32 33 35 37 40 41 42 43 44 46 47 48 49 50 51 52 53 54 55 56 57 58 59 60 61 62 63 64 66 68 70 72 73 74 75 76 77 78 79 80 81 82 83 85 3627470546571614666
8 1 42 62 8 11 12 13 14 15 17 19 20 22 23 24 25 26 27 28 29 30 32 33 35 37 40 41 42 43 44 46 47 48 49 50 51 52 53 54 55 56 57 58 59 60 61 62 63 64 66 68 70 72 73 74 75 76 77 78 79 80 81 82 83 85 3627470546571614666
3 1 16 62 8 11 12 13 14 15 17 19 20 22 23 24 25 26 27 28 29 30 32 33 35 37 40 41 42 43 44 46 47 48 49 50 51 52 53 54 55 56 57 58 59 60 61 62 63 64 66 68 70 72 73 74 75 76 77 78 79 80 81 82 83 85 3627470546571614666
7 2 0 30 62 8 11 12 13 14 15 17 19 20 22 23 24 25 26 27 28 29 30 32 33 35 37 40 41 42 43 44 46 47 48 49 50 51 52 53 54 55 56 57 58 59 60 61 62 63 64 66 68 70 72 73 74 75 76 77 78 79 80 81 82 83 85 3627470546571614666
6 2 0 60 62 8 11 12 13 14 15 17 19 20 22 23 24 25 26 27 28 29 30 32 33 35 37 40 41 42 43 44 46 47 48 49 50 51 52 53 54 55 56 57 58 59 60 61 62 63 64 66 68 70 72 73 74 75 76 77 78 79 80 81 82 83 85 3627470546571614666
3 1 0 62 8 11 12 13 14 15 17 19 20 22 23 24 25 26 27 28 29 30 32 33 35 37 40 41 42 43 44 46 47 48 49 50 51 52 53 54 55 56 57 58 59 60 61 62 63 64 66 68 70 72 73 74 75 76 77 78 79 80 81 82 83 85 3627470546571614666
5 2 0 46 62 8 11 12 13 14 15 17 19 20 22 23 24 25 26 27 28 29 30 32 33 35 37 40 41 42 43 44 46 47 48 49 50 51 52 53 54 55 56 57 58 59 60 61 62 63 64 66 68 70 72 73 74 75 76 77 78 79 80 81 82 83 85 3627470546571614666
8 1 57 62 8 11 12 13 14 15 17 19 20 22 23 24 25 26 27 28 29 30 32 33 35 37 40 41 42 43 44 46 47 48 49 50 51 52 53 54 55 56 57 58 59 60 61 62 63 64 66 68 70 72 73 74 75 76 77 78 79 80 81 82 83 85 3627470546571614666
1 5 3 86 23 25 17 63 8 11 12 13 14 15 17 19 20 22 23 24 25 26 27 28 29 30 32 33 35 37 40 41 42 43 44 46 47 48 49 50 51 52 53 54 55 56 57 58 59 60 61 62 63 64 66 68 70 72 73 74 75 76 77 78 79 80 81 82 83 85 86 13463721524075631311
1 4 2 87 62 17 64 8 11 12 13 14 15 17 19 20 22 23 24 25 26 27 28 29 30 32 33 35 37 40 41 42 43 44 46 47 48 49 50 51 52 53 54 55 56 57 58 59 60 61 62 63 64 66 68 70 72 73 74 75 76 77 78 79 80 81 82 83 85 86 87 10296575172091002703
8 1 64 64 8 11 12 13 14 15 17 19 20 22 23 24 25 26 27 28 29 30 32 33 35 37 40 41 42 43 44 46 47 48 49 50 51 52 53 54 55 56 57 58 59 60 61 62 63 64 66 68 70 72 73 74 75 76 77 78 79 80 81 82 83 85 86 87 10296575172091002703
11 0 63 8 11 12 13 14 15 17 19 20 22 23 24 25 26 27 28 29 30 32 33 35 37 40 41 42 43 44 46 47 48 49 50 51 52 53 54 55 56 57 58 59 60 61 62 63 64 66 68 70 72 73 74 75 76 77 78 79 81 82 83 85 86 87 2839082142187311570
1 3 1 88 14 64 8 11 12 13 14 15 17 19 20 22 23 24 25 26 27 28 29 30 32 33 35 37 40 41 42 43 44 46 47 48 49 50 51 52 53 54 55 56 57 58 59 60 61 62 63 64 66 68 70 72 73 74 75 76 77 78 79 81 82 83 85 86 87 88 14412059436337396951
13 2 70 87 64 8 11 12 13 14 15 17 19 20 22 23 24 25 26 27 28 29 30 32 33 35 37 40 41 42 43 44 46 47 48 49 50 51 52 53 54 55 56 57 58 59 60 61 62 63 64 66 68 70 72 73 74 75 76 77 78 79 81 82 83 85 86 87 88 1578432826816310997
14 1 8 64 8 11 12 13 14 15 17 19 20 22 23 24 25 26 27 28 29 30 32 33 35 37 40 41 42 43 44 46 47 48 49 50 51 52 53 54 55 56 57 58 59 60 61 62 63 64 66 68 70 72 73 74 75 76 77 78 79 81 82 83 85 86 87 88 1578432826816310997
2 2 78 46 64 8 11 12 13 14 15 17 19 20 22 23 24 25 26 27 28 29 30 32 33 35 37 40 41 42 43 44 46 47 48 49 50 51 52 53 54 55 56 57 58 59 60 61 62 63 64 66 68 70 72 73 74 75 76 77 78 79 81 82 83 85 86 87 88 1578432826816310997
1 3 2 89 0 65 8 11 12 13 14 15 17 19 20 22 23 24 25 26 27 28 29 30 32 33 35 37 40 41 42 43 44 46 47 48 49 50 51 52 53 54 55 56 57 58 59 60 61 62 63 64 66 68 70 72 73 74 75 76 77 78 79 81 82 83 85 86 87 88 89 7324038524526135305
3 1 62 65 8 11 12 13 14 15 17 19 20 22 23 24 25 26 27 28 29 30 32 33 35 37 40 41 42 43 44 46 47 48 49 50 51 52 53 54 55 56 57 58 59 60 61 62 63 64 66 68 70 72 73 74 75 76 77 78 79 81 82 83 85 86 87 88 89 7324038524526135305
1 6 2 90 61 42 76 62 66 8 11 12 13 14 15 17 19 20 22 23 24 25 26 27 28 29 30 32 33 35 37 40 41 42 43 44 46 47 48 49 50 51 52 53 54 55 56 57 58 59 60 61 62 63 64 66 68 70 72 73 74 75 76 77 78 79 81 82 83 85 86 87 88 89 90 8792139525002632268
12 3 83 2 76 66 8 11 12 13 14 15 17 19 20 22 23 24 25 26 27 28 29 30 32 33 35 37 40 41 42 43 44 46 47 48 49 50 51 52 53 54 55 56 57 58 59 60 61 62 63 64 66 68 70 72 73 74 75 76 77 78 79 81 82 83 85 86 87 88 89 90 6163919324560085297
12 3 74 8 49 66 8 11 12 13 14 15 17 19 20 22 23 24 25 26 27 28 29 30 32 33 35 37 40 41 42 43 44 46 47 48 49 50 51 52 53 54 55 56 57 58 59 60 61 62 63 64 66 68 70 72 73 74 75 76 77 78 79 81 82 83 85 86 87 88 89 90 14290043133756525954
14 1 2 66 8 11 12 13 14 15 17 19 20 22 23 24 25 26 27 28 29 30 32 33 35 37 40 41 42 43 44 46 47 48 49 50 51 52 53 54 55 56 57 58 59 60 61 62 63 64 66 68 70 72 73 74 75 76 77 78 79 81 82 83 85 86 87 88 89 90 14290043133756525954
1 19 2 91 27 11 33 40 27 25 30 83 8 24 11 54 42 28 86 90 50 67 8 11 12 13 14 15 17 19 20 22 23 24 25 26 27 28 29 30 32 33 35 37 40 41 42 43 44 46 47 48 49 50 51 52 53 54 55 56 57 58 59 60 61 62 63 64 66 68 70 72 73 74 75 76 77 78 79 81 82 83 85 86 87 88 89 90 91 6780134892526142984
3 1 25 67 8 11 12 13 14 15 17 19 20 22 23 24 25 26 27 28 29 30 32 33 35 37 40 41 42 43 44 46 47 48 49 50 51 52 53 54 55 56 57 58 59 60 61 62 63 64 66 68 70 72 73 74 75 76 77 78 79 81 82 83 85 86 87 88 89 90 91 6780134892526142984
12 3 91 9 56 67 8 11 12 13 14 15 17 19 20 22 23 24 25 26 27 28 29 30 32 33 35 37 40 41 42 43 44 46 47 48 49 50 51 52 53 54 55 56 57 58 59 60 61 62 63 64 66 68 70 72 73 74 75 76 77 78 79 81 82 83 85 86 87 88 89 90 91 8538562106853643049
14 1 32 67 8 11 12 13 14 15 17 19 20 22 23 24 25 26 27 28 29 30 32 33 35 37 40 41 42 43 44 46 47 48 49 50 51 52 53 54 55 56 57 58 59 60 61 62 63 64 66 68 70 72 73 74 75 76 77 78 79 81 82 83 85 86 87 88 89 90 91 8538562106853643049
3 1 31 66 8 11 12 13 14 15 17 19 20 22 23 24 25 26 27 28 29 30 32 33 35 37 40 41 42 43 44 46 47 48 49 50 51 52 53 54 55 56 57 58 59 60 61 62 63 64 66 68 70 72 74 75 76 77 78 79 81 82 83 85 86 87 88 89 90 91 13032062462221819094
1 3 1 92 8 67 8 11 12 13 14 15 17 19 20 22 23 24 25 26 27 28 29 30 32 33 35 37 40 41 42 43 44 46 47 48 49 50 51 52 53 54 55 56 57 58 59 60 61 62 63 64 66 68 70 72 74 75 76 77 78 79 81 82 83 85 86 87 88 89 90 91 92 16009256740346856523
12 3 47 0 61 67 8 11 12 13 14 15 17 19 20 22 23 24 25 26 27 28 29 30 32 33 35 37 40 41 42 43 44 46 47 48 49 50 51 52 53 54 55 56 57 58 59 60 61 62 63 64 66 68 70 72 74 75 76 77 78 79 81 82 83 85 86 87 88 89 90 91 92 10293017671341724977
3 1 61 67 8 11 12 13 14 15 17 19 20 22 23 24 25 26 27 28 29 30 32 33 35 37 40 41 42 43 44 46 47 48 49 50 51 52 53 54 55 56 57 58 59 60 61 62 63 64 66 68 70 72 74 75 76 77 78 79 81 82 83 85 86 87 88 89 90 91 92 10293017671341724977
13 2 79 68 67 8 11 12 13 14 15 17 19 20 22 23 24 25 26 27 28 29 30 32 33 35 37 40 41 42 43 44 46 47 48 49 50 51 52 53 54 55 56 57 58 59 60 61 62 63 64 66 68 70 72 74 75 76 77 78 79 81 82 83 85 86 87 88 89 90 91 92 4976798891382629770
12 3 55 1 26 67 8 11 12 13 14 15 17 19 20 22 23 24 25 26 27 28 29 30 32 33 35 37 40 41 42 43 44 46 47 48 49 50 51 52 53 54 55 56 57 58 59 60 61 62 63 64 66 68 70 72 74 75 76 77 78 79 81 82 83 85 86 87 88 89 90 91 92 8255223051192638371
12 3 86 1 8 67 8 11 12 13 14 15 17 19 20 22 23 24 25 26 27 28 29 30 32 33 35 37 40 41 42 43 44 46 47 48 49 50 51 52 53 54 55 56 57 58 59 60 61 62 63 64 66 68 70 72 74 75 76 77 78 79 81 82 83 85 86 87 88 89 90 91 92 15363058705425481344
4 1 9 67 8 11 12 13 14 15 17 19 20 22 23 24 25 26 27 28 29 30 32 33 35 37 40 41 42 43 44 46 47 48 49 50 51 52 53 54 55 56 57 58 59 60 61 62 63 64 66 68 70 72 74 75 76 77 78 79 81 82 83 85 86 87 88 89 90 91 92 15363058705425481344
3 1 45 67 8 11 12 13 14 15 17 19 20 22 23 24 25 26 27 28 29 30 32 33 35 37 40 41 42 43 44 46 47 48 49 50 51 52 53 54 55 56 57 58 59 60 61 62 63 64 66 68 70 72 74 75 76 77 78 79 81 82 83 85 86 87 88 89 90 91 92 15363058705425481344
2 2 86 22 67 8 11 12 13 14 15 17 19 20 22 23 24 25 26 27 28 29 30 32 33 35 37 40 41 42 43 44 46 47 48 49 50 51 52 53 54 55 56 57 58 59 60 61 62 63 64 66 68 70 72 74 75 76 77 78 79 81 82 83 85 86 87 88 89 90 91 92 15363058705425481344
1 6 2 93 35 89 76 44 68 8 11 12 13 14 15 17 19 20 22 23 24 25 26 27 28 29 30 32 33 35 37 40 41 42 43 44 46 47 48 49 50 51 52 53 54 55 56 57 58 59 60 61 62 63 64 66 68 70 72 74 75 76 77 78 79 81 82 83 85 86 87 88 89 90 91 92 93 9901200098929578324
8 1 76 68 8 11 12 13 14 15 17 19 20 22 23 24 25 26 27 28 29 30 32 33 35 37 40 41 42 43 44 46 47 48 49 50 51 52 53 54 55 56 57 58 59 60 61 62 63 64 66 68 70 72 74 75 76 77 78 79 81 82 83 85 86 87 88 89 90 91 92 93 9901200098929578324
1 3 1 94 28 69 8 11 12 13 14 15 17 19 20 22 23 24 25 26 27 28 29 30 32 33 35 37 40 41 42 43 44 46 47 48 49 50 51 52 53 54 55 56 57 58 59 60 61 62 63 64 66 68 70 72 74 75 76 77 78 79 81 82 83 85 86 87 88 89 90 91 92 93 94 4774014605096298897
10 0 69 8 11 12 13 14 15 17 19 20 22 23 24 25 26 27 28 29 30 32 33 35 37 40 41 42 43 44 46 47 48 49 50 51 52 53 54 55 56 57 58 59 60 61 62 63 64 66 68 70 72 74 75 76 77 78 79 81 82 83 85 86 87 88 89 90 91 92 93 94 4774014605096298897
3 1 2 69 8 11 12 13 14 15 17 19 20 22 23 24 25 26 27 28 29 30 32 33 35 37 40 41 42 43 44 46 47 48 49 50 51 52 53 54 55 56 57 58 59 60 61 62 63 64 66 68 70 72 74 75 76 77 78 79 81 82 83 85 86 87 88 89 90 91 92 93 94 4774014605096298897
9 1 9 69 8 11 12 13 14 15 17 19 20 22 23 24 25 26 27 28 29 30 32 33 35 37 40 41 42 43 44 46 47 48 49 50 51 52 53 54 55 56 57 58 59 60 61 62 63 64 66 68 70 72 74 75 76 77 78 79 81 82 83 85 86 87 88 89 90 91 92 93 94 4774014605096298897
9 1 63 69 8 11 12 13 14 15 17 19 20 22 23 24 25 26 27 28 29 30 32 33 35 37 40 41 42 43 44 46 47 48 49 50 51 52 53 54 55 56 57 58 59 60 61 62 63 64 66 68 70 72 74 75 76 77 78 79 81 82 83 85 86 87 88 89 90 91 92 93 94 4774014605096298897
12 3 47 6 59 69 8 11 12 13 14 15 17 19 20 22 23 24 25 26 27 28 29 30 32 33 35 37 40 41 42 43 44 46 47 48 49 50 51 52 53 54 55 56 57 58 59 60 61 62 63 64 66 68 70 72 74 75 76 77 78 79 81 82 83 85 86 87 88 89 90 91 92 93 94 1156299915491085467
6 2 7 35 69 8 11 12 13 14 15 17 19 20 22 23 24 25 26 27 28 29 30 32 33 35 37 40 41 42 43 44 46 47 48 49 50 51 52 53 54 55 56 57 58 59 60 61 62 63 64 66 68 70 72 74 75 76 77 78 79 81 82 83 85 86 87 88 89 90 91 92 93 94 1156299915491085467
3 1 24 67 8 11 12 13 14 15 17 19 20 22 23 24 25 26 27 28 29 30 32 33 35 37 40 41 42 43 44 46 47 48 49 50 51 52 53 54 55 56 57 58 59 60 61 62 63 64 68 70 72 74 75 76 77 78 79 81 83 85 86 87 88 89 90 91 92 93 94 8747614393035665047
1 3 1 95 54 68 8 11 12 13 14 15 17 19 20 22 23 24 25 26 27 28 29 30 32 33 35 37 40 41 42 43 44 46 47 48 49 50 51 52 53 54 55 56 57 58 59 60 61 62 63 64 68 70 72 74 75 76 77 78 79 81 83 85 86 87 88 89 90 91 92 93 94 95 6096214153528374858
5 2 4 47 68 8 11 12 13 14 15 17 19 20 22 23 24 25 26 27 28 29 30 32 33 35 37 40 41 42 43 44 46 47 48 49 50 51 52 53 54 55 56 57 58 59 60 61 62 63 64 68 70 72 74 75 76 77 78 79 81 83 85 86 87 88 89 90 91 92 93 94 95 6096214153528374858
11 0 66 8 11 12 13 14 15 17 19 20 22 23 24 25 26 27 28 29 30 32 33 35 37 40 41 42 43 44 46 47 48 49 50 51 52 53 54 55 56 57 58 59 60 61 62 63 64 68 70 72 74 75 76 77 78 79 81 83 86 87 88 89 90 91 92 94 95 12854745769163249073
3 1 21 66 8 11 12 13 14 15 17 19 20 22 23 24 25 26 27 28 29 30 32 33 35 37 40 41 42 43 44 46 47 48 49 50 51 52 53 54 55 56 57 58 59 60 61 62 63 64 68 70 72 74 75 76 77 78 79 81 83 86 87 88 89 90 91 92 94 95 12854745769163249073
14 1 18446744073709551615 66 8 11 12 13 14 15 17 19 20 22 23 24 25 26 27 28 29 30 32 33 35 37 40 41 42 43 44 46 47 48 49 50 51 52 53 54 55 56 57 58 59 60 61 62 63 64 68 70 72 74 75 76 77 78 79 81 83 86 87 88 89 90 91 92 94 95 12854745769163249073
1 11 2 96 6 54 74 62 51 22 88 86 77 67 8 11 12 13 14 15 17 19 20 22 23 24 25 26 27 28 29 30 32 33 35 37 40 41 42 43 44 46 47 48 49 50 51 52 53 54 55 56 57 58 59 60 61 62 63 64 68 70 72 74 75 76 77 78 79 81 83 86 87 88 89 90 91 92 94 95 96 16689834410052581025
1 4 3 97 44 29 68 8 11 12 13 14 15 17 19 20 22 23 24 25 26 27 28 29 30 32 33 35 37 40 41 42 43 44 46 47 48 49 50 51 52 53 54 55 56 57 58 59 60 61 62 63 64 68 70 72 74 75 76 77 78 79 81 83 86 87 88 89 90 91 92 94 95 96 97 9450274761391436207
14 1 18446744073709551615 68 8 11 12 13 14 15 17 19 20 22 23 24 25 26 27 28 29 30 32 33 35 37 40 41 42 43 44 46 47 48 49 50 51 52 53 54 55 56 57 58 59 60 61 62 63 64 68 70 72 74 75 76 77 78 79 81 83 86 87 88 89 90 91 92 94 95 96 97 9450274761391436207
3 1 10 68 8 11 12 13 14 15 17 19 20 22 23 24 25 26 27 28 29 30 32 33 35 37 40 41 42 43 44 46 47 48 49 50 51 52 53 54 55 56 57 58 59 60 61 62 63 64 68 70 72 74 75 76 77 78 79 81 83 86 87 88 89 90 91 92 94 95 96 97 9450274761391436207
3 1 28 67 8 11 12 13 14 15 17 19 20 22 23 24 25 26 27 28 29 30 32 33 35 37 40 41 42 43 44 46 47 48 49 50 51 52 53 54 55 56 57 58 59 60 61 62 63 64 68 70 72 74 75 76 77 78 79 81 83 86 87 88 89 90 91 92 95 96 97 1940714034795475206
12 3 23 5 87 67 8 11 12 13 14 15 17 19 20 22 23 24 25 26 27 28 29 30 32 33 35 37 40 41 42 43 44 46 47 48 49 50 51 52 53 54 55 56 57 58 59 60 61 62 63 64 68 70 72 74 75 76 77 78 79 81 83 86 87 88 89 90 91 92 95 96 97 6015908036337870714
12 3 81 0 43 67 8 11 12 13 14 15 17 19 20 22 23 24 25 26 27 28 29 30 32 33 35 37 40 41 42 43 44 46 47 48 49 50 51 52 53 54 55 56 57 58 59 60 61 62 63 64 68 70 72 74 75 76 77 78 79 81 83 86 87 88 89 90 91 92 95 96 97 9543380769476059574
13 2 86 51 67 8 11 12 13 14 15 17 19 20 22 23 24 25 26 27 28 29 30 32 33 35 37 40 41 42 43 44 46 47 48 49 50 51 52 53 54 55 56 57 58 59 60 61 62 63 64 68 70 72 74 75 76 77 78 79 81 83 86 87 88 89 90 91 92 95 96 97 3797802294888287840
14 1 1 67 8 11 12 13 14 15 17 19 20 22 23 24 25 26 27 28 29 30 32 33 35 37 40 41 42 43 44 46 47 48 49 50 51 52 53 54 55 56 57 58 59 60 61 62 63 64 68 70 72 74 75 76 77 78 79 81 83 86 87 88 89 90 91 92 95 96 97 3797802294888287840
1 3 1 98 11 68 8 11 12 13 14 15 17 19 20 22 23 24 25 26 27 28 29 30 32 33 35 37 40 41 42 43 44 46 47 48 49 50 51 52 53 54 55 56 57 58 59 60 61 62 63 64 68 70 72 74 75 76 77 78 79 81 83 86 87 88 89 90 91 92 95 96 97 98 987749603442351149
3 1 57 67 8 11 12 13 14 15 17 19 20 22 23 24 25 26 27 28 29 30 32 33 35 37 40 41 42 43 44 46 47 48 49 50 51 52 53 54 55 56 57 58 59 60 61 62 63 68 70 72 74 75 76 77 78 79 81 83 86 87 88 89 90 91 92 95 96 97 98 2254929227049590682
4 1 2 67 8 11 12 13 14 15 17 19 20 22 23 24 25 26 27 28 29 30 32 33 35 37 40 41 42 43 44 46 47 48 49 50 51 52 53 54 55 56 57 58 59 60 61 62 63 68 70 72 74 75 76 77 78 79 81 83 86 87 88 89 90 91 92 95 96 97 98 2254929227049590682
1 3 1 99 20 68 8 11 12 13 14 15 17 19 20 22 23 24 25 26 27 28 29 30 32 33 35 37 40 41 42 43 44 46 47 48 49 50 51 52 53 54 55 56 57 58 59 60 61 62 63 68 70 72 74 75 76 77 78 79 81 83 86 87 88 89 90 91 92 95 96 97 98 99 3003271075987027707
1 3 1 100 18 69 8 11 12 13 14 15 17 19 20 22 23 24 25 26 27 28 29 30 32 33 35 37 40 41 42 43 44 46 47 48 49 50 51 52 53 54 55 56 57 58 59 60 61 62 63 68 70 72 74 75 76 77 78 79 81 83 86 87 88 89 90 91 92 95 96 97 98 99 100 16000575108454337662
1 11 2 101 62 96 12 57 11 83 72 60 11 70 8 11 12 13 14 15 17 19 20 22 23 24 25 26 27 28 29 30 32 33 35 37 40 41 42 43 44 46 47 48 49 50 51 52 53 54 55 56 57 58 59 60 61 62 63 68 70 72 74 75 76 77 78 79 81 83 86 87 88 89 90 91 92 95 96 97 98 99 100 101 9726383040423653900
14 1 33 70 8 11 12 13 14 15 17 19 20 22 23 24 25 26 27 28 29 30 32 33 35 37 40 41 42 43 44 46 47 48 49 50 51 52 53 54 55 56 57 58 59 60 61 62 63 68 70 72 74 75 76 77 78 79 81 83 86 87 88 89 90 91 92 95 96 97 98 99 100 101 9726383040423653900
1 12 2 102 12 30 51 56 63 29 78 83 91 56 71 8 11 12 13 14 15 17 19 20 22 23 24 25 26 27 28 29 30 32 33 35 37 40 41 42 43 44 46 47 48 49 50 51 52 53 54 55 56 57 58 59 60 61 62 63 68 70 72 74 75 76 77 78 79 81 83 86 87 88 89 90 91 92 95 96 97 98 99 100 101 102 14622206681735697608
2 2 47 1 71 8 11 12 13 14 15 17 19 20 22 23 24 25 26 27 28 29 30 32 33 35 37 40 41 42 43 44 46 47 48 49 50 51 52 53 54 55 56 57 58 59 60 61 62 63 68 70 72 74 75 76 77 78 79 81 83 86 87 88 89 90 91 92 95 96 97 98 99 100 101 102 14622206681735697608
8 1 68 71 8 11 12 13 14 15 17 19 20 22 23 24 25 26 27 28 29 30 32 33 35 37 40 41 42 43 44 46 47 48 49 50 51 52 53 54 55 56 57 58 59 60 61 62 63 68 70 72 74 75 76 77 78 79 81 83 86 87 88 89 90 91 92 95 96 97 98 99 100 101 102 14622206681735697608
12 3 59 1 97 71 8 11 12 13 14 15 17 19 20 22 23 24 25 26 27 28 29 30 32 33 35 37 40 41 42 43 44 46 47 48 49 50 51 52 53 54 55 56 57 58 59 60 61 62 63 68 70 72 74 75 76 77 78 79 81 83 86 87 88 89 90 91 92 95 96 97 98 99 100 101 102 5255340106091420049
1 10 2 103 57 63 70 11 102 42 17 92 72 8 11 12 13 14 15 17 19 20 22 23 24 25 26 27 28 29 30 32 33 35 37 40 41 42 43 44 46 47 48 49 50 51 52 53 54 55 56 57 58 59 60 61 62 63 68 70 72 74 75 76 77 78 79 81 83 86 87 88 89 90 91 92 95 96 97 98 99 100 101 102 103 4702450315635991499
1 3 1 104 31 73 8 11 12 13 14 15 17 19 20 22 23 24 25 26 27 28 29 30 32 33 35 37 40 41 42 43 44 46 47 48 49 50 51 52 53 54 55 56 57 58 59 60 61 62 63 68 70 72 74 75 76 77 78 79 81 83 86 87 88 89 90 91 92 95 96 97 98 99 100 101 102 103 104 12776500593659217174
12 3 15 0 87 73 8 11 12 13 14 15 17 19 20 22 23 24 25 26 27 28 29 30 32 33 35 37 40 41 42 43 44 46 47 48 49 50 51 52 53 54 55 56 57 58 59 60 61 62 63 68 70 72 74 75 76 77 78 79 81 83 86 87 88 89 90 91 92 95 96 97 98 99 100 101 102 103 104 16186285743580717417
6 2 1 59 73 8 11 12 13 14 15 17 19 20 22 23 24 25 26 27 28 29 30 32 33 35 37 40 41 42 43 44 46 47 48 49 50 51 52 53 54 55 56 57 58 59 60 61 62 63 68 70 72 74 75 76 77 78 79 81 83 86 87 88 89 90 91 92 95 96 97 98 99 100 101 102 103 104 16186285743580717417
12 3 56 0 89 73 8 11 12 13 14 15 17 19 20 22 23 24 25 26 27 28 29 30 32 33 35 37 40 41 42 43 44 46 47 48 49 50 51 52 53 54 55 56 57 58 59 60 61 62 63 68 70 72 74 75 76 77 78 79 81 83 86 87 88 89 90 91 92 95 96 97 98 99 100 101 102 103 104 8296592353654759777
3 1 8 73 8 11 12 13 14 15 17 19 20 22 23 24 25 26 27 28 29 30 32 33 35 37 40 41 42 43 44 46 47 48 49 50 51 52 53 54 55 56 57 58 59 60 61 62 63 68 70 72 74 75 76 77 78 79 81 83 86 87 88 89 90 91 92 95 96 97 98 99 100 101 102 103 104 8296592353654759777
14 1 0 73 8 11 12 13 14 15 17 19 20 22 23 24 25 26 27 28 29 30 32 33 35 37 40 41 42 43 44 46 47 48 49 50 51 52 53 54 55 56 57 58 59 60 61 62 63 68 70 72 74 75 76 77 78 79 81 83 86 87 88 89 90 91 92 95 96 97 98 99 100 101 102 103 104 8296592353654759777
3 1 46 73 8 11 12 13 14 15 17 19 20 22 23 24 25 26 27 28 29 30 32 33 35 37 40 41 42 43 44 46 47 48 49 50 51 52 53 54 55 56 57 58 59 60 61 62 63 68 70 72 74 75 76 77 78 79 81 83 86 87 88 89 90 91 92 95 96 97 98 99 100 101 102 103 104 8296592353654759777
1 11 2 105 43 30 76 47 87 96 83 62 49 74 8 11 12 13 14 15 17 19 20 22 23 24 25 26 27 28 29 30 32 33 35 37 40 41 42 43 44 46 47 48 49 50 51 52 53 54 55 56 57 58 59 60 61 62 63 68 70 72 74 75 76 77 78 79 81 83 86 87 88 89 90 91 92 95 96 97 98 99 100 101 102 103 104 105 6638982486758340061
8 1 104 74 8 11 12 13 14 15 17 19 20 22 23 24 25 26 27 28 29 30 32 33 35 37 40 41 42 43 44 46 47 48 49 50 51 52 53 54 55 56 57 58 59 60 61 62 63 68 70 72 74 75 76 77 78 79 81 83 86 87 88 89 90 91 92 95 96 97 98 99 100 101 102 103 104 105 6638982486758340061
5 2 1 32 74 8 11 12 13 14 15 17 19 20 22 23 24 25 26 27 28 29 30 32 33 35 37 40 41 42 43 44 46 47 48 49 50 51 52 53 54 55 56 57 58 59 60 61 62 63 68 70 72 74 75 76 77 78 79 81 83 86 87 88 89 90 91 92 95 96 97 98 99 100 101 102 103 104 105 6638982486758340061
5 2 1 77 74 8 11 12 13 14 15 17 19 20 22 23 24 25 26 27 28 29 30 32 33 35 37 40 41 42 43 44 46 47 48 49 50 51 52 53 54 55 56 57 58 59 60 61 62 63 68 70 72 74 75 76 77 78 79 81 83 86 87 88 89 90 91 92 95 96 97 98 99 100 101 102 103 104 105 6638982486758340061
12 3 17 0 75 74 8 11 12 13 14 15 17 19 20 22 23 24 25 26 27 28 29 30 32 33 35 37 40 41 42 43 44 46 47 48 49 50 51 52 53 54 55 56 57 58 59 60 61 62 63 68 70 72 74 75 76 77 78 79 81 83 86 87 88 89 90 91 92 95 96 97 98 99 100 101 102 103 104 105 11871042796231566426
10 0 74 8 11 12 13 14 15 17 19 20 22 23 24 25 26 27 28 29 30 32 33 35 37 40 41 42 43 44 46 47 48 49 50 51 52 53 54 55 56 57 58 59 60 61 62 63 68 70 72 74 75 76 77 78 79 81 83 86 87 88 89 90 91 92 95 96 97 98 99 100 101 102 103 104 105 11871042796231566426
1 3 1 106 42 75 8 11 12 13 14 15 17 19 20 22 23 24 25 26 27 28 29 30 32 33 35 37 40 41 42 43 44 46 47 48 49 50 51 52 53 54 55 56 57 58 59 60 61 62 63 68 70 72 74 75 76 77 78 79 81 83 86 87 88 89 90 91 92 95 96 97 98 99 100 101 102 103 104 105 106 6749774989961626119
5 2 0 72 75 8 11 12 13 14 15 17 19 20 22 23 24 25 26 27 28 29 30 32 33 35 37 40 41 42 43 44 46 47 48 49 50 51 52 53 54 55 56 57 58 59 60 61 62 63 68 70 72 74 75 76 77 78 79 81 83 86 87 88 89 90 91 92 95 96 97 98 99 100 101 102 103 104 105 106 6749774989961626119
12 3 43 4 42 75 8 11 12 13 14 15 17 19 20 22 23 24 25 26 27 28 29 30 32 33 35 37 40 41 42 43 44 46 47 48 49 50 51 52 53 54 55 56 57 58 59 60 61 62 63 68 70 72 74 75 76 77 78 79 81 83 86 87 88 89 90 91 92 95 96 97 98 99 100 101 102 103 104 105 106 4721880741814795053
1 12 2 107 7 88 74 19 19 46 42 40 32 86 76 8 11 12 13 14 15 17 19 20 22 23 24 25 26 27 28 29 30 32 33 35 37 40 41 42 43 44 46 47 48 49 50 51 52 53 54 55 56 57 58 59 60 61 62 63 68 70 72 74 75 76 77 78 79 81 83 86 87 88 89 90 91 92 95 96 97 98 99 100 101 102 103 104 105 106 107 2813200866407216640
5 2 1 77 76 8 11 12 13 14 15 17 19 20 22 23 24 25 26 27 28 29 30 32 33 35 37 40 41 42 43 44 46 47 48 49 50 51 52 53 54 55 56 57 58 59 60 61 62 63 68 70 72 74 75 76 77 78 79 81 83 86 87 88 89 90 91 92 95 96 97 98 99 100 101 102 103 104 105 106 107 2813200866407216640
9 1 37 76 8 11 12 13 14 15 17 19 20 22 23 24 25 26 27 28 29 30 32 33 35 37 40 41 42 43 44 46 47 48 49 50 51 52 53 54 55 56 57 58 59 60 61 62 63 68 70 72 74 75 76 77 78 79 81 83 86 87 88 89 90 91 92 95 96 97 98 99 100 101 102 103 104 105 106 107 2813200866407216640
5 2 0 54 76 8 11 12 13 14 15 17 19 20 22 23 24 25 26 27 28 29 30 32 33 35 37 40 41 42 43 44 46 47 48 49 50 51 52 53 54 55 56 57 58 59 60 61 62 63 68 70 72 74 75 76 77 78 79 81 83 86 87 88 89 90 91 92 95 96 97 98 99 100 101 102 103 104 105 106 107 2813200866407216640
3 1 54 75 8 11 12 13 14 15 17 19 20 22 23 24 25 26 27 28 29 30 32 33 35 37 40 41 42 43 44 46 47 48 49 50 51 52 53 54 55 56 57 58 59 60 61 62 63 68 70 72 74 75 76 77 78 79 81 83 86 87 88 89 90 91 92 96 97 98 99 100 101 102 103 104 105 106 107 10712036819775602879
8 1 20 75 8 11 12 13 14 15 17 19 20 22 23 24 25 26 27 28 29 30 32 33 35 37 40 41 42 43 44 46 47 48 49 50 51 52 53 54 55 56 57 58 59 60 61 62 63 68 70 72 74 75 76 77 78 79 81 83 86 87 88 89 90 91 92 96 97 98 99 100 101 102 103 104 105 106 107 10712036819775602879
12 3 55 0 22 75 8 11 12 13 14 15 17 19 20 22 23 24 25 26 27 28 29 30 32 33 35 37 40 41 42 43 44 46 47 48 49 50 51 52 53 54 55 56 57 58 59 60 61 62 63 68 70 72 74 75 76 77 78 79 81 83 86 87 88 89 90 91 92 96 97 98 99 100 101 102 103 104 105 106 107 2048415331226627155
5 2 0 57 75 8 11 12 13 14 15 17 19 20 22 23 24 25 26 27 28 29 30 32 33 35 37 40 41 42 43 44 46 47 48 49 50 51 52 53 54 55 56 57 58 59 60 61 62 63 68 70 72 74 75 76 77 78 79 81 83 86 87 88 89 90 91 92 96 97 98 99 100 101 102 103 104 105 106 107 2048415331226627155
1 10 2 108 58 15 44 77 49 30 26 61 76 8 11 12 13 14 15 17 19 20 22 23 24 25 26 27 28 29 30 32 33 35 37 40 41 42 43 44 46 47 48 49 50 51 52 53 54 55 56 57 58 59 60 61 62 63 68 70 72 74 75 76 77 78 79 81 83 86 87 88 89 90 91 92 96 97 98 99 100 101 102 103 104 105 106 107 108 11246549176055175526
8 1 99 76 8 11 12 13 14 15 17 19 20 22 23 24 25 26 27 28 29 30 32 33 35 37 40 41 42 43 44 46 47 48 49 50 51 52 53 54 55 56 57 58 59 60 61 62 63 68 70 72 74 75 76 77 78 79 81 83 86 87 88 89 90 91 92 96 97 98 99 100 101 102 103 104 105 106 107 108 11246549176055175526
8 1 74 76 8 11 12 13 14 15 17 19 20 22 23 24 25 26 27 28 29 30 32 33 35 37 40 41 42 43 44 46 47 48 49 50 51 52 53 54 55 56 57 58 59 60 61 62 63 68 70 72 74 75 76 77 78 79 81 83 86 87 88 89 90 91 92 96 97 98 99 100 101 102 103 104 105 106 107 108 11246549176055175526
11 0 76 8 11 12 13 14 15 17 19 20 22 23 24 25 26 27 28 29 30 32 33 35 37 40 41 42 43 44 46 47 48 49 50 51 52 53 54 55 56 57 58 59 60 61 62 63 68 70 72 74 75 76 77 78 79 81 83 86 87 88 89 90 91 92 96 97 98 99 100 101 102 103 104 105 106 107 108 11246549176055175526
12 3 51 1 25 76 8 11 12 13 14 15 17 19 20 22 23 24 25 26 27 28 29 30 32 33 35 37 40 41 42 43 44 46 47 48 49 50 51 52 53 54 55 56 57 58 59 60 61 62 63 68 70 72 74 75 76 77 78 79 81 83 86 87 88 89 90 91 92 96 97 98 99 100 101 102 103 104 105 106 107 108 7906486806986695173
1 19 2 109 59 52 37 105 19 8 81 79 44 28 54 89 86 28 47 61 17 77 8 11 12 13 14 15 17 19 20 22 23 24 25 26 27 28 29 30 32 33 35 37 40 41 42 43 44 46 47 48 49 50 51 52 53 54 55 56 57 58 59 60 61 62 63 68 70 72 74 75 76 77 78 79 81 83 86 87 88 89 90 91 92 96 97 98 99 100 101 102 103 104 105 106 107 108 109 9112706202188546004
3 1 15 77 8 11 12 13 14 15 17 19 20 22 23 24 25 26 27 28 29 30 32 33 35 37 40 41 42 43 44 46 47 48 49 50 51 52 53 54 55 56 57 58 59 60 61 62 63 68 70 72 74 75 76 77 78 79 81 83 86 87 88 89 90 91 92 96 97 98 99 100 101 102 103 104 105 106 107 108 109 9112706202188546004
1 4 3 110 38 62 78 8 11 12 13 14 15 17 19 20 22 23 24 25 26 27 28 29 30 32 33 35 37 40 41 42 43 44 46 47 48 49 50 51 52 53 54 55 56 57 58 59 60 61 62 63 68 70 72 74 75 76 77 78 79 81 83 86 87 88 89 90 91 92 96 97 98 99 100 101 102 103 104 105 106 107 108 109 110 1223916262594053204
14 1 8 78 8 11 12 13 14 15 17 19 20 22 23 24 25 26 27 28 29 30 32 33 35 37 40 41 42 43 44 46 47 48 49 50 51 52 53 54 55 56 57 58 59 60 61 62 63 68 70 72 74 75 76 77 78 79 81 83 86 87 88 89 90 91 92 96 97 98 99 100 101 102 103 104 105 106 107 108 109 110 1223916262594053204
4 1 8 78 8 11 12 13 14 15 17 19 20 22 23 24 25 26 27 28 29 30 32 33 35 37 40 41 42 43 44 46 47 48 49 50 51 52 53 54 55 56 57 58 59 60 61 62 63 68 70 72 74 75 76 77 78 79 81 83 86 87 88 89 90 91 92 96 97 98 99 100 101 102 103 104 105 106 107 108 109 110 1223916262594053204
1 12 2 111 34 29 89 99 86 89 12 77 55 29 79 8 11 12 13 14 15 17 19 20 22 23 24 25 26 27 28 29 30 32 33 35 37 40 41 42 43 44 46 47 48 49 50 51 52 53 54 55 56 57 58 59 60 61 62 63 68 70 72 74 75 76 77 78 79 81 83 86 87 88 89 90 91 92 96 97 98 99 100 101 102 103 104 105 106 107 108 109 110 111 16247602025108119952
2 2 13 4 79 8 11 12 13 14 15 17 19 20 22 23 24 25 26 27 28 29 30 32 33 35 37 40 41 42 43 44 46 47 48 49 50 51 52 53 54 55 56 57 58 59 60 61 62 63 68 70 72 74 75 76 77 78 79 81 83 86 87 88 89 90 91 92 96 97 98 99 100 101 102 103 104 105 106 107 108 109 110 111 16247602025108119952
5 2 6 48 79 8 11 12 13 14 15 17 19 20 22 23 24 25 26 27 28 29 30 32 33 35 37 40 41 42 43 44 46 47 48 49 50 51 52 53 54 55 56 57 58 59 60 61 62 63 68 70 72 74 75 76 77 78 79 81 83 86 87 88 89 90 91 92 96 97 98 99 100 101 102 103 104 105 106 107 108 109 110 111 16247602025108119952
13 2 14 11 79 8 11 12 13 14 15 17 19 20 22 23 24 25 26 27 28 29 30 32 33 35 37 40 41 42 43 44 46 47 48 49 50 51 52 53 54 55 56 57 58 59 60 61 62 63 68 70 72 74 75 76 77 78 79 81 83 86 87 88 89 90 91 92 96 97 98 99 100 101 102 103 104 105 106 107 108 109 110 111 14173608438429617318
4 1 9 79 8 11 12 13 14 15 17 19 20 22 23 24 25 26 27 28 29 30 32 33 35 37 40 41 42 43 44 46 47 48 49 50 51 52 53 54 55 56 57 58 59 60 61 62 63 68 70 72 74 75 76 77 78 79 81 83 86 87 88 89 90 91 92 96 97 98 99 100 101 102 103 104 105 106 107 108 109 110 111 14173608438429617318
1 3 1 112 2 80 8 11 12 13 14 15 17 19 20 22 23 24 25 26 27 28 29 30 32 33 35 37 40 41 42 43 44 46 47 48 49 50 51 52 53 54 55 56 57 58 59 60 61 62 63 68 70 72 74 75 76 77 78 79 81 83 86 87 88 89 90 91 92 96 97 98 99 100 101 102 103 104 105 106 107 108 109 110 111 112 4933321975772090091
1 5 2 113 25 47 72 81 8 11 12 13 14 15 17 19 20 22 23 24 25 26 27 28 29 30 32 33 35 37 40 41 42 43 44 46 47 48 49 50 51 52 53 54 55 56 57 58 59 60 61 62 63 68 70 72 74 75 76 77 78 79 81 83 86 87 88 89 90 91 92 96 97 98 99 100 101 102 103 104 105 106 107 108 109 110 111 112 113 12874109534091021874
13 2 79 78 81 8 11 12 13 14 15 17 19 20 22 23 24 25 26 27 28 29 30 32 33 35 37 40 41 42 43 44 46 47 48 49 50 51 52 53 54 55 56 57 58 59 60 61 62 63 68 70 72 74 75 76 77 78 79 81 83 86 87 88 89 90 91 92 96 97 98 99 100 101 102 103 104 105 106 107 108 109 110 111 112 113 14954077579298126477
13 2 15 112 81 8 11 12 13 14 15 17 19 20 22 23 24 25 26 27 28 29 30 32 33 35 37 40 41 42 43 44 46 47 48 49 50 51 52 53 54 55 56 57 58 59 60 61 62 63 68 70 72 74 75 76 77 78 79 81 83 86 87 88 89 90 91 92 96 97 98 99 100 101 102 103 104 105 106 107 108 109 110 111 112 113 13370183063991188468
14 1 33 81 8 11 12 13 14 15 17 19 20 22 23 24 25 26 27 28 29 30 32 33 35 37 40 41 42 43 44 46 47 48 49 50 51 52 53 54 55 56 57 58 59 60 61 62 63 68 70 72 74 75 76 77 78 79 81 83 86 87 88 89 90 91 92 96 97 98 99 100 101 102 103 104 105 106 107 108 109 110 111 112 113 13370183063991188468
1 3 1 114 63 82 8 11 12 13 14 15 17 19 20 22 23 24 25 26 27 28 29 30 32 33 35 37 40 41 42 43 44 46 47 48 49 50 51 52 53 54 55 56 57 58 59 60 61 62 63 68 70 72 74 75 76 77 78 79 81 83 86 87 88 89 90 91 92 96 97 98 99 100 101 102 103 104 105 106 107 108 109 110 111 112 113 114 17700449039095032161
1 3 1 115 5 83 8 11 12 13 14 15 17 19 20 22 23 24 25 26 27 28 29 30 32 33 35 37 40 41 42 43 44 46 47 48 49 50 51 52 53 54 55 56 57 58 59 60 61 62 63 68 70 72 74 75 76 77 78 79 81 83 86 87 88 89 90 91 92 96 97 98 99 100 101 102 103 104 105 106 107 108 109 110 111 112 113 114 115 8621216387877662456
8 1 54 83 8 11 12 13 14 15 17 19 20 22 23 24 25 26 27 28 29 30 32 33 35 37 40 41 42 43 44 46 47 48 49 50 51 52 53 54 55 56 57 58 59 60 61 62 63 68 70 72 74 75 76 77 78 79 81 83 86 87 88 89 90 91 92 96 97 98 99 100 101 102 103 104 105 106 107 108 109 110 111 112 113 114 115 8621216387877662456
14 1 1 83 8 11 12 13 14 15 17 19 20 22 23 24 25 26 27 28 29 30 32 33 35 37 40 41 42 43 44 46 47 48 49 50 51 52 53 54 55 56 57 58 59 60 61 62 63 68 70 72 74 75 76 77 78 79 81 83 86 87 88 89 90 91 92 96 97 98 99 100 101 102 103 104 105 106 107 108 109 110 111 112 113 114 115 8621216387877662456
3 1 53 83 8 11 12 13 14 15 17 19 20 22 23 24 25 26 27 28 29 30 32 33 35 37 40 41 42 43 44 46 47 48 49 50 51 52 53 54 55 56 57 58 59 60 61 62 63 68 70 72 74 75 76 77 78 79 81 83 86 87 88 89 90 91 92 96 97 98 99 100 101 102 103 104 105 106 107 108 109 110 111 112 113 114 115 8621216387877662456
3 1 47 83 8 11 12 13 14 15 17 19 20 22 23 24 25 26 27 28 29 30 32 33 35 37 40 41 42 43 44 46 47 48 49 50 51 52 53 54 55 56 57 58 59 60 61 62 63 68 70 72 74 75 76 77 78 79 81 83 86 87 88 89 90 91 92 96 97 98 99 100 101 102 103 104 105 106 107 108 109 110 111 112 113 114 115 8621216387877662456
14 1 18446744073709551615 83 8 11 12 13 14 15 17 19 20 22 23 24 25 26 27 28 29 30 32 33 35 37 40 41 42 43 44 46 47 48 49 50 51 52 53 54 55 56 57 58 59 60 61 62 63 68 70 72 74 75 76 77 78 79 81 83 86 87 88 89 90 91 92 96 97 98 99 100 101 102 103 104 105 106 107 108 109 110 111 112 113 114 115 8621216387877662456
1 3 1 116 35 84 8 11 12 13 14 15 17 19 20 22 23 24 25 26 27 28 29 30 32 33 35 37 40 41 42 43 44 46 47 48 49 50 51 52 53 54 55 56 57 58 59 60 61 62 63 68 70 72 74 75 76 77 78 79 81 83 86 87 88 89 90 91 92 96 97 98 99 100 101 102 103 104 105 106 107 108 109 110 111 112 113 114 115 116 7307806341122011021
1 3 1 117 24 85 8 11 12 13 14 15 17 19 20 22 23 24 25 26 27 28 29 30 32 33 35 37 40 41 42 43 44 46 47 48 49 50 51 52 53 54 55 56 57 58 59 60 61 62 63 68 70 72 74 75 76 77 78 79 81 83 86 87 88 89 90 91 92 96 97 98 99 100 101 102 103 104 105 106 107 108 109 110 111 112 113 114 115 116 117 778255754604054264
12 3 29 0 23 85 8 11 12 13 14 15 17 19 20 22 23 24 25 26 27 28 29 30 32 33 35 37 40 41 42 43 44 46 47 48 49 50 51 52 53 54 55 56 57 58 59 60 61 62 63 68 70 72 74 75 76 77 78 79 81 83 86 87 88 89 90 91 92 96 97 98 99 100 101 102 103 104 105 106 107 108 109 110 111 112 113 114 115 116 117 6701954272258157804
2 2 25 37 85 8 11 12 13 14 15 17 19 20 22 23 24 25 26 27 28 29 30 32 33 35 37 40 41 42 43 44 46 47 48 49 50 51 52 53 54 55 56 57 58 59 60 61 62 63 68 70 72 74 75 76 77 78 79 81 83 86 87 88 89 90 91 92 96 97 98 99 100 101 102 103 104 105 106 107 108 109 110 111 112 113 114 115 116 117 6701954272258157804
5 2 8 27 85 8 11 12 13 14 15 17 19 20 22 23 24 25 26 27 28 29 30 32 33 35 37 40 41 42 43 44 46 47 48 49 50 51 52 53 54 55 56 57 58 59 60 61 62 63 68 70 72 74 75 76 77 78 79 81 83 86 87 88 89 90 91 92 96 97 98 99 100 101 102 103 104 105 106 107 108 109 110 111 112 113 114 115 116 117 6701954272258157804
14 1 1 85 8 11 12 13 14 15 17 19 20 22 23 24 25 26 27 28 29 30 32 33 35 37 40 41 42 43 44 46 47 48 49 50 51 52 53 54 55 56 57 58 59 60 61 62 63 68 70 72 74 75 76 77 78 79 81 83 86 87 88 89 90 91 92 96 97 98 99 100 101 102 103 104 105 106 107 108 109 110 111 112 113 114 115 116 117 6701954272258157804
1 3 1 118 17 86 8 11 12 13 14 15 17 19 20 22 23 24 25 26 27 28 29 30 32 33 35 37 40 41 42 43 44 46 47 48 49 50 51 52 53 54 55 56 57 58 59 60 61 62 63 68 70 72 74 75 76 77 78 79 81 83 86 87 88 89 90 91 92 96 97 98 99 100 101 102 103 104 105 106 107 108 109 110 111 112 113 114 115 116 117 118 9626978552436371049
12 3 107 4 113 86 8 11 12 13 14 15 17 19 20 22 23 24 25 26 27 28 29 30 32 33 35 37 40 41 42 43 44 46 47 48 49 50 51 52 53 54 55 56 57 58 59 60 61 62 63 68 70 72 74 75 76 77 78 79 81 83 86 87 88 89 90 91 92 96 97 98 99 100 101 102 103 104 105 106 107 108 109 110 111 112 113 114 115 116 117 118 900502538202584032
1 6 3 119 29 56 109 54 87 8 11 12 13 14 15 17 19 20 22 23 24 25 26 27 28 29 30 32 33 35 37 40 41 42 43 44 46 47 48 49 50 51 52 53 54 55 56 57 58 59 60 61 62 63 68 70 72 74 75 76 77 78 79 81 83 86 87 88 89 90 91 92 96 97 98 99 100 101 102 103 104 105 106 107 108 109 110 111 112 113 114 115 116 117 118 119 79653955480436006
4 1 9 87 8 11 12 13 14 15 17 19 20 22 23 24 25 26 27 28 29 30 32 33 35 37 40 41 42 43 44 46 47 48 49 50 51 52 53 54 55 56 57 58 59 60 61 62 63 68 70 72 74 75 76 77 78 79 81 83 86 87 88 89 90 91 92 96 97 98 99 100 101 102 103 104 105 106 107 108 109 110 111 112 113 114 115 116 117 118 119 79653955480436006
1 3 1 120 45 88 8 11 12 13 14 15 17 19 20 22 23 24 25 26 27 28 29 30 32 33 35 37 40 41 42 43 44 46 47 48 49 50 51 52 53 54 55 56 57 58 59 60 61 62 63 68 70 72 74 75 76 77 78 79 81 83 86 87 88 89 90 91 92 96 97 98 99 100 101 102 103 104 105 106 107 108 109 110 111 112 113 114 115 116 117 118 119 120 919906852748904971
1 5 3 121 46 8 41 89 8 11 12 13 14 15 17 19 20 22 23 24 25 26 27 28 29 30 32 33 35 37 40 41 42 43 44 46 47 48 49 50 51 52 53 54 55 56 57 58 59 60 61 62 63 68 70 72 74 75 76 77 78 79 81 83 86 87 88 89 90 91 92 96 97 98 99 100 101 102 103 104 105 106 107 108 109 110 111 112 113 114 115 116 117 118 119 120 121 16272973957687252940
2 2 29 10 89 8 11 12 13 14 15 17 19 20 22 23 24 25 26 27 28 29 30 32 33 35 37 40 41 42 43 44 46 47 48 49 50 51 52 53 54 55 56 57 58 59 60 61 62 63 68 70 72 74 75 76 77 78 79 81 83 86 87 88 89 90 91 92 96 97 98 99 100 101 102 103 104 105 106 107 108 109 110 111 112 113 114 115 116 117 118 119 120 121 16272973957687252940
1 12 3 122 9 110 70 99 52 28 114 35 105 70 90 8 11 12 13 14 15 17 19 20 22 23 24 25 26 27 28 29 30 32 33 35 37 40 41 42 43 44 46 47 48 49 50 51 52 53 54 55 56 57 58 59 60 61 62 63 68 70 72 74 75 76 77 78 79 81 83 86 87 88 89 90 91 92 96 97 98 99 100 101 102 103 104 105 106 107 108 109 110 111 112 113 114 115 116 117 118 119 120 121 122 4400897461521366575
1 3 1 123 21 91 8 11 12 13 14 15 17 19 20 22 23 24 25 26 27 28 29 30 32 33 35 37 40 41 42 43 44 46 47 48 49 50 51 52 53 54 55 56 57 58 59 60 61 62 63 68 70 72 74 75 76 77 78 79 81 83 86 87 88 89 90 91 92 96 97 98 99 100 101 102 103 104 105 106 107 108 109 110 111 112 113 114 115 116 117 118 119 120 121 122 123 12431585279301357962
1 12 2 124 54 109 51 113 122 70 74 11 102 55 92 8 11 12 13 14 15 17 19 20 22 23 24 25 26 27 28 29 30 32 33 35 37 40 41 42 43 44 46 47 48 49 50 51 52 53 54 55 56 57 58 59 60 61 62 63 68 70 72 74 75 76 77 78 79 81 83 86 87 88 89 90 91 92 96 97 98 99 100 101 102 103 104 105 106 107 108 109 110 111 112 113 114 115 116 117 118 119 120 121 122 123 124 2818686014536997672
6 2 3 2 92 8 11 12 13 14 15 17 19 20 22 23 24 25 26 27 28 29 30 32 33 35 37 40 41 42 43 44 46 47 48 49 50 51 52 53 54 55 56 57 58 59 60 61 62 63 68 70 72 74 75 76 77 78 79 81 83 86 87 88 89 90 91 92 96 97 98 99 100 101 102 103 104 105 106 107 108 109 110 111 112 113 114 115 116 117 118 119 120 121 122 123 124 2818686014536997672
1 3 1 125 53 93 8 11 12 13 14 15 17 19 20 22 23 24 25 26 27 28 29 30 32 33 35 37 40 41 42 43 44 46 47 48 49 50 51 52 53 54 55 56 57 58 59 60 61 62 63 68 70 72 74 75 76 77 78 79 81 83 86 87 88 89 90 91 92 96 97 98 99 100 101 102 103 104 105 106 107 108 109 110 111 112 113 114 115 116 117 118 119 120 121 122 123 124 125 9395043795394282525
6 2 2 35 93 8 11 12 13 14 15 17 19 20 22 23 24 25 26 27 28 29 30 32 33 35 37 40 41 42 43 44 46 47 48 49 50 51 52 53 54 55 56 57 58 59 60 61 62 63 68 70 72 74 75 76 77 78 79 81 83 86 87 88 89 90 91 92 96 97 98 99 100 101 102 103 104 105 106 107 108 109 110 111 112 113 114 115 116 117 118 119 120 121 122 123 124 125 9395043795394282525
2 2 79 16 93 8 11 12 13 14 15 17 19 20 22 23 24 25 26 27 28 29 30 32 33 35 37 40 41 42 43 44 46 47 48 49 50 51 52 53 54 55 56 57 58 59 60 61 62 63 68 70 72 74 75 76 77 78 79 81 83 86 87 88 89 90 91 92 96 97 98 99 100 101 102 103 104 105 106 107 108 109 110 111 112 113 114 115 116 117 118 119 120 121 122 123 124 125 9395043795394282525
14 1 2 93 8 11 12 13 14 15 17 19 20 22 23 24 25 26 27 28 29 30 32 33 35 37 40 41 42 43 44 46 47 48 49 50 51 52 53 54 55 56 57 58 59 60 61 62 63 68 70 72 74 75 76 77 78 79 81 83 86 87 88 89 90 91 92 96 97 98 99 100 101 102 103 104 105 106 107 108 109 110 111 112 113 114 115 116 117 118 119 120 121 122 123 124 125 9395043795394282525
4 1 9 93 8 11 12 13 14 15 17 19 20 22 23 24 25 26 27 28 29 30 32 33 35 37 40 41 42 43 44 46 47 48 49 50 51 52 53 54 55 56 57 58 59 60 61 62 63 68 70 72 74 75 76 77 78 79 81 83 86 87 88 89 90 91 92 96 97 98 99 100 101 102 103 104 105 106 107 108 109 110 111 112 113 114 115 116 117 118 119 120 121 122 123 124 125 9395043795394282525
12 3 32 9 52 93 8 11 12 13 14 15 17 19 20 22 23 24 25 26 27 28 29 30 32 33 35 37 40 41 42 43 44 46 47 48 49 50 51 52 53 54 55 56 57 58 59 60 61 62 63 68 70 72 74 75 76 77 78 79 81 83 86 87 88 89 90 91 92 96 97 98 99 100 101 102 103 104 105 106 107 108 109 110 111 112 113 114 115 116 117 118 119 120 121 122 123 124 125 621146237454578094
1 10 3 126 60 41 54 97 68 35 52 76 94 8 11 12 13 14 15 17 19 20 22 23 24 25 26 27 28 29 30 32 33 35 37 40 41 42 43 44 46 47 48 49 50 51 52 53 54 55 56 57 58 59 60 61 62 63 68 70 72 74 75 76 77 78 79 81 83 86 87 88 89 90 91 92 96 97 98 99 100 101 102 103 104 105 106 107 108 109 110 111 112 113 114 115 116 117 118 119 120 121 122 123 124 125 126 2577959130760486513
1 10 2 127 48 72 54 120 50 35 32 20 95 8 11 12 13 14 15 17 19 20 22 23 24 25 26 27 28 29 30 32 33 35 37 40 41 42 43 44 46 47 48 49 50 51 52 53 54 55 56 57 58 59 60 61 62 63 68 70 72 74 75 76 77 78 79 81 83 86 87 88 89 90 91 92 96 97 98 99 100 101 102 103 104 105 106 107 108 109 110 111 112 113 114 115 116 117 118 119 120 121 122 123 124 125 126 127 16180685514500706969
5 2 0 107 95 8 11 12 13 14 15 17 19 20 22 23 24 25 26 27 28 29 30 32 33 35 37 40 41 42 43 44 46 47 48 49 50 51 52 53 54 55 56 57 58 59 60 61 62 63 68 70 72 74 75 76 77 78 79 81 83 86 87 88 89 90 91 92 96 97 98 99 100 101 102 103 104 105 106 107 108 109 110 111 112 113 114 115 116 117 118 119 120 121 122 123 124 125 126 127 16180685514500706969
5 2 2 27 95 8 11 12 13 14 15 17 19 20 22 23 24 25 26 27 28 29 30 32 33 35 37 40 41 42 43 44 46 47 48 49 50 51 52 53 54 55 56 57 58 59 60 61 62 63 68 70 72 74 75 76 77 78 79 81 83 86 87 88 89 90 91 92 96 97 98 99 100 101 102 103 104 105 106 107 108 109 110 111 112 113 114 115 116 117 118 119 120 121 122 123 124 125 126 127 16180685514500706969
8 1 57 95 8 11 12 13 14 15 17 19 20 22 23 24 25 26 27 28 29 30 32 33 35 37 40 41 42 43 44 46 47 48 49 50 51 52 53 54 55 56 57 58 59 60 61 62 63 68 70 72 74 75 76 77 78 79 81 83 86 87 88 89 90 91 92 96 97 98 99 100 101 102 103 104 105 106 107 108 109 110 111 112 113 114 115 116 117 118 119 120 121 122 123 124 125 126 127 16180685514500706969
12 3 90 2 74 95 8 11 12 13 14 15 17 19 20 22 23 24 25 26 27 28 29 30 32 33 35 37 40 41 42 43 44 46 47 48 49 50 51 52 53 54 55 56 57 58 59 60 61 62 63 68 70 72 74 75 76 77 78 79 81 83 86 87 88 89 90 91 92 96 97 98 99 100 101 102 103 104 105 106 107 108 109 110 111 112 113 114 115 116 117 118 119 120 121 122 123 124 125 126 127 8063212858578763317
1 3 1 128 61 96 8 11 12 13 14 15 17 19 20 22 23 24 25 26 27 28 29 30 32 33 35 37 40 41 42 43 44 46 47 48 49 50 51 52 53 54 55 56 57 58 59 60 61 62 63 68 70 72 74 75 76 77 78 79 81 83 86 87 88 89 90 91 92 96 97 98 99 100 101 102 103 104 105 106 107 108 109 110 111 112 113 114 115 116 117 118 119 120 121 122 123 124 125 126 127 128 9043184750796429728
1 19 3 129 2 127 109 109 25 99 112 88 106 127 127 70 55 47 29 52 51 97 8 11 12 13 14 15 17 19 20 22 23 24 25 26 27 28 29 30 32 33 35 37 40 41 42 43 44 46 47 48 49 50 51 52 53 54 55 56 57 58 59 60 61 62 63 68 70 72 74 75 76 77 78 79 81 83 86 87 88 89 90 91 92 96 97 98 99 100 101 102 103 104 105 106 107 108 109 110 111 112 113 114 115 116 117 118 119 120 121 122 123 124 125 126 127 128 129 9610294910591470979
13 2 48 114 97 8 11 12 13 14 15 17 19 20 22 23 24 25 26 27 28 29 30 32 33 35 37 40 41 42 43 44 46 47 48 49 50 51 52 53 54 55 56 57 58 59 60 61 62 63 68 70 72 74 75 76 77 78 79 81 83 86 87 88 89 90 91 92 96 97 98 99 100 101 102 103 104 105 106 107 108 109 110 111 112 113 114 115 116 117 118 119 120 121 122 123 124 125 126 127 128 129 3915061212086182232
1 19 2 130 15 44 52 128 99 62 127 68 40 46 46 100 70 113 54 126 79 98 8 11 12 13 14 15 17 19 20 22 23 24 25 26 27 28 29 30 32 33 35 37 40 41 42 43 44 46 47 48 49 50 51 52 53 54 55 56 57 58 59 60 61 62 63 68 70 72 74 75 76 77 78 79 81 83 86 87 88 89 90 91 92 96 97 98 99 100 101 102 103 104 105 106 107 108 109 110 111 112 113 114 115 116 117 118 119 120 121 122 123 124 125 126 127 128 129 130 15973875227921909648
1 3 1 131 47 99 8 11 12 13 14 15 17 19 20 22 23 24 25 26 27 28 29 30 32 33 35 37 40 41 42 43 44 46 47 48 49 50 51 52 53 54 55 56 57 58 59 60 61 62 63 68 70 72 74 75 76 77 78 79 81 83 86 87 88 89 90 91 92 96 97 98 99 100 101 102 103 104 105 106 107 108 109 110 111 112 113 114 115 116 117 118 119 120 121 122 123 124 125 126 127 128 129 130 131 7836966657468359533
1 3 3 132 8 100 8 11 12 13 14 15 17 19 20 22 23 24 25 26 27 28 29 30 32 33 35 37 40 41 42 43 44 46 47 48 49 50 51 52 53 54 55 56 57 58 59 60 61 62 63 68 70 72 74 75 76 77 78 79 81 83 86 87 88 89 90 91 92 96 97 98 99 100 101 102 103 104 105 106 107 108 109 110 111 112 113 114 115 116 117 118 119 120 121 122 123 124 125 126 127 128 129 130 131 132 8271697148773613864
5 2 0 62 100 8 11 12 13 14 15 17 19 20 22 23 24 25 26 27 28 29 30 32 33 35 37 40 41 42 43 44 46 47 48 49 50 51 52 53 54 55 56 57 58 59 60 61 62 63 68 70 72 74 75 76 77 78 79 81 83 86 87 88 89 90 91 92 96 97 98 99 100 101 102 103 104 105 106 107 108 109 110 111 112 113 114 115 116 117 118 119 120 121 122 123 124 125 126 127 128 129 130 131 132 8271697148773613864
8 1 128 100 8 11 12 13 14 15 17 19 20 22 23 24 25 26 27 28 29 30 32 33 35 37 40 41 42 43 44 46 47 48 49 50 51 52 53 54 55 56 57 58 59 60 61 62 63 68 70 72 74 75 76 77 78 79 81 83 86 87 88 89 90 91 92 96 97 98 99 100 101 102 103 104 105 106 107 108 109 110 111 112 113 114 115 116 117 118 119 120 121 122 123 124 125 126 127 128 129 130 131 132 8271697148773613864
5 2 3 127 100 8 11 12 13 14 15 17 19 20 22 23 24 25 26 27 28 29 30 32 33 35 37 40 41 42 43 44 46 47 48 49 50 51 52 53 54 55 56 57 58 59 60 61 62 63 68 70 72 74 75 76 77 78 79 81 83 86 87 88 89 90 91 92 96 97 98 99 100 101 102 103 104 105 106 107 108 109 110 111 112 113 114 115 116 117 118 119 120 121 122 123 124 125 126 127 128 129 130 131 132 8271697148773613864
10 0 100 8 11 12 13 14 15 17 19 20 22 23 24 25 26 27 28 29 30 32 33 35 37 40 41 42 43 44 46 47 48 49 50 51 52 53 54 55 56 57 58 59 60 61 62 63 68 70 72 74 75 76 77 78 79 81 83 86 87 88 89 90 91 92 96 97 98 99 100 101 102 103 104 105 106 107 108 109 110 111 112 113 114 115 116 117 118 119 120 121 122 123 124 125 126 127 128 129 130 131 132 8271697148773613864
13 2 132 113 100 8 11 12 13 14 15 17 19 20 22 23 24 25 26 27 28 29 30 32 33 35 37 40 41 42 43 44 46 47 48 49 50 51 52 53 54 55 56 57 58 59 60 61 62 63 68 70 72 74 75 76 77 78 79 81 83 86 87 88 89 90 91 92 96 97 98 99 100 101 102 103 104 105 106 107 108 109 110 111 112 113 114 115 116 117 118 119 120 121 122 123 124 125 126 127 128 129 130 131 132 5920266696698513118
10 0 100 8 11 12 13 14 15 17 19 20 22 23 24 25 26 27 28 29 30 32 33 35 37 40 41 42 43 44 46 47 48 49 50 51 52 53 54 55 56 57 58 59 60 61 62 63 68 70 72 74 75 76 77 78 79 81 83 86 87 88 89 90 91 92 96 97 98 99 100 101 102 103 104 105 106 107 108 109 110 111 112 113 114 115 116 117 118 119 120 121 122 123 124 125 126 127 128 129 130 131 132 5920266696698513118
3 1 55 100 8 11 12 13 14 15 17 19 20 22 23 24 25 26 27 28 29 30 32 33 35 37 40 41 42 43 44 46 47 48 49 50 51 52 53 54 55 56 57 58 59 60 61 62 63 68 70 72 74 75 76 77 78 79 81 83 86 87 88 89 90 91 92 96 97 98 99 100 101 102 103 104 105 106 107 108 109 110 111 112 113 114 115 116 117 118 119 120 121 122 123 124 125 126 127 128 129 130 131 132 5920266696698513118
14 1 1 100 8 11 12 13 14 15 17 19 20 22 23 24 25 26 27 28 29 30 32 33 35 37 40 41 42 43 44 46 47 48 49 50 51 52 53 54 55 56 57 58 59 60 61 62 63 68 70 72 74 75 76 77 78 79 81 83 86 87 88 89 90 91 92 96 97 98 99 100 101 102 103 104 105 106 107 108 109 110 111 112 113 114 115 116 117 118 119 120 121 122 123 124 125 126 127 128 129 130 131 132 5920266696698513118
14 1 8 100 8 11 12 13 14 15 17 19 20 22 23 24 25 26 27 28 29 30 32 33 35 37 40 41 42 43 44 46 47 48 49 50 51 52 53 54 55 56 57 58 59 60 61 62 63 68 70 72 74 75 76 77 78 79 81 83 86 87 88 89 90 91 92 96 97 98 99 100 101 102 103 104 105 106 107 108 109 110 111 112 113 114 115 116 117 118 119 120 121 122 123 124 125 126 127 128 129 130 131 132 5920266696698513118
8 1 14 100 8 11 12 13 14 15 17 19 20 22 23 24 25 26 27 28 29 30 32 33 35 37 40 41 42 43 44 46 47 48 49 50 51 52 53 54 55 56 57 58 59 60 61 62 63 68 70 72 74 75 76 77 78 79 81 83 86 87 88 89 90 91 92 96 97 98 99 100 101 102 103 104 105 106 107 108 109 110 111 112 113 114 115 116 117 118 119 120 121 122 123 124 125 126 127 128 129 130 131 132 5920266696698513118
10 0 100 8 11 12 13 14 15 17 19 20 22 23 24 25 26 27 28 29 30 32 33 35 37 40 41 42 43 44 46 47 48 49 50 51 52 53 54 55 56 57 58 59 60 61 62 63 68 70 72 74 75 76 77 78 79 81 83 86 87 88 89 90 91 92 96 97 98 99 100 101 102 103 104 105 106 107 108 109 110 111 112 113 114 115 116 117 118 119 120 121 122 123 124 125 126 127 128 129 130 131 132 5920266696698513118
1 4 3 133 13 33 101 8 11 12 13 14 15 17 19 20 22 23 24 25 26 27 28 29 30 32 33 35 37 40 41 42 43 44 46 47 48 49 50 51 52 53 54 55 56 57 58 59 60 61 62 63 68 70 72 74 75 76 77 78 79 81 83 86 87 88 89 90 91 92 96 97 98 99 100 101 102 103 104 105 106 107 108 109 110 111 112 113 114 115 116 117 118 119 120 121 122 123 124 125 126 127 128 129 130 131 132 133 16583041941415810892
13 2 129 25 101 8 11 12 13 14 15 17 19 20 22 23 24 25 26 27 28 29 30 32 33 35 37 40 41 42 43 44 46 47 48 49 50 51 52 53 54 55 56 57 58 59 60 61 62 63 68 70 72 74 75 76 77 78 79 81 83 86 87 88 89 90 91 92 96 97 98 99 100 101 102 103 104 105 106 107 108 109 110 111 112 113 114 115 116 117 118 119 120 121 122 123 124 125 126 127 128 129 130 131 132 133 15493732238490322982
14 1 1 101 8 11 12 13 14 15 17 19 20 22 23 24 25 26 27 28 29 30 32 33 35 37 40 41 42 43 44 46 47 48 49 50 51 52 53 54 55 56 57 58 59 60 61 62 63 68 70 72 74 75 76 77 78 79 81 83 86 87 88 89 90 91 92 96 97 98 99 100 101 102 103 104 105 106 107 108 109 110 111 112 113 114 115 116 117 118 119 120 121 122 123 124 125 126 127 128 129 130 131 132 133 15493732238490322982
3 1 13 100 8 11 12 13 14 15 17 19 20 22 23 24 25 26 27 28 29 30 32 33 35 37 40 41 42 43 44 46 47 48 49 50 51 52 53 54 55 56 57 58 59 60 61 62 63 68 70 72 74 75 76 77 78 79 81 83 86 87 88 89 90 91 92 96 97 98 99 100 101 102 103 104 105 106 107 108 109 110 111 112 113 114 115 116 117 118 119 120 121 122 123 124 125 126 127 128 129 130 131 132 3305803506143056900
3 1 34 99 8 11 12 13 14 15 17 19 20 22 23 24 25 26 27 28 29 30 32 33 35 37 40 41 42 43 44 46 47 48 49 50 51 52 53 54 55 56 57 58 59 60 61 62 63 68 70 72 74 75 76 77 78 79 81 83 86 87 88 89 90 91 92 96 97 98 99 100 101 102 103 104 105 106 107 108 109 110 112 113 114 115 116 117 118 119 120 121 122 123 124 125 126 127 128 129 130 131 132 12880229710687104326
3 1 42 99 8 11 12 13 14 15 17 19 20 22 23 24 25 26 27 28 29 30 32 33 35 37 40 41 42 43 44 46 47 48 49 50 51 52 53 54 55 56 57 58 59 60 61 62 63 68 70 72 74 75 76 77 78 79 81 83 86 87 88 89 90 91 92 96 97 98 99 100 101 102 103 104 105 106 107 108 109 110 112 113 114 115 116 117 118 119 120 121 122 123 124 125 126 127 128 129 130 131 132 12880229710687104326
5 2 6 24 99 8 11 12 13 14 15 17 19 20 22 23 24 25 26 27 28 29 30 32 33 35 37 40 41 42 43 44 46 47 48 49 50 51 52 53 54 55 56 57 58 59 60 61 62 63 68 70 72 74 75 76 77 78 79 81 83 86 87 88 89 90 91 92 96 97 98 99 100 101 102 103 104 105 106 107 108 109 110 112 113 114 115 116 117 118 119 120 121 122 123 124 125 126 127 128 129 130 131 132 12880229710687104326
7 2 0 3 99 8 11 12 13 14 15 17 19 20 22 23 24 25 26 27 28 29 30 32 33 35 37 40 41 42 43 44 46 47 48 49 50 51 52 53 54 55 56 57 58 59 60 61 62 63 68 70 72 74 75 76 77 78 79 81 83 86 87 88 89 90 91 92 96 97 98 99 100 101 102 103 104 105 106 107 108 109 110 112 113 114 115 116 117 118 119 120 121 122 123 124 125 126 127 128 129 130 131 132 12880229710687104326
10 0 99 8 11 12 13 14 15 17 19 20 22 23 24 25 26 27 28 29 30 32 33 35 37 40 41 42 43 44 46 47 48 49 50 51 52 53 54 55 56 57 58 59 60 61 62 63 68 70 72 74 75 76 77 78 79 81 83 86 87 88 89 90 91 92 96 97 98 99 100 101 102 103 104 105 106 107 108 109 110 112 113 114 115 116 117 118 119 120 121 122 123 124 125 126 127 128 129 130 131 132 12880229710687104326
3 1 58 98 8 11 12 13 14 15 17 19 20 22 23 24 25 26 27 28 29 30 32 33 35 37 40 41 42 43 44 46 47 48 49 50 51 52 53 54 55 56 57 58 59 60 61 62 63 68 70 72 74 75 76 77 78 79 81 83 86 87 88 89 90 91 92 96 97 98 99 100 101 102 103 104 105 106 107 109 110 112 113 114 115 116 117 118 119 120 121 122 123 124 125 126 127 128 129 130 131 132 17387447337730159557
14 1 1 98 8 11 12 13 14 15 17 19 20 22 23 24 25 26 27 28 29 30 32 33 35 37 40 41 42 43 44 46 47 48 49 50 51 52 53 54 55 56 57 58 59 60 61 62 63 68 70 72 74 75 76 77 78 79 81 83 86 87 88 89 90 91 92 96 97 98 99 100 101 102 103 104 105 106 107 109 110 112 113 114 115 116 117 118 119 120 121 122 123 124 125 126 127 128 129 130 131 132 17387447337730159557
1 3 2 134 56 99 8 11 12 13 14 15 17 19 20 22 23 24 25 26 27 28 29 30 32 33 35 37 40 41 42 43 44 46 47 48 49 50 51 52 53 54 55 56 57 58 59 60 61 62 63 68 70 72 74 75 76 77 78 79 81 83 86 87 88 89 90 91 92 96 97 98 99 100 101 102 103 104 105 106 107 109 110 112 113 114 115 116 117 118 119 120 121 122 123 124 125 126 127 128 129 130 131 132 134 1196543464777226197
10 0 99 8 11 12 13 14 15 17 19 20 22 23 24 25 26 27 28 29 30 32 33 35 37 40 41 42 43 44 46 47 48 49 50 51 52 53 54 55 56 57 58 59 60 61 62 63 68 70 72 74 75 76 77 78 79 81 83 86 87 88 89 90 91 92 96 97 98 99 100 101 102 103 104 105 106 107 109 110 112 113 114 115 116 117 118 119 120 121 122 123 124 125 126 127 128 129 130 131 132 134 1196543464777226197
13 2 74 19 99 8 11 12 13 14 15 17 19 20 22 23 24 25 26 27 28 29 30 32 33 35 37 40 41 42 43 44 46 47 48 49 50 51 52 53 54 55 56 57 58 59 60 61 62 63 68 70 72 74 75 76 77 78 79 81 83 86 87 88 89 90 91 92 96 97 98 99 100 101 102 103 104 105 106 107 109 110 112 113 114 115 116 117 118 119 120 121 122 123 124 125 126 127 128 129 130 131 132 134 11241501837287328049
7 2 6 13 99 8 11 12 13 14 15 17 19 20 22 23 24 25 26 27 28 29 30 32 33 35 37 40 41 42 43 44 46 47 48 49 50 51 52 53 54 55 56 57 58 59 60 61 62 63 68 70 72 74 75 76 77 78 79 81 83 86 87 88 89 90 91 92 96 97 98 99 100 101 102 103 104 105 106 107 109 110 112 113 114 115 116 117 118 119 120 121 122 123 124 125 126 127 128 129 130 131 132 134 11241501837287328049
14 1 32 99 8 11 12 13 14 15 17 19 20 22 23 24 25 26 27 28 29 30 32 33 35 37 40 41 42 43 44 46 47 48 49 50 51 52 53 54 55 56 57 58 59 60 61 62 63 68 70 72 74 75 76 77 78 79 81 83 86 87 88 89 90 91 92 96 97 98 99 100 101 102 103 104 105 106 107 109 110 112 113 114 115 116 117 118 119 120 121 122 123 124 125 126 127 128 129 130 131 132 134 11241501837287328049
7 2 2 55 99 8 11 12 13 14 15 17 19 20 22 23 24 25 26 27 28 29 30 32 33 35 37 40 41 42 43 44 46 47 48 49 50 51 52 53 54 55 56 57 58 59 60 61 62 63 68 70 72 74 75 76 77 78 79 81 83 86 87 88 89 90 91 92 96 97 98 99 100 101 102 103 104 105 106 107 109 110 112 113 114 115 116 117 118 119 120 121 122 123 124 125 126 127 128 129 130 131 132 134 11241501837287328049
9 1 17 99 8 11 12 13 14 15 17 19 20 22 23 24 25 26 27 28 29 30 32 33 35 37 40 41 42 43 44 46 47 48 49 50 51 52 53 54 55 56 57 58 59 60 61 62 63 68 70 72 74 75 76 77 78 79 81 83 86 87 88 89 90 91 92 96 97 98 99 100 101 102 103 104 105 106 107 109 110 112 113 114 115 116 117 118 119 120 121 122 123 124 125 126 127 128 129 130 131 132 134 11241501837287328049
1 12 2 135 32 86 32 19 26 112 61 99 11 52 100 8 11 12 13 14 15 17 19 20 22 23 24 25 26 27 28 29 30 32 33 35 37 40 41 42 43 44 46 47 48 49 50 51 52 53 54 55 56 57 58 59 60 61 62 63 68 70 72 74 75 76 77 78 79 81 83 86 87 88 89 90 91 92 96 97 98 99 100 101 102 103 104 105 106 107 109 110 112 113 114 115 116 117 118 119 120 121 122 123 124 125 126 127 128 129 130 131 132 134 135 8975774665302738944
2 2 101 42 100 8 11 12 13 14 15 17 19 20 22 23 24 25 26 27 28 29 30 32 33 35 37 40 41 42 43 44 46 47 48 49 50 51 52 53 54 55 56 57 58 59 60 61 62 63 68 70 72 74 75 76 77 78 79 81 83 86 87 88 89 90 91 92 96 97 98 99 100 101 102 103 104 105 106 107 109 110 112 113 114 115 116 117 118 119 120 121 122 123 124 125 126 127 128 129 130 131 132 134 135 8975774665302738944
1 3 3 136 17 101 8 11 12 13 14 15 17 19 20 22 23 24 25 26 27 28 29 30 32 33 35 37 40 41 42 43 44 46 47 48 49 50 51 52 53 54 55 56 57 58 59 60 61 62 63 68 70 72 74 75 76 77 78 79 81 83 86 87 88 89 90 91 92 96 97 98 99 100 101 102 103 104 105 106 107 109 110 112 113 114 115 116 117 118 119 120 121 122 123 124 125 126 127 128 129 130 131 132 134 135 136 5667078815718001747
1 3 1 137 28 102 8 11 12 13 14 15 17 19 20 22 23 24 25 26 27 28 29 30 32 33 35 37 40 41 42 43 44 46 47 48 49 50 51 52 53 54 55 56 57 58 59 60 61 62 63 68 70 72 74 75 76 77 78 79 81 83 86 87 88 89 90 91 92 96 97 98 99 100 101 102 103 104 105 106 107 109 110 112 113 114 115 116 117 118 119 120 121 122 123 124 125 126 127 128 129 130 131 132 134 135 136 137 12749229515661336570
1 3 1 138 58 103 8 11 12 13 14 15 17 19 20 22 23 24 25 26 27 28 29 30 32 33 35 37 40 41 42 43 44 46 47 48 49 50 51 52 53 54 55 56 57 58 59 60 61 62 63 68 70 72 74 75 76 77 78 79 81 83 86 87 88 89 90 91 92 96 97 98 99 100 101 102 103 104 105 106 107 109 110 112 113 114 115 116 117 118 119 120 121 122 123 124 125 126 127 128 129 130 131 132 134 135 136 137 138 916488062565120807
1 3 1 139 35 104 8 11 12 13 14 15 17 19 20 22 23 24 25 26 27 28 29 30 32 33 35 37 40 41 42 43 44 46 47 48 49 50 51 52 53 54 55 56 57 58 59 60 61 62 63 68 70 72 74 75 76 77 78 79 81 83 86 87 88 89 90 91 92 96 97 98 99 100 101 102 103 104 105 106 107 109 110 112 113 114 115 116 117 118 119 120 121 122 123 124 125 126 127 128 129 130 131 132 134 135 136 137 138 139 635997190003844930
7 2 3 34 104 8 11 12 13 14 15 17 19 20 22 23 24 25 26 27 28 29 30 32 33 35 37 40 41 42 43 44 46 47 48 49 50 51 52 53 54 55 56 57 58 59 60 61 62 63 68 70 72 74 75 76 77 78 79 81 83 86 87 88 89 90 91 92 96 97 98 99 100 101 102 103 104 105 106 107 109 110 112 113 114 115 116 117 118 119 120 121 122 123 124 125 126 127 128 129 130 131 132 134 135 136 137 138 139 635997190003844930
5 2 5 105 104 8 11 12 13 14 15 17 19 20 22 23 24 25 26 27 28 29 30 32 33 35 37 40 41 42 43 44 46 47 48 49 50 51 52 53 54 55 56 57 58 59 60 61 62 63 68 70 72 74 75 76 77 78 79 81 83 86 87 88 89 90 91 92 96 97 98 99 100 101 102 103 104 105 106 107 109 110 112 113 114 115 116 117 118 119 120 121 122 123 124 125 126 127 128 129 130 131 132 134 135 136 137 138 139 635997190003844930
3 1 5 103 8 11 12 13 14 15 17 19 20 22 23 24 25 26 27 28 29 30 32 33 35 37 40 41 42 43 44 46 47 48 49 50 51 52 53 54 55 56 57 58 59 60 61 62 63 68 70 72 74 75 76 77 78 79 81 83 86 87 88 89 90 91 92 96 97 98 99 100 101 102 103 104 105 106 107 109 110 112 113 114 116 117 118 119 120 121 122 123 124 125 126 127 128 129 130 131 132 134 135 136 137 138 139 13167879877735126797
3 1 24 102 8 11 12 13 14 15 17 19 20 22 23 24 25 26 27 28 29 30 32 33 35 37 40 41 42 43 44 46 47 48 49 50 51 52 53 54 55 56 57 58 59 60 61 62 63 68 70 72 74 75 76 77 78 79 81 83 86 87 88 89 90 91 92 96 97 98 99 100 101 102 103 104 105 106 107 109 110 112 113 114 116 118 119 120 121 122 123 124 125 126 127 128 129 130 131 132 134 135 136 137 138 139 306299383711185910
5 2 3 47 102 8 11 12 13 14 15 17 19 20 22 23 24 25 26 27 28 29 30 32 33 35 37 40 41 42 43 44 46 47 48 49 50 51 52 53 54 55 56 57 58 59 60 61 62 63 68 70 72 74 75 76 77 78 79 81 83 86 87 88 89 90 91 92 96 97 98 99 100 101 102 103 104 105 106 107 109 110 112 113 114 116 118 119 120 121 122 123 124 125 126 127 128 129 130 131 132 134 135 136 137 138 139 306299383711185910
7 2 5 51 102 8 11 12 13 14 15 17 19 20 22 23 24 25 26 27 28 29 30 32 33 35 37 40 41 42 43 44 46 47 48 49 50 51 52 53 54 55 56 57 58 59 60 61 62 63 68 70 72 74 75 76 77 78 79 81 83 86 87 88 89 90 91 92 96 97 98 99 100 101 102 103 104 105 106 107 109 110 112 113 114 116 118 119 120 121 122 123 124 125 126 127 128 129 130 131 132 134 135 136 137 138 139 306299383711185910
5 2 5 81 102 8 11 12 13 14 15 17 19 20 22 23 24 25 26 27 28 29 30 32 33 35 37 40 41 42 43 44 46 47 48 49 50 51 52 53 54 55 56 57 58 59 60 61 62 63 68 70 72 74 75 76 77 78 79 81 83 86 87 88 89 90 91 92 96 97 98 99 100 101 102 103 104 105 106 107 109 110 112 113 114 116 118 119 120 121 122 123 124 125 126 127 128 129 130 131 132 134 135 136 137 138 139 306299383711185910
7 2 3 5 102 8 11 12 13 14 15 17 19 20 22 23 24 25 26 27 28 29 30 32 33 35 37 40 41 42 43 44 46 47 48 49 50 51 52 53 54 55 56 57 58 59 60 61 62 63 68 70 72 74 75 76 77 78 79 81 83 86 87 88 89 90 91 92 96 97 98 99 100 101 102 103 104 105 106 107 109 110 112 113 114 116 118 119 120 121 122 123 124 125 126 127 128 129 130 131 132 134 135 136 137 138 139 306299383711185910
1 12 3 140 24 106 15 78 114 41 121 79 86 124 103 8 11 12 13 14 15 17 19 20 22 23 24 25 26 27 28 29 30 32 33 35 37 40 41 42 43 44 46 47 48 49 50 51 52 53 54 55 56 57 58 59 60 61 62 63 68 70 72 74 75 76 77 78 79 81 83 86 87 88 89 90 91 92 96 97 98 99 100 101 102 103 104 105 106 107 109 110 112 113 114 116 118 119 120 121 122 123 124 125 126 127 128 129 130 131 132 134 135 136 137 138 139 140 2623256856039563166
3 1 60 103 8 11 12 13 14 15 17 19 20 22 23 24 25 26 27 28 29 30 32 33 35 37 40 41 42 43 44 46 47 48 49 50 51 52 53 54 55 56 57 58 59 60 61 62 63 68 70 72 74 75 76 77 78 79 81 83 86 87 88 89 90 91 92 96 97 98 99 100 101 102 103 104 105 106 107 109 110 112 113 114 116 118 119 120 121 122 123 124 125 126 127 128 129 130 131 132 134 135 136 137 138 139 140 2623256856039563166
1 3 1 141 60 104 8 11 12 13 14 15 17 19 20 22 23 24 25 26 27 28 29 30 32 33 35 37 40 41 42 43 44 46 47 48 49 50 51 52 53 54 55 56 57 58 59 60 61 62 63 68 70 72 74 75 76 77 78 79 81 83 86 87 88 89 90 91 92 96 97 98 99 100 101 102 103 104 105 106 107 109 110 112 113 114 116 118 119 120 121 122 123 124 125 126 127 128 129 130 131 132 134 135 136 137 138 139 140 141 14897770902567486287
9 1 9 104 8 11 12 13 14 15 17 19 20 22 23 24 25 26 27 28 29 30 32 33 35 37 40 41 42 43 44 46 47 48 49 50 51 52 53 54 55 56 57 58 59 60 61 62 63 68 70 72 74 75 76 77 78 79 81 83 86 87 88 89 90 91 92 96 97 98 99 100 101 102 103 104 105 106 107 109 110 112 113 114 116 118 119 120 121 122 123 124 125 126 127 128 129 130 131 132 134 135 136 137 138 139 140 141 14897770902567486287
5 2 0 17 104 8 11 12 13 14 15 17 19 20 22 23 24 25 26 27 28 29 30 32 33 35 37 40 41 42 43 44 46 47 48 49 50 51 52 53 54 55 56 57 58 59 60 61 62 63 68 70 72 74 75 76 77 78 79 81 83 86 87 88 89 90 91 92 96 97 98 99 100 101 102 103 104 105 106 107 109 110 112 113 114 116 118 119 120 121 122 123 124 125 126 127 128 129 130 131 132 134 135 136 137 138 139 140 141 14897770902567486287
13 2 77 99 104 8 11 12 13 14 15 17 19 20 22 23 24 25 26 27 28 29 30 32 33 35 37 40 41 42 43 44 46 47 48 49 50 51 52 53 54 55 56 57 58 59 60 61 62 63 68 70 72 74 75 76 77 78 79 81 83 86 87 88 89 90 91 92 96 97 98 99 100 101 102 103 104 105 106 107 109 110 112 113 114 116 118 119 120 121 122 123 124 125 126 127 128 129 130 131 132 134 135 136 137 138 139 140 141 12694255568631671405
9 1 28 104 8 11 12 13 14 15 17 19 20 22 23 24 25 26 27 28 29 30 32 33 35 37 40 41 42 43 44 46 47 48 49 50 51 52 53 54 55 56 57 58 59 60 61 62 63 68 70 72 74 75 76 77 78 79 81 83 86 87 88 89 90 91 92 96 97 98 99 100 101 102 103 104 105 106 107 109 110 112 113 114 116 118 119 120 121 122 123 124 125 126 127 128 129 130 131 132 134 135 136 137 138 139 140 141 12694255568631671405
1 11 3 142 9 119 86 63 50 104 25 50 17 105 8 11 12 13 14 15 17 19 20 22 23 24 25 26 27 28 29 30 32 33 35 37 40 41 42 43 44 46 47 48 49 50 51 52 53 54 55 56 57 58 59 60 61 62 63 68 70 72 74 75 76 77 78 79 81 83 86 87 88 89 90 91 92 96 97 98 99 100 101 102 103 104 105 106 107 109 110 112 113 114 116 118 119 120 121 122 123 124 125 126 127 128 129 130 131 132 134 135 136 137 138 139 140 141 142 15898400148223135796
14 1 2 105 8 11 12 13 14 15 17 19 20 22 23 24 25 26 27 28 29 30 32 33 35 37 40 41 42 43 44 46 47 48 49 50 51 52 53 54 55 56 57 58 59 60 61 62 63 68 70 72 74 75 76 77 78 79 81 83 86 87 88 89 90 91 92 96 97 98 99 100 101 102 103 104 105 106 107 109 110 112 113 114 116 118 119 120 121 122 123 124 125 126 127 128 129 130 131 132 134 135 136 137 138 139 140 141 142 15898400148223135796
3 1 24 104 8 11 12 13 14 15 17 19 20 22 23 24 25 26 27 28 29 30 32 33 35 37 40 41 42 43 44 46 47 48 49 50 51 52 53 54 55 56 57 58 59 60 61 62 63 68 70 72 74 75 76 77 78 79 81 83 86 87 88 89 90 91 92 96 97 98 99 100 101 102 103 104 105 106 107 109 110 112 113 114 116 118 119 120 121 122 123 124 125 126 127 128 129 130 131 132 134 135 136 137 138 139 141 142 8331819061711784912
14 1 32 104 8 11 12 13 14 15 17 19 20 22 23 24 25 26 27 28 29 30 32 33 35 37 40 41 42 43 44 46 47 48 49 50 51 52 53 54 55 56 57 58 59 60 61 62 63 68 70 72 74 75 76 77 78 79 81 83 86 87 88 89 90 91 92 96 97 98 99 100 101 102 103 104 105 106 107 109 110 112 113 114 116 118 119 120 121 122 123 124 125 126 127 128 129 130 131 132 134 135 136 137 138 139 141 142 8331819061711784912
1 3 1 143 24 105 8 11 12 13 14 15 17 19 20 22 23 24 25 26 27 28 29 30 32 33 35 37 40 41 42 43 44 46 47 48 49 50 51 52 53 54 55 56 57 58 59 60 61 62 63 68 70 72 74 75 76 77 78 79 81 83 86 87 88 89 90 91 92 96 97 98 99 100 101 102 103 104 105 106 107 109 110 112 113 114 116 118 119 120 121 122 123 124 125 126 127 128 129 130 131 132 134 135 136 137 138 139 141 142 143 3845957555461764925
11 0 103 8 11 12 13 14 15 17 19 20 22 23 24 25 26 27 28 29 30 32 33 35 37 40 41 42 43 44 46 47 48 49 50 51 52 53 54 55 56 57 58 59 60 61 62 63 68 70 72 74 75 76 77 78 79 81 83 86 87 88 89 90 91 92 96 97 98 99 100 101 102 103 104 105 106 107 109 110 112 113 114 116 119 120 121 122 123 124 125 126 127 128 129 130 131 132 134 135 136 138 139 141 142 143 15241852256524238707
1 3 3 144 28 104 8 11 12 13 14 15 17 19 20 22 23 24 25 26 27 28 29 30 32 33 35 37 40 41 42 43 44 46 47 48 49 50 51 52 53 54 55 56 57 58 59 60 61 62 63 68 70 72 74 75 76 77 78 79 81 83 86 87 88 89 90 91 92 96 97 98 99 100 101 102 103 104 105 106 107 109 110 112 113 114 116 119 120 121 122 123 124 125 126 127 128 129 130 131 132 134 135 136 138 139 141 142 143 144 1317523619745237450
5 2 3 49 104 8 11 12 13 14 15 17 19 20 22 23 24 25 26 27 28 29 30 32 33 35 37 40 41 42 43 44 46 47 48 49 50 51 52 53 54 55 56 57 58 59 60 61 62 63 68 70 72 74 75 76 77 78 79 81 83 86 87 88 89 90 91 92 96 97 98 99 100 101 102 103 104 105 106 107 109 110 112 113 114 116 119 120 121 122 123 124 125 126 127 128 129 130 131 132 134 135 136 138 139 141 142 143 144 1317523619745237450
4 1 16 104 8 11 12 13 14 15 17 19 20 22 23 24 25 26 27 28 29 30 32 33 35 37 40 41 42 43 44 46 47 48 49 50 51 52 53 54 55 56 57 58 59 60 61 62 63 68 70 72 74 75 76 77 78 79 81 83 86 87 88 89 90 91 92 96 97 98 99 100 101 102 103 104 105 106 107 109 110 112 113 114 116 119 120 121 122 123 124 125 126 127 128 129 130 131 132 134 135 136 138 139 141 142 143 144 1317523619745237450
11 0 104 8 11 12 13 14 15 17 19 20 22 23 24 25 26 27 28 29 30 32 33 35 37 40 41 42 43 44 46 47 48 49 50 51 52 53 54 55 56 57 58 59 60 61 62 63 68 70 72 74 75 76 77 78 79 81 83 86 87 88 89 90 91 92 96 97 98 99 100 101 102 103 104 105 106 107 109 110 112 113 114 116 119 120 121 122 123 124 125 126 127 128 129 130 131 132 134 135 136 138 139 141 142 143 144 1317523619745237450
10 0 104 8 11 12 13 14 15 17 19 20 22 23 24 25 26 27 28 29 30 32 33 35 37 40 41 42 43 44 46 47 48 49 50 51 52 53 54 55 56 57 58 59 60 61 62 63 68 70 72 74 75 76 77 78 79 81 83 86 87 88 89 90 91 92 96 97 98 99 100 101 102 103 104 105 106 107 109 110 112 113 114 116 119 120 121 122 123 124 125 126 127 128 129 130 131 132 134 135 136 138 139 141 142 143 144 1317523619745237450
13 2 74 81 104 8 11 12 13 14 15 17 19 20 22 23 24 25 26 27 28 29 30 32 33 35 37 40 41 42 43 44 46 47 48 49 50 51 52 53 54 55 56 57 58 59 60 61 62 63 68 70 72 74 75 76 77 78 79 81 83 86 87 88 89 90 91 92 96 97 98 99 100 101 102 103 104 105 106 107 109 110 112 113 114 116 119 120 121 122 123 124 125 126 127 128 129 130 131 132 134 135 136 138 139 141 142 143 144 2991782041606759668
14 1 2 104 8 11 12 13 14 15 17 19 20 22 23 24 25 26 27 28 29 30 32 33 35 37 40 41 42 43 44 46 47 48 49 50 51 52 53 54 55 56 57 58 59 60 61 62 63 68 70 72 74 75 76 77 78 79 81 83 86 87 88 89 90 91 92 96 97 98 99 100 101 102 103 104 105 106 107 109 110 112 113 114 116 119 120 121 122 123 124 125 126 127 128 129 130 131 132 134 135 136 138 139 141 142 143 144 2991782041606759668
14 1 0 104 8 11 12 13 14 15 17 19 20 22 23 24 25 26 27 28 29 30 32 33 35 37 40 41 42 43 44 46 47 48 49 50 51 52 53 54 55 56 57 58 59 60 61 62 63 68 70 72 74 75 76 77 78 79 81 83 86 87 88 89 90 91 92 96 97 98 99 100 101 102 103 104 105 106 107 109 110 112 113 114 116 119 120 121 122 123 124 125 126 127 128 129 130 131 132 134 135 136 138 139 141 142 143 144 2991782041606759668
12 3 124 0 131 104 8 11 12 13 14 15 17 19 20 22 23 24 25 26 27 28 29 30 32 33 35 37 40 41 42 43 44 46 47 48 49 50 51 52 53 54 55 56 57 58 59 60 61 62 63 68 70 72 74 75 76 77 78 79 81 83 86 87 88 89 90 91 92 96 97 98 99 100 101 102 103 104 105 106 107 109 110 112 113 114 116 119 120 121 122 123 124 125 126 127 128 129 130 131 132 134 135 136 138 139 141 142 143 144 13698825657314487866
3 1 47 104 8 11 12 13 14 15 17 19 20 22 23 24 25 26 27 28 29 30 32 33 35 37 40 41 42 43 44 46 47 48 49 50 51 52 53 54 55 56 57 58 59 60 61 62 63 68 70 72 74 75 76 77 78 79 81 83 86 87 88 89 90 91 92 96 97 98 99 100 101 102 103 104 105 106 107 109 110 112 113 114 116 119 120 121 122 123 124 125 126 127 128 129 130 131 132 134 135 136 138 139 141 142 143 144 13698825657314487866
8 1 58 104 8 11 12 13 14 15 17 19 20 22 23 24 25 26 27 28 29 30 32 33 35 37 40 41 42 43 44 46 47 48 49 50 51 52 53 54 55 56 57 58 59 60 61 62 63 68 70 72 74 75 76 77 78 79 81 83 86 87 88 89 90 91 92 96 97 98 99 100 101 102 103 104 105 106 107 109 110 112 113 114 116 119 120 121 122 123 124 125 126 127 128 129 130 131 132 134 135 136 138 139 141 142 143 144 13698825657314487866
14 1 18446744073709551615 104 8 11 12 13 14 15 17 19 20 22 23 24 25 26 27 28 29 30 32 33 35 37 40 41 42 43 44 46 47 48 49 50 51 52 53 54 55 56 57 58 59 60 61 62 63 68 70 72 74 75 76 77 78 79 81 83 86 87 88 89 90 91 92 96 97 98 99 100 101 102 103 104 105 106 107 109 110 112 113 114 116 119 120 121 122 123 124 125 126 127 128 129 130 131 132 134 135 136 138 139 141 142 143 144 13698825657314487866
12 3 142 6 122 104 8 11 12 13 14 15 17 19 20 22 23 24 25 26 27 28 29 30 32 33 35 37 40 41 42 43 44 46 47 48 49 50 51 52 53 54 55 56 57 58 59 60 61 62 63 68 70 72 74 75 76 77 78 79 81 83 86 87 88 89 90 91 92 96 97 98 99 100 101 102 103 104 105 106 107 109 110 112 113 114 116 119 120 121 122 123 124 125 126 127 128 129 130 131 132 134 135 136 138 139 141 142 143 144 6663226820227976162
1 3 1 145 47 105 8 11 12 13 14 15 17 19 20 22 23 24 25 26 27 28 29 30 32 33 35 37 40 41 42 43 44 46 47 48 49 50 51 52 53 54 55 56 57 58 59 60 61 62 63 68 70 72 74 75 76 77 78 79 81 83 86 87 88 89 90 91 92 96 97 98 99 100 101 102 103 104 105 106 107 109 110 112 113 114 116 119 120 121 122 123 124 125 126 127 128 129 130 131 132 134 135 136 138 139 141 142 143 144 145 1250332168298345611
8 1 123 105 8 11 12 13 14 15 17 19 20 22 23 24 25 26 27 28 29 30 32 33 35 37 40 41 42 43 44 46 47 48 49 50 51 52 53 54 55 56 57 58 59 60 61 62 63 68 70 72 74 75 76 77 78 79 81 83 86 87 88 89 90 91 92 96 97 98 99 100 101 102 103 104 105 106 107 109 110 112 113 114 116 119 120 121 122 123 124 125 126 127 128 129 130 131 132 134 135 136 138 139 141 142 143 144 145 1250332168298345611
3 1 41 105 8 11 12 13 14 15 17 19 20 22 23 24 25 26 27 28 29 30 32 33 35 37 40 41 42 43 44 46 47 48 49 50 51 52 53 54 55 56 57 58 59 60 61 62 63 68 70 72 74 75 76 77 78 79 81 83 86 87 88 89 90 91 92 96 97 98 99 100 101 102 103 104 105 106 107 109 110 112 113 114 116 119 120 121 122 123 124 125 126 127 128 129 130 131 132 134 135 136 138 139 141 142 143 144 145 1250332168298345611
11 0 104 8 11 12 13 14 15 17 19 20 22 23 24 25 26 27 28 29 30 32 33 35 37 40 41 42 43 44 46 47 48 49 50 51 52 53 54 55 56 57 58 59 60 61 62 63 68 70 72 74 75 76 77 78 79 81 83 86 87 88 89 90 91 92 96 97 98 99 100 101 102 103 104 105 106 107 109 110 112 113 114 119 120 121 122 123 124 125 126 127 128 129 130 131 132 134 135 136 138 139 141 142 143 144 145 3144357263783724008
1 11 2 146 41 59 49 59 15 40 59 144 130 105 8 11 12 13 14 15 17 19 20 22 23 24 25 26 27 28 29 30 32 33 35 37 40 41 42 43 44 46 47 48 49 50 51 52 53 54 55 56 57 58 59 60 61 62 63 68 70 72 74 75 76 77 78 79 81 83 86 87 88 89 90 91 92 96 97 98 99 100 101 102 103 104 105 106 107 109 110 112 113 114 119 120 121 122 123 124 125 126 127 128 129 130 131 132 134 135 136 138 139 141 142 143 144 145 146 5421638440943612233
3 1 6 105 8 11 12 13 14 15 17 19 20 22 23 24 25 26 27 28 29 30 32 33 35 37 40 41 42 43 44 46 47 48 49 50 51 52 53 54 55 56 57 58 59 60 61 62 63 68 70 72 74 75 76 77 78 79 81 83 86 87 88 89 90 91 92 96 97 98 99 100 101 102 103 104 105 106 107 109 110 112 113 114 119 120 121 122 123 124 125 126 127 128 129 130 131 132 134 135 136 138 139 141 142 143 144 145 146 5421638440943612233
2 2 102 6 105 8 11 12 13 14 15 17 19 20 22 23 24 25 26 27 28 29 30 32 33 35 37 40 41 42 43 44 46 47 48 49 50 51 52 53 54 55 56 57 58 59 60 61 62 63 68 70 72 74 75 76 77 78 79 81 83 86 87 88 89 90 91 92 96 97 98 99 100 101 102 103 104 105 106 107 109 110 112 113 114 119 120 121 122 123 124 125 126 127 128 129 130 131 132 134 135 136 138 139 141 142 143 144 145 146 5421638440943612233
12 3 62 6 55 105 8 11 12 13 14 15 17 19 20 22 23 24 25 26 27 28 29 30 32 33 35 37 40 41 42 43 44 46 47 48 49 50 51 52 53 54 55 56 57 58 59 60 61 62 63 68 70 72 74 75 76 77 78 79 81 83 86 87 88 89 90 91 92 96 97 98 99 100 101 102 103 104 105 106 107 109 110 112 113 114 119 120 121 122 123 124 125 126 127 128 129 130 131 132 134 135 136 138 139 141 142 143 144 145 146 5421638440943612233
8 1 121 105 8 11 12 13 14 15 17 19 20 22 23 24 25 26 27 28 29 30 32 33 35 37 40 41 42 43 44 46 47 48 49 50 51 52 53 54 55 56 57 58 59 60 61 62 63 68 70 72 74 75 76 77 78 79 81 83 86 87 88 89 90 91 92 96 97 98 99 100 101 102 103 104 105 106 107 109 110 112 113 114 119 120 121 122 123 124 125 126 127 128 129 130 131 132 134 135 136 138 139 141 142 143 144 145 146 5421638440943612233
5 2 4 91 105 8 11 12 13 14 15 17 19 20 22 23 24 25 26 27 28 29 30 32 33 35 37 40 41 42 43 44 46 47 48 49 50 51 52 53 54 55 56 57 58 59 60 61 62 63 68 70 72 74 75 76 77 78 79 81 83 86 87 88 89 90 91 92 96 97 98 99 100 101 102 103 104 105 106 107 109 110 112 113 114 119 120 121 122 123 124 125 126 127 128 129 130 131 132 134 135 136 138 139 141 142 143 144 145 146 5421638440943612233
3 1 62 105 8 11 12 13 14 15 17 19 20 22 23 24 25 26 27 28 29 30 32 33 35 37 40 41 42 43 44 46 47 48 49 50 51 52 53 54 55 56 57 58 59 60 61 62 63 68 70 72 74 75 76 77 78 79 81 83 86 87 88 89 90 91 92 96 97 98 99 100 101 102 103 104 105 106 107 109 110 112 113 114 119 120 121 122 123 124 125 126 127 128 129 130 131 132 134 135 136 138 139 141 142 143 144 145 146 5421638440943612233
5 2 5 114 105 8 11 12 13 14 15 17 19 20 22 23 24 25 26 27 28 29 30 32 33 35 37 40 41 42 43 44 46 47 48 49 50 51 52 53 54 55 56 57 58 59 60 61 62 63 68 70 72 74 75 76 77 78 79 81 83 86 87 88 89 90 91 92 96 97 98 99 100 101 102 103 104 105 106 107 109 110 112 113 114 119 120 121 122 123 124 125 126 127 128 129 130 131 132 134 135 136 138 139 141 142 143 144 145 146 5421638440943612233
12 3 126 2 96 105 8 11 12 13 14 15 17 19 20 22 23 24 25 26 27 28 29 30 32 33 35 37 40 41 42 43 44 46 47 48 49 50 51 52 53 54 55 56 57 58 59 60 61 62 63 68 70 72 74 75 76 77 78 79 81 83 86 87 88 89 90 91 92 96 97 98 99 100 101 102 103 104 105 106 107 109 110 112 113 114 119 120 121 122 123 124 125 126 127 128 129 130 131 132 134 135 136 138 139 141 142 143 144 145 146 6737346208456662184
11 0 105 8 11 12 13 14 15 17 19 20 22 23 24 25 26 27 28 29 30 32 33 35 37 40 41 42 43 44 46 47 48 49 50 51 52 53 54 55 56 57 58 59 60 61 62 63 68 70 72 74 75 76 77 78 79 81 83 86 87 88 89 90 91 92 96 97 98 99 100 101 102 103 104 105 106 107 109 110 112 113 114 119 120 121 122 123 124 125 126 127 128 129 130 131 132 134 135 136 138 139 141 142 143 144 145 146 6737346208456662184
11 0 105 8 11 12 13 14 15 17 19 20 22 23 24 25 26 27 28 29 30 32 33 35 37 40 41 42 43 44 46 47 48 49 50 51 52 53 54 55 56 57 58 59 60 61 62 63 68 70 72 74 75 76 77 78 79 81 83 86 87 88 89 90 91 92 96 97 98 99 100 101 102 103 104 105 106 107 109 110 112 113 114 119 120 121 122 123 124 125 126 127 128 129 130 131 132 134 135 136 138 139 141 142 143 144 145 146 6737346208456662184
3 1 8 104 8 11 12 13 14 15 17 19 20 22 23 24 25 26 27 28 29 30 32 33 35 37 40 41 42 43 44 46 47 48 49 50 51 52 53 54 55 56 57 58 59 60 61 62 63 68 70 72 74 75 76 77 78 79 81 83 86 87 88 89 90 91 92 96 97 98 99 100 101 102 103 104 105 106 107 109 110 112 113 114 119 120 121 122 123 124 125 126 127 128 129 130 131 134 135 136 138 139 141 142 143 144 145 146 12780000063662855979
3 1 27 104 8 11 12 13 14 15 17 19 20 22 23 24 25 26 27 28 29 30 32 33 35 37 40 41 42 43 44 46 47 48 49 50 51 52 53 54 55 56 57 58 59 60 61 62 63 68 70 72 74 75 76 77 78 79 81 83 86 87 88 89 90 91 92 96 97 98 99 100 101 102 103 104 105 106 107 109 110 112 113 114 119 120 121 122 123 124 125 126 127 128 129 130 131 134 135 136 138 139 141 142 143 144 145 146 12780000063662855979
13 2 56 44 104 8 11 12 13 14 15 17 19 20 22 23 24 25 26 27 28 29 30 32 33 35 37 40 41 42 43 44 46 47 48 49 50 51 52 53 54 55 56 57 58 59 60 61 62 63 68 70 72 74 75 76 77 78 79 81 83 86 87 88 89 90 91 92 96 97 98 99 100 101 102 103 104 105 106 107 109 110 112 113 114 119 120 121 122 123 124 125 126 127 128 129 130 131 134 135 136 138 139 141 142 143 144 145 146 5909448017379751772
2 2 15 62 104 8 11 12 13 14 15 17 19 20 22 23 24 25 26 27 28 29 30 32 33 35 37 40 41 42 43 44 46 47 48 49 50 51 52 53 54 55 56 57 58 59 60 61 62 63 68 70 72 74 75 76 77 78 79 81 83 86 87 88 89 90 91 92 96 97 98 99 100 101 102 103 104 105 106 107 109 110 112 113 114 119 120 121 122 123 124 125 126 127 128 129 130 131 134 135 136 138 139 141 142 143 144 145 146 5909448017379751772
2 2 87 27 104 8 11 12 13 14 15 17 19 20 22 23 24 25 26 27 28 29 30 32 33 35 37 40 41 42 43 44 46 47 48 49 50 51 52 53 54 55 56 57 58 59 60 61 62 63 68 70 72 74 75 76 77 78 79 81 83 86 87 88 89 90 91 92 96 97 98 99 100 101 102 103 104 105 106 107 109 110 112 113 114 119 120 121 122 123 124 125 126 127 128 129 130 131 134 135 136 138 139 141 142 143 144 145 146 5909448017379751772
1 19 3 147 8 72 77 145 105 8 42 88 74 79 62 52 112 8 30 56 13 105 8 11 12 13 14 15 17 19 20 22 23 24 25 26 27 28 29 30 32 33 35 37 40 41 42 43 44 46 47 48 49 50 51 52 53 54 55 56 57 58 59 60 61 62 63 68 70 72 74 75 76 77 78 79 81 83 86 87 88 89 90 91 92 96 97 98 99 100 101 102 103 104 105 106 107 109 110 112 113 114 119 120 121 122 123 124 125 126 127 128 129 130 131 134 135 136 138 139 141 142 143 144 145 146 147 4798910565749715683
12 3 83 2 131 105 8 11 12 13 14 15 17 19 20 22 23 24 25 26 27 28 29 30 32 33 35 37 40 41 42 43 44 46 47 48 49 50 51 52 53 54 55 56 57 58 59 60 61 62 63 68 70 72 74 75 76 77 78 79 81 83 86 87 88 89 90 91 92 96 97 98 99 100 101 102 103 104 105 106 107 109 110 112 113 114 119 120 121 122 123 124 125 126 127 128 129 130 131 134 135 136 138 139 141 142 143 144 145 146 147 332215872860866292
13 2 142 30 105 8 11 12 13 14 15 17 19 20 22 23 24 25 26 27 28 29 30 32 33 35 37 40 41 42 43 44 46 47 48 49 50 51 52 53 54 55 56 57 58 59 60 61 62 63 68 70 72 74 75 76 77 78 79 81 83 86 87 88 89 90 91 92 96 97 98 99 100 101 102 103 104 105 106 107 109 110 112 113 114 119 120 121 122 123 124 125 126 127 128 129 130 131 134 135 136 138 139 141 142 143 144 145 146 147 17054900423927188417
12 3 14 12 52 105 8 11 12 13 14 15 17 19 20 22 23 24 25 26 27 28 29 30 32 33 35 37 40 41 42 43 44 46 47 48 49 50 51 52 53 54 55 56 57 58 59 60 61 62 63 68 70 72 74 75 76 77 78 79 81 83 86 87 88 89 90 91 92 96 97 98 99 100 101 102 103 104 105 106 107 109 110 112 113 114 119 120 121 122 123 124 125 126 127 128 129 130 131 134 135 136 138 139 141 142 143 144 145 146 147 888998532730003357
14 1 0 105 8 11 12 13 14 15 17 19 20 22 23 24 25 26 27 28 29 30 32 33 35 37 40 41 42 43 44 46 47 48 49 50 51 52 53 54 55 56 57 58 59 60 61 62 63 68 70 72 74 75 76 77 78 79 81 83 86 87 88 89 90 91 92 96 97 98 99 100 101 102 103 104 105 106 107 109 110 112 113 114 119 120 121 122 123 124 125 126 127 128 129 130 131 134 135 136 138 139 141 142 143 144 145 146 147 888998532730003357
13 2 74 0 105 8 11 12 13 14 15 17 19 20 22 23 24 25 26 27 28 29 30 32 33 35 37 40 41 42 43 44 46 47 48 49 50 51 52 53 54 55 56 57 58 59 60 61 62 63 68 70 72 74 75 76 77 78 79 81 83 86 87 88 89 90 91 92 96 97 98 99 100 101 102 103 104 105 106 107 109 110 112 113 114 119 120 121 122 123 124 125 126 127 128 129 130 131 134 135 136 138 139 141 142 143 144 145 146 147 1591696303388284726
3 1 12 105 8 11 12 13 14 15 17 19 20 22 23 24 25 26 27 28 29 30 32 33 35 37 40 41 42 43 44 46 47 48 49 50 51 52 53 54 55 56 57 58 59 60 61 62 63 68 70 72 74 75 76 77 78 79 81 83 86 87 88 89 90 91 92 96 97 98 99 100 101 102 103 104 105 106 107 109 110 112 113 114 119 120 121 122 123 124 125 126 127 128 129 130 131 134 135 136 138 139 141 142 143 144 145 146 147 1591696303388284726
3 1 16 105 8 11 12 13 14 15 17 19 20 22 23 24 25 26 27 28 29 30 32 33 35 37 40 41 42 43 44 46 47 48 49 50 51 52 53 54 55 56 57 58 59 60 61 62 63 68 70 72 74 75 76 77 78 79 81 83 86 87 88 89 90 91 92 96 97 98 99 100 101 102 103 104 105 106 107 109 110 112 113 114 119 120 121 122 123 124 125 126 127 128 129 130 131 134 135 136 138 139 141 142 143 144 145 146 147 1591696303388284726
3 1 28 105 8 11 12 13 14 15 17 19 20 22 23 24 25 26 27 28 29 30 32 33 35 37 40 41 42 43 44 46 47 48 49 50 51 52 53 54 55 56 57 58 59 60 61 62 63 68 70 72 74 75 76 77 78 79 81 83 86 87 88 89 90 91 92 96 97 98 99 100 101 102 103 104 105 106 107 109 110 112 113 114 119 120 121 122 123 124 125 126 127 128 129 130 131 134 135 136 138 139 141 142 143 144 145 146 147 1591696303388284726
14 1 32 105 8 11 12 13 14 15 17 19 20 22 23 24 25 26 27 28 29 30 32 33 35 37 40 41 42 43 44 46 47 48 49 50 51 52 53 54 55 56 57 58 59 60 61 62 63 68 70 72 74 75 76 77 78 79 81 83 86 87 88 89 90 91 92 96 97 98 99 100 101 102 103 104 105 106 107 109 110 112 113 114 119 120 121 122 123 124 125 126 127 128 129 130 131 134 135 136 138 139 141 142 143 144 145 146 147 1591696303388284726
14 1 32 105 8 11 12 13 14 15 17 19 20 22 23 24 25 26 27 28 29 30 32 33 35 37 40 41 42 43 44 46 47 48 49 50 51 52 53 54 55 56 57 58 59 60 61 62 63 68 70 72 74 75 76 77 78 79 81 83 86 87 88 89 90 91 92 96 97 98 99 100 101 102 103 104 105 106 107 109 110 112 113 114 119 120 121 122 123 124 125 126 127 128 129 130 131 134 135 136 138 139 141 142 143 144 145 146 147 1591696303388284726
3 1 42 104 8 11 12 13 14 15 17 19 20 22 23 24 25 26 27 28 29 30 32 33 35 37 40 41 42 43 44 46 47 48 49 50 51 52 53 54 55 56 57 58 59 60 61 62 63 68 70 72 74 75 76 77 78 79 81 83 86 87 88 89 90 91 92 96 97 98 99 100 102 103 104 105 106 107 109 110 112 113 114 119 120 121 122 123 124 125 126 127 128 129 130 131 134 135 136 138 139 141 142 143 144 145 146 147 14969398077546917376
1 3 1 148 12 105 8 11 12 13 14 15 17 19 20 22 23 24 25 26 27 28 29 30 32 33 35 37 40 41 42 43 44 46 47 48 49 50 51 52 53 54 55 56 57 58 59 60 61 62 63 68 70 72 74 75 76 77 78 79 81 83 86 87 88 89 90 91 92 96 97 98 99 100 102 103 104 105 106 107 109 110 112 113 114 119 120 121 122 123 124 125 126 127 128 129 130 131 134 135 136 138 139 141 142 143 144 145 146 147 148 2638626200832147573
14 1 32 105 8 11 12 13 14 15 17 19 20 22 23 24 25 26 27 28 29 30 32 33 35 37 40 41 42 43 44 46 47 48 49 50 51 52 53 54 55 56 57 58 59 60 61 62 63 68 70 72 74 75 76 77 78 79 81 83 86 87 88 89 90 91 92 96 97 98 99 100 102 103 104 105 106 107 109 110 112 113 114 119 120 121 122 123 124 125 126 127 128 129 130 131 134 135 136 138 139 141 142 143 144 145 146 147 148 2638626200832147573
1 3 1 149 16 106 8 11 12 13 14 15 17 19 20 22 23 24 25 26 27 28 29 30 32 33 35 37 40 41 42 43 44 46 47 48 49 50 51 52 53 54 55 56 57 58 59 60 61 62 63 68 70 72 74 75 76 77 78 79 81 83 86 87 88 89 90 91 92 96 97 98 99 100 102 103 104 105 106 107 109 110 112 113 114 119 120 121 122 123 124 125 126 127 128 129 130 131 134 135 136 138 139 141 142 143 144 145 146 147 148 149 13962935392729637056
1 4 3 150 28 74 107 8 11 12 13 14 15 17 19 20 22 23 24 25 26 27 28 29 30 32 33 35 37 40 41 42 43 44 46 47 48 49 50 51 52 53 54 55 56 57 58 59 60 61 62 63 68 70 72 74 75 76 77 78 79 81 83 86 87 88 89 90 91 92 96 97 98 99 100 102 103 104 105 106 107 109 110 112 113 114 119 120 121 122 123 124 125 126 127 128 129 130 131 134 135 136 138 139 141 142 143 144 145 146 147 148 149 150 15632762727601409492
14 1 1 107 8 11 12 13 14 15 17 19 20 22 23 24 25 26 27 28 29 30 32 33 35 37 40 41 42 43 44 46 47 48 49 50 51 52 53 54 55 56 57 58 59 60 61 62 63 68 70 72 74 75 76 77 78 79 81 83 86 87 88 89 90 91 92 96 97 98 99 100 102 103 104 105 106 107 109 110 112 113 114 119 120 121 122 123 124 125 126 127 128 129 130 131 134 135 136 138 139 141 142 143 144 145 146 147 148 149 150 15632762727601409492
13 2 15 120 107 8 11 12 13 14 15 17 19 20 22 23 24 25 26 27 28 29 30 32 33 35 37 40 41 42 43 44 46 47 48 49 50 51 52 53 54 55 56 57 58 59 60 61 62 63 68 70 72 74 75 76 77 78 79 81 83 86 87 88 89 90 91 92 96 97 98 99 100 102 103 104 105 106 107 109 110 112 113 114 119 120 121 122 123 124 125 126 127 128 129 130 131 134 135 136 138 139 141 142 143 144 145 146 147 148 149 150 2782228208600281785
4 1 2 107 8 11 12 13 14 15 17 19 20 22 23 24 25 26 27 28 29 30 32 33 35 37 40 41 42 43 44 46 47 48 49 50 51 52 53 54 55 56 57 58 59 60 61 62 63 68 70 72 74 75 76 77 78 79 81 83 86 87 88 89 90 91 92 96 97 98 99 100 102 103 104 105 106 107 109 110 112 113 114 119 120 121 122 123 124 125 126 127 128 129 130 131 134 135 136 138 139 141 142 143 144 145 146 147 148 149 150 2782228208600281785
8 1 59 107 8 11 12 13 14 15 17 19 20 22 23 24 25 26 27 28 29 30 32 33 35 37 40 41 42 43 44 46 47 48 49 50 51 52 53 54 55 56 57 58 59 60 61 62 63 68 70 72 74 75 76 77 78 79 81 83 86 87 88 89 90 91 92 96 97 98 99 100 102 103 104 105 106 107 109 110 112 113 114 119 120 121 122 123 124 125 126 127 128 129 130 131 134 135 136 138 139 141 142 143 144 145 146 147 148 149 150 2782228208600281785
1 3 1 151 42 108 8 11 12 13 14 15 17 19 20 22 23 24 25 26 27 28 29 30 32 33 35 37 40 41 42 43 44 46 47 48 49 50 51 52 53 54 55 56 57 58 59 60 61 62 63 68 70 72 74 75 76 77 78 79 81 83 86 87 88 89 90 91 92 96 97 98 99 100 102 103 104 105 106 107 109 110 112 113 114 119 120 121 122 123 124 125 126 127 128 129 130 131 134 135 136 138 139 141 142 143 144 145 146 147 148 149 150 151 762398556451539096
3 1 2 106 8 11 12 13 14 15 17 19 20 22 23 24 25 26 27 28 29 30 32 33 35 37 40 41 42 43 44 46 47 48 49 50 51 52 53 54 55 56 57 58 59 60 61 62 63 68 70 72 74 75 76 77 78 79 81 83 86 87 88 89 90 91 92 96 97 98 99 100 102 103 104 105 107 109 110 112 113 114 119 120 121 122 123 124 125 126 127 128 130 131 134 135 136 138 139 141 142 143 144 145 146 147 148 149 150 151 3854649055908726202
2 2 126 2 106 8 11 12 13 14 15 17 19 20 22 23 24 25 26 27 28 29 30 32 33 35 37 40 41 42 43 44 46 47 48 49 50 51 52 53 54 55 56 57 58 59 60 61 62 63 68 70 72 74 75 76 77 78 79 81 83 86 87 88 89 90 91 92 96 97 98 99 100 102 103 104 105 107 109 110 112 113 114 119 120 121 122 123 124 125 126 127 128 130 131 134 135 136 138 139 141 142 143 144 145 146 147 148 149 150 151 3854649055908726202
3 1 29 106 8 11 12 13 14 15 17 19 20 22 23 24 25 26 27 28 29 30 32 33 35 37 40 41 42 43 44 46 47 48 49 50 51 52 53 54 55 56 57 58 59 60 61 62 63 68 70 72 74 75 76 77 78 79 81 83 86 87 88 89 90 91 92 96 97 98 99 100 102 103 104 105 107 109 110 112 113 114 119 120 121 122 123 124 125 126 127 128 130 131 134 135 136 138 139 141 142 143 144 145 146 147 148 149 150 151 3854649055908726202
1 6 3 152 29 32 50 120 107 8 11 12 13 14 15 17 19 20 22 23 24 25 26 27 28 29 30 32 33 35 37 40 41 42 43 44 46 47 48 49 50 51 52 53 54 55 56 57 58 59 60 61 62 63 68 70 72 74 75 76 77 78 79 81 83 86 87 88 89 90 91 92 96 97 98 99 100 102 103 104 105 107 109 110 112 113 114 119 120 121 122 123 124 125 126 127 128 130 131 134 135 136 138 139 141 142 143 144 145 146 147 148 149 150 151 152 7979132209747591414
13 2 142 43 107 8 11 12 13 14 15 17 19 20 22 23 24 25 26 27 28 29 30 32 33 35 37 40 41 42 43 44 46 47 48 49 50 51 52 53 54 55 56 57 58 59 60 61 62 63 68 70 72 74 75 76 77 78 79 81 83 86 87 88 89 90 91 92 96 97 98 99 100 102 103 104 105 107 109 110 112 113 114 119 120 121 122 123 124 125 126 127 128 130 131 134 135 136 138 139 141 142 143 144 145 146 147 148 149 150 151 152 9756842899587864558
5 2 0 136 107 8 11 12 13 14 15 17 19 20 22 23 24 25 26 27 28 29 30 32 33 35 37 40 41 42 43 44 46 47 48 49 50 51 52 53 54 55 56 57 58 59 60 61 62 63 68 70 72 74 75 76 77 78 79 81 83 86 87 88 89 90 91 92 96 97 98 99 100 102 103 104 105 107 109 110 112 113 114 119 120 121 122 123 124 125 126 127 128 130 131 134 135 136 138 139 141 142 143 144 145 146 147 148 149 150 151 152 9756842899587864558
5 2 1 61 107 8 11 12 13 14 15 17 19 20 22 23 24 25 26 27 28 29 30 32 33 35 37 40 41 42 43 44 46 47 48 49 50 51 52 53 54 55 56 57 58 59 60 61 62 63 68 70 72 74 75 76 77 78 79 81 83 86 87 88 89 90 91 92 96 97 98 99 100 102 103 104 105 107 109 110 112 113 114 119 120 121 122 123 124 125 126 127 128 130 131 134 135 136 138 139 141 142 143 144 145 146 147 148 149 150 151 152 9756842899587864558
12 3 72 3 32 107 8 11 12 13 14 15 17 19 20 22 23 24 25 26 27 28 29 30 32 33 35 37 40 41 42 43 44 46 47 48 49 50 51 52 53 54 55 56 57 58 59 60 61 62 63 68 70 72 74 75 76 77 78 79 81 83 86 87 88 89 90 91 92 96 97 98 99 100 102 103 104 105 107 109 110 112 113 114 119 120 121 122 123 124 125 126 127 128 130 131 134 135 136 138 139 141 142 143 144 145 146 147 148 149 150 151 152 5145502546815516618
5 2 1 112 107 8 11 12 13 14 15 17 19 20 22 23 24 25 26 27 28 29 30 32 33 35 37 40 41 42 43 44 46 47 48 49 50 51 52 53 54 55 56 57 58 59 60 61 62 63 68 70 72 74 75 76 77 78 79 81 83 86 87 88 89 90 91 92 96 97 98 99 100 102 103 104 105 107 109 110 112 113 114 119 120 121 122 123 124 125 126 127 128 130 131 134 135 136 138 139 141 142 143 144 145 146 147 148 149 150 151 152 5145502546815516618
14 1 33 107 8 11 12 13 14 15 17 19 20 22 23 24 25 26 27 28 29 30 32 33 35 37 40 41 42 43 44 46 47 48 49 50 51 52 53 54 55 56 57 58 59 60 61 62 63 68 70 72 74 75 76 77 78 79 81 83 86 87 88 89 90 91 92 96 97 98 99 100 102 103 104 105 107 109 110 112 113 114 119 120 121 122 123 124 125 126 127 128 130 131 134 135 136 138 139 141 142 143 144 145 146 147 148 149 150 151 152 5145502546815516618
13 2 110 68 107 8 11 12 13 14 15 17 19 20 22 23 24 25 26 27 28 29 30 32 33 35 37 40 41 42 43 44 46 47 48 49 50 51 52 53 54 55 56 57 58 59 60 61 62 63 68 70 72 74 75 76 77 78 79 81 83 86 87 88 89 90 91 92 96 97 98 99 100 102 103 104 105 107 109 110 112 113 114 119 120 121 122 123 124 125 126 127 128 130 131 134 135 136 138 139 141 142 143 144 145 146 147 148 149 150 151 152 7239506974791606349
3 1 3 107 8 11 12 13 14 15 17 19 20 22 23 24 25 26 27 28 29 30 32 33 35 37 40 41 42 43 44 46 47 48 49 50 51 52 53 54 55 56 57 58 59 60 61 62 63 68 70 72 74 75 76 77 78 79 81 83 86 87 88 89 90 91 92 96 97 98 99 100 102 103 104 105 107 109 110 112 113 114 119 120 121 122 123 124 125 126 127 128 130 131 134 135 136 138 139 141 142 143 144 145 146 147 148 149 150 151 152 7239506974791606349
11 0 107 8 11 12 13 14 15 17 19 20 22 23 24 25 26 27 28 29 30 32 33 35 37 40 41 42 43 44 46 47 48 49 50 51 52 53 54 55 56 57 58 59 60 61 62 63 68 70 72 74 75 76 77 78 79 81 83 86 87 88 89 90 91 92 96 97 98 99 100 102 103 104 105 107 109 110 112 113 114 119 120 121 122 123 124 125 126 127 128 130 131 134 135 136 138 139 141 142 143 144 145 146 147 148 149 150 151 152 7239506974791606349
12 3 91 5 119 107 8 11 12 13 14 15 17 19 20 22 23 24 25 26 27 28 29 30 32 33 35 37 40 41 42 43 44 46 47 48 49 50 51 52 53 54 55 56 57 58 59 60 61 62 63 68 70 72 74 75 76 77 78 79 81 83 86 87 88 89 90 91 92 96 97 98 99 100 102 103 104 105 107 109 110 112 113 114 119 120 121 122 123 124 125 126 127 128 130 131 134 135 136 138 139 141 142 143 144 145 146 147 148 149 150 151 152 8550920403760648746
1 4 2 153 3 59 108 8 11 12 13 14 15 17 19 20 22 23 24 25 26 27 28 29 30 32 33 35 37 40 41 42 43 44 46 47 48 49 50 51 52 53 54 55 56 57 58 59 60 61 62 63 68 70 72 74 75 76 77 78 79 81 83 86 87 88 89 90 91 92 96 97 98 99 100 102 103 104 105 107 109 110 112 113 114 119 120 121 122 123 124 125 126 127 128 130 131 134 135 136 138 139 141 142 143 144 145 146 147 148 149 150 151 152 153 868205609673209334
4 1 0 108 8 11 12 13 14 15 17 19 20 22 23 24 25 26 27 28 29 30 32 33 35 37 40 41 42 43 44 46 47 48 49 50 51 52 53 54 55 56 57 58 59 60 61 62 63 68 70 72 74 75 76 77 78 79 81 83 86 87 88 89 90 91 92 96 97 98 99 100 102 103 104 105 107 109 110 112 113 114 119 120 121 122 123 124 125 126 127 128 130 131 134 135 136 138 139 141 142 143 144 145 146 147 148 149 150 151 152 153 868205609673209334
8 1 56 108 8 11 12 13 14 15 17 19 20 22 23 24 25 26 27 28 29 30 32 33 35 37 40 41 42 43 44 46 47 48 49 50 51 52 53 54 55 56 57 58 59 60 61 62 63 68 70 72 74 75 76 77 78 79 81 83 86 87 88 89 90 91 92 96 97 98 99 100 102 103 104 105 107 109 110 112 113 114 119 120 121 122 123 124 125 126 127 128 130 131 134 135 136 138 139 141 142 143 144 145 146 147 148 149 150 151 152 153 868205609673209334
13 2 97 143 108 8 11 12 13 14 15 17 19 20 22 23 24 25 26 27 28 29 30 32 33 35 37 40 41 42 43 44 46 47 48 49 50 51 52 53 54 55 56 57 58 59 60 61 62 63 68 70 72 74 75 76 77 78 79 81 83 86 87 88 89 90 91 92 96 97 98 99 100 102 103 104 105 107 109 110 112 113 114 119 120 121 122 123 124 125 126 127 128 130 131 134 135 136 138 139 141 142 143 144 145 146 147 148 149 150 151 152 153 11235886797169641104
8 1 53 108 8 11 12 13 14 15 17 19 20 22 23 24 25 26 27 28 29 30 32 33 35 37 40 41 42 43 44 46 47 48 49 50 51 52 53 54 55 56 57 58 59 60 61 62 63 68 70 72 74 75 76 77 78 79 81 83 86 87 88 89 90 91 92 96 97 98 99 100 102 103 104 105 107 109 110 112 113 114 119 120 121 122 123 124 125 126 127 128 130 131 134 135 136 138 139 141 142 143 144 145 146 147 148 149 150 151 152 153 11235886797169641104
13 2 121 68 108 8 11 12 13 14 15 17 19 20 22 23 24 25 26 27 28 29 30 32 33 35 37 40 41 42 43 44 46 47 48 49 50 51 52 53 54 55 56 57 58 59 60 61 62 63 68 70 72 74 75 76 77 78 79 81 83 86 87 88 89 90 91 92 96 97 98 99 100 102 103 104 105 107 109 110 112 113 114 119 120 121 122 123 124 125 126 127 128 130 131 134 135 136 138 139 141 142 143 144 145 146 147 148 149 150 151 152 153 11400354260598647537
3 1 57 106 8 11 12 13 14 15 17 19 20 22 23 24 25 26 27 28 29 30 32 33 35 37 40 41 42 43 44 46 47 48 49 50 51 52 53 54 55 56 57 58 59 60 61 62 63 68 70 72 74 75 76 77 78 79 81 83 86 87 88 89 90 91 96 97 98 99 100 102 104 105 107 109 110 112 113 114 119 120 121 122 123 124 125 126 127 128 130 131 134 135 136 138 139 141 142 143 144 145 146 147 148 149 150 151 152 153 2342094324396215624
1 3 1 154 57 107 8 11 12 13 14 15 17 19 20 22 23 24 25 26 27 28 29 30 32 33 35 37 40 41 42 43 44 46 47 48 49 50 51 52 53 54 55 56 57 58 59 60 61 62 63 68 70 72 74 75 76 77 78 79 81 83 86 87 88 89 90 91 96 97 98 99 100 102 104 105 107 109 110 112 113 114 119 120 121 122 123 124 125 126 127 128 130 131 134 135 136 138 139 141 142 143 144 145 146 147 148 149 150 151 152 153 154 12010580783005907957
11 0 107 8 11 12 13 14 15 17 19 20 22 23 24 25 26 27 28 29 30 32 33 35 37 40 41 42 43 44 46 47 48 49 50 51 52 53 54 55 56 57 58 59 60 61 62 63 68 70 72 74 75 76 77 78 79 81 83 86 87 88 89 90 91 96 97 98 99 100 102 104 105 107 109 110 112 113 114 119 120 121 122 123 124 125 126 127 128 130 131 134 135 136 138 139 141 142 143 144 145 146 147 148 149 150 151 152 153 154 12010580783005907957
14 1 33 107 8 11 12 13 14 15 17 19 20 22 23 24 25 26 27 28 29 30 32 33 35 37 40 41 42 43 44 46 47 48 49 50 51 52 53 54 55 56 57 58 59 60 61 62 63 68 70 72 74 75 76 77 78 79 81 83 86 87 88 89 90 91 96 97 98 99 100 102 104 105 107 109 110 112 113 114 119 120 121 122 123 124 125 126 127 128 130 131 134 135 136 138 139 141 142 143 144 145 146 147 148 149 150 151 152 153 154 12010580783005907957
3 1 60 106 8 11 12 13 14 15 17 19 20 22 23 24 25 26 27 28 29 30 32 33 35 37 40 41 42 43 44 46 47 48 49 50 51 52 53 54 55 56 57 58 59 60 61 62 63 68 70 72 74 75 76 77 78 79 81 83 86 87 88 89 90 91 96 97 98 99 100 102 104 105 107 109 110 112 113 114 119 120 121 122 123 124 125 126 127 128 130 131 134 135 136 138 139 142 143 144 145 146 147 148 149 150 151 152 153 154 10603701675960409140
12 3 127 4 63 106 8 11 12 13 14 15 17 19 20 22 23 24 25 26 27 28 29 30 32 33 35 37 40 41 42 43 44 46 47 48 49 50 51 52 53 54 55 56 57 58 59 60 61 62 63 68 70 72 74 75 76 77 78 79 81 83 86 87 88 89 90 91 96 97 98 99 100 102 104 105 107 109 110 112 113 114 119 120 121 122 123 124 125 126 127 128 130 131 134 135 136 138 139 142 143 144 145 146 147 148 149 150 151 152 153 154 12749275277951629600
1 5 3 155 60 42 44 107 8 11 12 13 14 15 17 19 20 22 23 24 25 26 27 28 29 30 32 33 35 37 40 41 42 43 44 46 47 48 49 50 51 52 53 54 55 56 57 58 59 60 61 62 63 68 70 72 74 75 76 77 78 79 81 83 86 87 88 89 90 91 96 97 98 99 100 102 104 105 107 109 110 112 113 114 119 120 121 122 123 124 125 126 127 128 130 131 134 135 136 138 139 142 143 144 145 146 147 148 149 150 151 152 153 154 155 10182818251361216122
3 1 29 106 8 11 12 13 14 15 17 19 20 22 23 24 25 26 27 28 29 30 32 33 35 37 40 41 42 43 44 46 47 48 49 50 51 52 53 54 55 56 57 58 59 60 61 62 63 68 70 72 74 75 76 77 78 79 81 83 86 87 88 89 90 91 96 97 98 99 100 102 104 105 107 109 110 112 113 114 119 120 121 122 123 124 125 126 127 128 130 131 134 135 136 138 139 142 143 144 145 146 147 148 149 150 151 153 154 155 12517510193500291206
3 1 31 106 8 11 12 13 14 15 17 19 20 22 23 24 25 26 27 28 29 30 32 33 35 37 40 41 42 43 44 46 47 48 49 50 51 52 53 54 55 56 57 58 59 60 61 62 63 68 70 72 74 75 76 77 78 79 81 83 86 87 88 89 90 91 96 97 98 99 100 102 104 105 107 109 110 112 113 114 119 120 121 122 123 124 125 126 127 128 130 131 134 135 136 138 139 142 143 144 145 146 147 148 149 150 151 153 154 155 12517510193500291206
12 3 142 3 122 106 8 11 12 13 14 15 17 19 20 22 23 24 25 26 27 28 29 30 32 33 35 37 40 41 42 43 44 46 47 48 49 50 51 52 53 54 55 56 57 58 59 60 61 62 63 68 70 72 74 75 76 77 78 79 81 83 86 87 88 89 90 91 96 97 98 99 100 102 104 105 107 109 110 112 113 114 119 120 121 122 123 124 125 126 127 128 130 131 134 135 136 138 139 142 143 144 145 146 147 148 149 150 151 153 154 155 9946487190232728446
14 1 33 106 8 11 12 13 14 15 17 19 20 22 23 24 25 26 27 28 29 30 32 33 35 37 40 41 42 43 44 46 47 48 49 50 51 52 53 54 55 56 57 58 59 60 61 62 63 68 70 72 74 75 76 77 78 79 81 83 86 87 88 89 90 91 96 97 98 99 100 102 104 105 107 109 110 112 113 114 119 120 121 122 123 124 125 126 127 128 130 131 134 135 136 138 139 142 143 144 145 146 147 148 149 150 151 153 154 155 9946487190232728446
12 3 150 0 70 106 8 11 12 13 14 15 17 19 20 22 23 24 25 26 27 28 29 30 32 33 35 37 40 41 42 43 44 46 47 48 49 50 51 52 53 54 55 56 57 58 59 60 61 62 63 68 70 72 74 75 76 77 78 79 81 83 86 87 88 89 90 91 96 97 98 99 100 102 104 105 107 109 110 112 113 114 119 120 121 122 123 124 125 126 127 128 130 131 134 135 136 138 139 142 143 144 145 146 147 148 149 150 151 153 154 155 15825615998660743474
13 2 77 14 106 8 11 12 13 14 15 17 19 20 22 23 24 25 26 27 28 29 30 32 33 35 37 40 41 42 43 44 46 47 48 49 50 51 52 53 54 55 56 57 58 59 60 61 62 63 68 70 72 74 75 76 77 78 79 81 83 86 87 88 89 90 91 96 97 98 99 100 102 104 105 107 109 110 112 113 114 119 120 121 122 123 124 125 126 127 128 130 131 134 135 136 138 139 142 143 144 145 146 147 148 149 150 151 153 154 155 1546522017136871837
1 3 1 156 31 107 8 11 12 13 14 15 17 19 20 22 23 24 25 26 27 28 29 30 32 33 35 37 40 41 42 43 44 46 47 48 49 50 51 52 53 54 55 56 57 58 59 60 61 62 63 68 70 72 74 75 76 77 78 79 81 83 86 87 88 89 90 91 96 97 98 99 100 102 104 105 107 109 110 112 113 114 119 120 121 122 123 124 125 126 127 128 130 131 134 135 136 138 139 142 143 144 145 146 147 148 149 150 151 153 154 155 156 13062376942274666760
1 6 2 157 29 125 135 155 108 8 11 12 13 14 15 17 19 20 22 23 24 25 26 27 28 29 30 32 33 35 37 40 41 42 43 44 46 47 48 49 50 51 52 53 54 55 56 57 58 59 60 61 62 63 68 70 72 74 75 76 77 78 79 81 83 86 87 88 89 90 91 96 97 98 99 100 102 104 105 107 109 110 112 113 114 119 120 121 122 123 124 125 126 127 128 130 131 134 135 136 138 139 142 143 144 145 146 147 148 149 150 151 153 154 155 156 157 3599505710008843586
4 1 16 108 8 11 12 13 14 15 17 19 20 22 23 24 25 26 27 28 29 30 32 33 35 37 40 41 42 43 44 46 47 48 49 50 51 52 53 54 55 56 57 58 59 60 61 62 63 68 70 72 74 75 76 77 78 79 81 83 86 87 88 89 90 91 96 97 98 99 100 102 104 105 107 109 110 112 113 114 119 120 121 122 123 124 125 126 127 128 130 131 134 135 136 138 139 142 143 144 145 146 147 148 149 150 151 153 154 155 156 157 3599505710008843586
8 1 23 108 8 11 12 13 14 15 17 19 20 22 23 24 25 26 27 28 29 30 32 33 35 37 40 41 42 43 44 46 47 48 49 50 51 52 53 54 55 56 57 58 59 60 61 62 63 68 70 72 74 75 76 77 78 79 81 83 86 87 88 89 90 91 96 97 98 99 100 102 104 105 107 109 110 112 113 114 119 120 121 122 123 124 125 126 127 128 130 131 134 135 136 138 139 142 143 144 145 146 147 148 149 150 151 153 154 155 156 157 3599505710008843586
3 1 13 108 8 11 12 13 14 15 17 19 20 22 23 24 25 26 27 28 29 30 32 33 35 37 40 41 42 43 44 46 47 48 49 50 51 52 53 54 55 56 57 58 59 60 61 62 63 68 70 72 74 75 76 77 78 79 81 83 86 87 88 89 90 91 96 97 98 99 100 102 104 105 107 109 110 112 113 114 119 120 121 122 123 124 125 126 127 128 130 131 134 135 136 138 139 142 143 144 145 146 147 148 149 150 151 153 154 155 156 157 3599505710008843586
8 1 156 108 8 11 12 13 14 15 17 19 20 22 23 24 25 26 27 28 29 30 32 33 35 37 40 41 42 43 44 46 47 48 49 50 51 52 53 54 55 56 57 58 59 60 61 62 63 68 70 72 74 75 76 77 78 79 81 83 86 87 88 89 90 91 96 97 98 99 100 102 104 105 107 109 110 112 113 114 119 120 121 122 123 124 125 126 127 128 130 131 134 135 136 138 139 142 143 144 145 146 147 148 149 150 151 153 154 155 156 157 3599505710008843586
13 2 15 131 108 8 11 12 13 14 15 17 19 20 22 23 24 25 26 27 28 29 30 32 33 35 37 40 41 42 43 44 46 47 48 49 50 51 52 53 54 55 56 57 58 59 60 61 62 63 68 70 72 74 75 76 77 78 79 81 83 86 87 88 89 90 91 96 97 98 99 100 102 104 105 107 109 110 112 113 114 119 120 121 122 123 124 125 126 127 128 130 131 134 135 136 138 139 142 143 144 145 146 147 148 149 150 151 153 154 155 156 157 8193507111756242218
6 2 15 27 108 8 11 12 13 14 15 17 19 20 22 23 24 25 26 27 28 29 30 32 33 35 37 40 41 42 43 44 46 47 48 49 50 51 52 53 54 55 56 57 58 59 60 61 62 63 68 70 72 74 75 76 77 78 79 81 83 86 87 88 89 90 91 96 97 98 99 100 102 104 105 107 109 110 112 113 114 119 120 121 122 123 124 125 126 127 128 130 131 134 135 136 138 139 142 143 144 145 146 147 148 149 150 151 153 154 155 156 157 8193507111756242218
5 2 3 50 108 8 11 12 13 14 15 17 19 20 22 23 24 25 26 27 28 29 30 32 33 35 37 40 41 42 43 44 46 47 48 49 50 51 52 53 54 55 56 57 58 59 60 61 62 63 68 70 72 74 75 76 77 78 79 81 83 86 87 88 89 90 91 96 97 98 99 100 102 104 105 107 109 110 112 113 114 119 120 121 122 123 124 125 126 127 128 130 131 134 135 136 138 139 142 143 144 145 146 147 148 149 150 151 153 154 155 156 157 8193507111756242218
2 2 22 13 108 8 11 12 13 14 15 17 19 20 22 23 24 25 26 27 28 29 30 32 33 35 37 40 41 42 43 44 46 47 48 49 50 51 52 53 54 55 56 57 58 59 60 61 62 63 68 70 72 74 75 76 77 78 79 81 83 86 87 88 89 90 91 96 97 98 99 100 102 104 105 107 109 110 112 113 114 119 120 121 122 123 124 125 126 127 128 130 131 134 135 136 138 139 142 143 144 145 146 147 148 149 150 151 153 154 155 156 157 8193507111756242218
10 0 108 8 11 12 13 14 15 17 19 20 22 23 24 25 26 27 28 29 30 32 33 35 37 40 41 42 43 44 46 47 48 49 50 51 52 53 54 55 56 57 58 59 60 61 62 63 68 70 72 74 75 76 77 78 79 81 83 86 87 88 89 90 91 96 97 98 99 100 102 104 105 107 109 110 112 113 114 119 120 121 122 123 124 125 126 127 128 130 131 134 135 136 138 139 142 143 144 145 146 147 148 149 150 151 153 154 155 156 157 8193507111756242218
9 1 44 108 8 11 12 13 14 15 17 19 20 22 23 24 25 26 27 28 29 30 32 33 35 37 40 41 42 43 44 46 47 48 49 50 51 52 53 54 55 56 57 58 59 60 61 62 63 68 70 72 74 75 76 77 78 79 81 83 86 87 88 89 90 91 96 97 98 99 100 102 104 105 107 109 110 112 113 114 119 120 121 122 123 124 125 126 127 128 130 131 134 135 136 138 139 142 143 144 145 146 147 148 149 150 151 153 154 155 156 157 8193507111756242218
11 0 108 8 11 12 13 14 15 17 19 20 22 23 24 25 26 27 28 29 30 32 33 35 37 40 41 42 43 44 46 47 48 49 50 51 52 53 54 55 56 57 58 59 60 61 62 63 68 70 72 74 75 76 77 78 79 81 83 86 87 88 89 90 91 96 97 98 99 100 102 104 105 107 109 110 112 113 114 119 120 121 122 123 124 125 126 127 128 130 131 134 135 136 138 139 142 143 144 145 146 147 148 149 150 151 153 154 155 156 157 8193507111756242218
12 3 59 0 27 108 8 11 12 13 14 15 17 19 20 22 23 24 25 26 27 28 29 30 32 33 35 37 40 41 42 43 44 46 47 48 49 50 51 52 53 54 55 56 57 58 59 60 61 62 63 68 70 72 74 75 76 77 78 79 81 83 86 87 88 89 90 91 96 97 98 99 100 102 104 105 107 109 110 112 113 114 119 120 121 122 123 124 125 126 127 128 130 131 134 135 136 138 139 142 143 144 145 146 147 148 149 150 151 153 154 155 156 157 11012614531906961398
2 2 43 44 108 8 11 12 13 14 15 17 19 20 22 23 24 25 26 27 28 29 30 32 33 35 37 40 41 42 43 44 46 47 48 49 50 51 52 53 54 55 56 57 58 59 60 61 62 63 68 70 72 74 75 76 77 78 79 81 83 86 87 88 89 90 91 96 97 98 99 100 102 104 105 107 109 110 112 113 114 119 120 121 122 123 124 125 126 127 128 130 131 134 135 136 138 139 142 143 144 145 146 147 148 149 150 151 153 154 155 156 157 11012614531906961398
3 1 1 108 8 11 12 13 14 15 17 19 20 22 23 24 25 26 27 28 29 30 32 33 35 37 40 41 42 43 44 46 47 48 49 50 51 52 53 54 55 56 57 58 59 60 61 62 63 68 70 72 74 75 76 77 78 79 81 83 86 87 88 89 90 91 96 97 98 99 100 102 104 105 107 109 110 112 113 114 119 120 121 122 123 124 125 126 127 128 130 131 134 135 136 138 139 142 143 144 145 146 147 148 149 150 151 153 154 155 156 157 11012614531906961398
13 2 70 131 108 8 11 12 13 14 15 17 19 20 22 23 24 25 26 27 28 29 30 32 33 35 37 40 41 42 43 44 46 47 48 49 50 51 52 53 54 55 56 57 58 59 60 61 62 63 68 70 72 74 75 76 77 78 79 81 83 86 87 88 89 90 91 96 97 98 99 100 102 104 105 107 109 110 112 113 114 119 120 121 122 123 124 125 126 127 128 130 131 134 135 136 138 139 142 143 144 145 146 147 148 149 150 151 153 154 155 156 157 4678365607059910568
1 4 3 158 27 52 109 8 11 12 13 14 15 17 19 20 22 23 24 25 26 27 28 29 30 32 33 35 37 40 41 42 43 44 46 47 48 49 50 51 52 53 54 55 56 57 58 59 60 61 62 63 68 70 72 74 75 76 77 78 79 81 83 86 87 88 89 90 91 96 97 98 99 100 102 104 105 107 109 110 112 113 114 119 120 121 122 123 124 125 126 127 128 130 131 134 135 136 138 139 142 143 144 145 146 147 148 149 150 151 153 154 155 156 157 158 14114193200541002598
4 1 2 109 8 11 12 13 14 15 17 19 20 22 23 24 25 26 27 28 29 30 32 33 35 37 40 41 42 43 44 46 47 48 49 50 51 52 53 54 55 56 57 58 59 60 61 62 63 68 70 72 74 75 76 77 78 79 81 83 86 87 88 89 90 91 96 97 98 99 100 102 104 105 107 109 110 112 113 114 119 120 121 122 123 124 125 126 127 128 130 131 134 135 136 138 139 142 143 144 145 146 147 148 149 150 151 153 154 155 156 157 158 14114193200541002598
9 1 36 109 8 11 12 13 14 15 17 19 20 22 23 24 25 26 27 28 29 30 32 33 35 37 40 41 42 43 44 46 47 48 49 50 51 52 53 54 55 56 57 58 59 60 61 62 63 68 70 72 74 75 76 77 78 79 81 83 86 87 88 89 90 91 96 97 98 99 100 102 104 105 107 109 110 112 113 114 119 120 121 122 123 124 125 126 127 128 130 131 134 135 136 138 139 142 143 144 145 146 147 148 149 150 151 153 154 155 156 157 158 14114193200541002598
1 3 1 159 1 110 8 11 12 13 14 15 17 19 20 22 23 24 25 26 27 28 29 30 32 33 35 37 40 41 42 43 44 46 47 48 49 50 51 52 53 54 55 56 57 58 59 60 61 62 63 68 70 72 74 75 76 77 78 79 81 83 86 87 88 89 90 91 96 97 98 99 100 102 104 105 107 109 110 112 113 114 119 120 121 122 123 124 125 126 127 128 130 131 134 135 136 138 139 142 143 144 145 146 147 148 149 150 151 153 154 155 156 157 158 159 1117218316085660743
8 1 99 110 8 11 12 13 14 15 17 19 20 22 23 24 25 26 27 28 29 30 32 33 35 37 40 41 42 43 44 46 47 48 49 50 51 52 53 54 55 56 57 58 59 60 61 62 63 68 70 72 74 75 76 77 78 79 81 83 86 87 88 89 90 91 96 97 98 99 100 102 104 105 107 109 110 112 113 114 119 120 121 122 123 124 125 126 127 128 130 131 134 135 136 138 139 142 143 144 145 146 147 148 149 150 151 153 154 155 156 157 158 159 1117218316085660743
9 1 37 110 8 11 12 13 14 15 17 19 20 22 23 24 25 26 27 28 29 30 32 33 35 37 40 41 42 43 44 46 47 48 49 50 51 52 53 54 55 56 57 58 59 60 61 62 63 68 70 72 74 75 76 77 78 79 81 83 86 87 88 89 90 91 96 97 98 99 100 102 104 105 107 109 110 112 113 114 119 120 121 122 123 124 125 126 127 128 130 131 134 135 136 138 139 142 143 144 145 146 147 148 149 150 151 153 154 155 156 157 158 159 1117218316085660743
1 19 3 160 36 131 44 50 131 128 134 86 52 96 72 113 11 153 112 138 124 111 8 11 12 13 14 15 17 19 20 22 23 24 25 26 27 28 29 30 32 33 35 37 40 41 42 43 44 46 47 48 49 50 51 52 53 54 55 56 57 58 59 60 61 62 63 68 70 72 74 75 76 77 78 79 81 83 86 87 88 89 90 91 96 97 98 99 100 102 104 105 107 109 110 112 113 114 119 120 121 122 123 124 125 126 127 128 130 131 134 135 136 138 139 142 143 144 145 146 147 148 149 150 151 153 154 155 156 157 158 159 160 14147247600088519469
5 2 0 40 111 8 11 12 13 14 15 17 19 20 22 23 24 25 26 27 28 29 30 32 33 35 37 40 41 42 43 44 46 47 48 49 50 51 52 53 54 55 56 57 58 59 60 61 62 63 68 70 72 74 75 76 77 78 79 81 83 86 87 88 89 90 91 96 97 98 99 100 102 104 105 107 109 110 112 113 114 119 120 121 122 123 124 125 126 127 128 130 131 134 135 136 138 139 142 143 144 145 146 147 148 149 150 151 153 154 155 156 157 158 159 160 14147247600088519469
8 1 62 111 8 11 12 13 14 15 17 19 20 22 23 24 25 26 27 28 29 30 32 33 35 37 40 41 42 43 44 46 47 48 49 50 51 52 53 54 55 56 57 58 59 60 61 62 63 68 70 72 74 75 76 77 78 79 81 83 86 87 88 89 90 91 96 97 98 99 100 102 104 105 107 109 110 112 113 114 119 120 121 122 123 124 125 126 127 128 130 131 134 135 136 138 139 142 143 144 145 146 147 148 149 150 151 153 154 155 156 157 158 159 160 14147247600088519469
5 2 0 142 111 8 11 12 13 14 15 17 19 20 22 23 24 25 26 27 28 29 30 32 33 35 37 40 41 42 43 44 46 47 48 49 50 51 52 53 54 55 56 57 58 59 60 61 62 63 68 70 72 74 75 76 77 78 79 81 83 86 87 88 89 90 91 96 97 98 99 100 102 104 105 107 109 110 112 113 114 119 120 121 122 123 124 125 126 127 128 130 131 134 135 136 138 139 142 143 144 145 146 147 148 149 150 151 153 154 155 156 157 158 159 160 14147247600088519469
3 1 16 110 8 11 12 13 14 15 17 19 20 22 23 24 25 26 27 28 29 30 32 33 35 37 40 41 42 43 44 46 47 48 49 50 51 52 53 54 55 56 57 58 59 60 61 62 63 68 70 72 74 75 76 77 78 79 81 83 86 87 88 89 90 91 96 97 98 99 100 102 104 105 107 109 110 112 113 114 119 120 121 122 123 124 125 126 127 128 130 131 134 135 136 138 139 142 143 144 145 146 147 148 150 151 153 154 155 156 157 158 159 160 4941621509080771328
14 1 2 110 8 11 12 13 14 15 17 19 20 22 23 24 25 26 27 28 29 30 32 33 35 37 40 41 42 43 44 46 47 48 49 50 51 52 53 54 55 56 57 58 59 60 61 62 63 68 70 72 74 75 76 77 78 79 81 83 86 87 88 89 90 91 96 97 98 99 100 102 104 105 107 109 110 112 113 114 119 120 121 122 123 124 125 126 127 128 130 131 134 135 136 138 139 142 143 144 145 146 147 148 150 151 153 154 155 156 157 158 159 160 4941621509080771328
1 11 2 161 37 121 11 68 90 47 159 119 8 111 8 11 12 13 14 15 17 19 20 22 23 24 25 26 27 28 29 30 32 33 35 37 40 41 42 43 44 46 47 48 49 50 51 52 53 54 55 56 57 58 59 60 61 62 63 68 70 72 74 75 76 77 78 79 81 83 86 87 88 89 90 91 96 97 98 99 100 102 104 105 107 109 110 112 113 114 119 120 121 122 123 124 125 126 127 128 130 131 134 135 136 138 139 142 143 144 145 146 147 148 150 151 153 154 155 156 157 158 159 160 161 8070400583935947843
1 6 2 162 16 135 56 139 112 8 11 12 13 14 15 17 19 20 22 23 24 25 26 27 28 29 30 32 33 35 37 40 41 42 43 44 46 47 48 49 50 51 52 53 54 55 56 57 58 59 60 61 62 63 68 70 72 74 75 76 77 78 79 81 83 86 87 88 89 90 91 96 97 98 99 100 102 104 105 107 109 110 112 113 114 119 120 121 122 123 124 125 126 127 128 130 131 134 135 136 138 139 142 143 144 145 146 147 148 150 151 153 154 155 156 157 158 159 160 161 162 7772042112488995402
14 1 0 112 8 11 12 13 14 15 17 19 20 22 23 24 25 26 27 28 29 30 32 33 35 37 40 41 42 43 44 46 47 48 49 50 51 52 53 54 55 56 57 58 59 60 61 62 63 68 70 72 74 75 76 77 78 79 81 83 86 87 88 89 90 91 96 97 98 99 100 102 104 105 107 109 110 112 113 114 119 120 121 122 123 124 125 126 127 128 130 131 134 135 136 138 139 142 143 144 145 146 147 148 150 151 153 154 155 156 157 158 159 160 161 162 7772042112488995402
4 1 9 112 8 11 12 13 14 15 17 19 20 22 23 24 25 26 27 28 29 30 32 33 35 37 40 41 42 43 44 46 47 48 49 50 51 52 53 54 55 56 57 58 59 60 61 62 63 68 70 72 74 75 76 77 78 79 81 83 86 87 88 89 90 91 96 97 98 99 100 102 104 105 107 109 110 112 113 114 119 120 121 122 123 124 125 126 127 128 130 131 134 135 136 138 139 142 143 144 145 146 147 148 150 151 153 154 155 156 157 158 159 160 161 162 7772042112488995402
14 1 18446744073709551615 112 8 11 12 13 14 15 17 19 20 22 23 24 25 26 27 28 29 30 32 33 35 37 40 41 42 43 44 46 47 48 49 50 51 52 53 54 55 56 57 58 59 60 61 62 63 68 70 72 74 75 76 77 78 79 81 83 86 87 88 89 90 91 96 97 98 99 100 102 104 105 107 109 110 112 113 114 119 120 121 122 123 124 125 126 127 128 130 131 134 135 136 138 139 142 143 144 145 146 147 148 150 151 153 154 155 156 157 158 159 160 161 162 7772042112488995402
12 3 25 1 29 112 8 11 12 13 14 15 17 19 20 22 23 24 25 26 27 28 29 30 32 33 35 37 40 41 42 43 44 46 47 48 49 50 51 52 53 54 55 56 57 58 59 60 61 62 63 68 70 72 74 75 76 77 78 79 81 83 86 87 88 89 90 91 96 97 98 99 100 102 104 105 107 109 110 112 113 114 119 120 121 122 123 124 125 126 127 128 130 131 134 135 136 138 139 142 143 144 145 146 147 148 150 151 153 154 155 156 157 158 159 160 161 162 7892894138706656296
5 2 3 30 112 8 11 12 13 14 15 17 19 20 22 23 24 25 26 27 28 29 30 32 33 35 37 40 41 42 43 44 46 47 48 49 50 51 52 53 54 55 56 57 58 59 60 61 62 63 68 70 72 74 75 76 77 78 79 81 83 86 87 88 89 90 91 96 97 98 99 100 102 104 105 107 109 110 112 113 114 119 120 121 122 123 124 125 126 127 128 130 131 134 135 136 138 139 142 143 144 145 146 147 148 150 151 153 154 155 156 157 158 159 160 161 162 7892894138706656296
5 2 2 61 112 8 11 12 13 14 15 17 19 20 22 23 24 25 26 27 28 29 30 32 33 35 37 40 41 42 43 44 46 47 48 49 50 51 52 53 54 55 56 57 58 59 60 61 62 63 68 70 72 74 75 76 77 78 79 81 83 86 87 88 89 90 91 96 97 98 99 100 102 104 105 107 109 110 112 113 114 119 120 121 122 123 124 125 126 127 128 130 131 134 135 136 138 139 142 143 144 145 146 147 148 150 151 153 154 155 156 157 158 159 160 161 162 7892894138706656296
3 1 10 112 8 11 12 13 14 15 17 19 20 22 23 24 25 26 27 28 29 30 32 33 35 37 40 41 42 43 44 46 47 48 49 50 51 52 53 54 55 56 57 58 59 60 61 62 63 68 70 72 74 75 76 77 78 79 81 83 86 87 88 89 90 91 96 97 98 99 100 102 104 105 107 109 110 112 113 114 119 120 121 122 123 124 125 126 127 128 130 131 134 135 136 138 139 142 143 144 145 146 147 148 150 151 153 154 155 156 157 158 159 160 161 162 7892894138706656296
8 1 105 112 8 11 12 13 14 15 17 19 20 22 23 24 25 26 27 28 29 30 32 33 35 37 40 41 42 43 44 46 47 48 49 50 51 52 53 54 55 56 57 58 59 60 61 62 63 68 70 72 74 75 76 77 78 79 81 83 86 87 88 89 90 91 96 97 98 99 100 102 104 105 107 109 110 112 113 114 119 120 121 122 123 124 125 126 127 128 130 131 134 135 136 138 139 142 143 144 145 146 147 148 150 151 153 154 155 156 157 158 159 160 161 162 7892894138706656296
4 1 8 112 8 11 12 13 14 15 17 19 20 22 23 24 25 26 27 28 29 30 32 33 35 37 40 41 42 43 44 46 47 48 49 50 51 52 53 54 55 56 57 58 59 60 61 62 63 68 70 72 74 75 76 77 78 79 81 83 86 87 88 89 90 91 96 97 98 99 100 102 104 105 107 109 110 112 113 114 119 120 121 122 123 124 125 126 127 128 130 131 134 135 136 138 139 142 143 144 145 146 147 148 150 151 153 154 155 156 157 158 159 160 161 162 7892894138706656296
1 11 2 163 10 43 89 150 62 102 148 86 124 113 8 11 12 13 14 15 17 19 20 22 23 24 25 26 27 28 29 30 32 33 35 37 40 41 42 43 44 46 47 48 49 50 51 52 53 54 55 56 57 58 59 60 61 62 63 68 70 72 74 75 76 77 78 79 81 83 86 87 88 89 90 91 96 97 98 99 100 102 104 105 107 109 110 112 113 114 119 120 121 122 123 124 125 126 127 128 130 131 134 135 136 138 139 142 143 144 145 146 147 148 150 151 153 154 155 156 157 158 159 160 161 162 163 17777106305176984808
14 1 1 113 8 11 12 13 14 15 17 19 20 22 23 24 25 26 27 28 29 30 32 33 35 37 40 41 42 43 44 46 47 48 49 50 51 52 53 54 55 56 57 58 59 60 61 62 63 68 70 72 74 75 76 77 78 79 81 83 86 87 88 89 90 91 96 97 98 99 100 102 104 105 107 109 110 112 113 114 119 120 121 122 123 124 125 126 127 128 130 131 134 135 136 138 139 142 143 144 145 146 147 148 150 151 153 154 155 156 157 158 159 160 161 162 163 17777106305176984808
3 1 23 113 8 11 12 13 14 15 17 19 20 22 23 24 25 26 27 28 29 30 32 33 35 37 40 41 42 43 44 46 47 48 49 50 51 52 53 54 55 56 57 58 59 60 61 62 63 68 70 72 74 75 76 77 78 79 81 83 86 87 88 89 90 91 96 97 98 99 100 102 104 105 107 109 110 112 113 114 119 120 121 122 123 124 125 126 127 128 130 131 134 135 136 138 139 142 143 144 145 146 147 148 150 151 153 154 155 156 157 158 159 160 161 162 163 17777106305176984808
1 3 3 164 23 114 8 11 12 13 14 15 17 19 20 22 23 24 25 26 27 28 29 30 32 33 35 37 40 41 42 43 44 46 47 48 49 50 51 52 53 54 55 56 57 58 59 60 61 62 63 68 70 72 74 75 76 77 78 79 81 83 86 87 88 89 90 91 96 97 98 99 100 102 104 105 107 109 110 112 113 114 119 120 121 122 123 124 125 126 127 128 130 131 134 135 136 138 139 142 143 144 145 146 147 148 150 151 153 154 155 156 157 158 159 160 161 162 163 164 8232699238474561599
3 1 22 114 8 11 12 13 14 15 17 19 20 22 23 24 25 26 27 28 29 30 32 33 35 37 40 41 42 43 44 46 47 48 49 50 51 52 53 54 55 56 57 58 59 60 61 62 63 68 70 72 74 75 76 77 78 79 81 83 86 87 88 89 90 91 96 97 98 99 100 102 104 105 107 109 110 112 113 114 119 120 121 122 123 124 125 126 127 128 130 131 134 135 136 138 139 142 143 144 145 146 147 148 150 151 153 154 155 156 157 158 159 160 161 162 163 164 8232699238474561599
1 5 3 165 22 130 53 115 8 11 12 13 14 15 17 19 20 22 23 24 25 26 27 28 29 30 32 33 35 37 40 41 42 43 44 46 47 48 49 50 51 52 53 54 55 56 57 58 59 60 61 62 63 68 70 72 74 75 76 77 78 79 81 83 86 87 88 89 90 91 96 97 98 99 100 102 104 105 107 109 110 112 113 114 119 120 121 122 123 124 125 126 127 128 130 131 134 135 136 138 139 142 143 144 145 146 147 148 150 151 153 154 155 156 157 158 159 160 161 162 163 164 165 11393801282687356550
3 1 5 115 8 11 12 13 14 15 17 19 20 22 23 24 25 26 27 28 29 30 32 33 35 37 40 41 42 43 44 46 47 48 49 50 51 52 53 54 55 56 57 58 59 60 61 62 63 68 70 72 74 75 76 77 78 79 81 83 86 87 88 89 90 91 96 97 98 99 100 102 104 105 107 109 110 112 113 114 119 120 121 122 123 124 125 126 127 128 130 131 134 135 136 138 139 142 143 144 145 146 147 148 150 151 153 154 155 156 157 158 159 160 161 162 163 164 165 11393801282687356550
3 1 40 115 8 11 12 13 14 15 17 19 20 22 23 24 25 26 27 28 29 30 32 33 35 37 40 41 42 43 44 46 47 48 49 50 51 52 53 54 55 56 57 58 59 60 61 62 63 68 70 72 74 75 76 77 78 79 81 83 86 87 88 89 90 91 96 97 98 99 100 102 104 105 107 109 110 112 113 114 119 120 121 122 123 124 125 126 127 128 130 131 134 135 136 138 139 142 143 144 145 146 147 148 150 151 153 154 155 156 157 158 159 160 161 162 163 164 165 11393801282687356550
4 1 2 115 8 11 12 13 14 15 17 19 20 22 23 24 25 26 27 28 29 30 32 33 35 37 40 41 42 43 44 46 47 48 49 50 51 52 53 54 55 56 57 58 59 60 61 62 63 68 70 72 74 75 76 77 78 79 81 83 86 87 88 89 90 91 96 97 98 99 100 102 104 105 107 109 110 112 113 114 119 120 121 122 123 124 125 126 127 128 130 131 134 135 136 138 139 142 143 144 145 146 147 148 150 151 153 154 155 156 157 158 159 160 161 162 163 164 165 11393801282687356550
8 1 157 115 8 11 12 13 14 15 17 19 20 22 23 24 25 26 27 28 29 30 32 33 35 37 40 41 42 43 44 46 47 48 49 50 51 52 53 54 55 56 57 58 59 60 61 62 63 68 70 72 74 75 76 77 78 79 81 83 86 87 88 89 90 91 96 97 98 99 100 102 104 105 107 109 110 112 113 114 119 120 121 122 123 124 125 126 127 128 130 131 134 135 136 138 139 142 143 144 145 146 147 148 150 151 153 154 155 156 157 158 159 160 161 162 163 164 165 11393801282687356550
13 2 165 0 115 8 11 12 13 14 15 17 19 20 22 23 24 25 26 27 28 29 30 32 33 35 37 40 41 42 43 44 46 47 48 49 50 51 52 53 54 55 56 57 58 59 60 61 62 63 68 70 72 74 75 76 77 78 79 81 83 86 87 88 89 90 91 96 97 98 99 100 102 104 105 107 109 110 112 113 114 119 120 121 122 123 124 125 126 127 128 130 131 134 135 136 138 139 142 143 144 145 146 147 148 150 151 153 154 155 156 157 158 159 160 161 162 163 164 165 9173467732593415719
12 3 107 5 76 115 8 11 12 13 14 15 17 19 20 22 23 24 25 26 27 28 29 30 32 33 35 37 40 41 42 43 44 46 47 48 49 50 51 52 53 54 55 56 57 58 59 60 61 62 63 68 70 72 74 75 76 77 78 79 81 83 86 87 88 89 90 91 96 97 98 99 100 102 104 105 107 109 110 112 113 114 119 120 121 122 123 124 125 126 127 128 130 131 134 135 136 138 139 142 143 144 145 146 147 148 150 151 153 154 155 156 157 158 159 160 161 162 163 164 165 10828649362776010985
14 1 33 115 8 11 12 13 14 15 17 19 20 22 23 24 25 26 27 28 29 30 32 33 35 37 40 41 42 43 44 46 47 48 49 50 51 52 53 54 55 56 57 58 59 60 61 62 63 68 70 72 74 75 76 77 78 79 81 83 86 87 88 89 90 91 96 97 98 99 100 102 104 105 107 109 110 112 113 114 119 120 121 122 123 124 125 126 127 128 130 131 134 135 136 138 139 142 143 144 145 146 147 148 150 151 153 154 155 156 157 158 159 160 161 162 163 164 165 10828649362776010985
3 1 62 115 8 11 12 13 14 15 17 19 20 22 23 24 25 26 27 28 29 30 32 33 35 37 40 41 42 43 44 46 47 48 49 50 51 52 53 54 55 56 57 58 59 60 61 62 63 68 70 72 74 75 76 77 78 79 81 83 86 87 88 89 90 91 96 97 98 99 100 102 104 105 107 109 110 112 113 114 119 120 121 122 123 124 125 126 127 128 130 131 134 135 136 138 139 142 143 144 145 146 147 148 150 151 153 154 155 156 157 158 159 160 161 162 163 164 165 10828649362776010985
11 0 115 8 11 12 13 14 15 17 19 20 22 23 24 25 26 27 28 29 30 32 33 35 37 40 41 42 43 44 46 47 48 49 50 51 52 53 54 55 56 57 58 59 60 61 62 63 68 70 72 74 75 76 77 78 79 81 83 86 87 88 89 90 91 96 97 98 99 100 102 104 105 107 109 110 112 113 114 119 120 121 122 123 124 125 126 127 128 130 131 134 135 136 138 139 142 143 144 145 146 147 148 150 151 153 154 155 156 157 158 159 160 161 162 163 164 165 10828649362776010985
4 1 9 115 8 11 12 13 14 15 17 19 20 22 23 24 25 26 27 28 29 30 32 33 35 37 40 41 42 43 44 46 47 48 49 50 51 52 53 54 55 56 57 58 59 60 61 62 63 68 70 72 74 75 76 77 78 79 81 83 86 87 88 89 90 91 96 97 98 99 100 102 104 105 107 109 110 112 113 114 119 120 121 122 123 124 125 126 127 128 130 131 134 135 136 138 139 142 143 144 145 146 147 148 150 151 153 154 155 156 157 158 159 160 161 162 163 164 165 10828649362776010985
3 1 21 114 8 11 12 13 14 15 17 19 20 22 23 24 25 26 27 28 29 30 32 33 35 37 40 41 42 43 44 46 47 48 49 50 51 52 53 54 55 56 57 58 59 60 61 62 63 68 70 72 74 75 76 77 78 79 81 83 86 87 88 89 90 91 96 97 98 99 100 102 104 105 107 109 110 112 113 114 119 120 121 122 124 125 126 127 128 130 131 134 135 136 138 139 142 143 144 145 146 147 148 150 151 153 154 155 156 157 158 159 160 161 162 163 164 165 6056609664070331926
3 1 3 114 8 11 12 13 14 15 17 19 20 22 23 24 25 26 27 28 29 30 32 33 35 37 40 41 42 43 44 46 47 48 49 50 51 52 53 54 55 56 57 58 59 60 61 62 63 68 70 72 74 75 76 77 78 79 81 83 86 87 88 89 90 91 96 97 98 99 100 102 104 105 107 109 110 112 113 114 119 120 121 122 124 125 126 127 128 130 131 134 135 136 138 139 142 143 144 145 146 147 148 150 151 153 154 155 156 157 158 159 160 161 162 163 164 165 6056609664070331926
1 3 1 166 5 115 8 11 12 13 14 15 17 19 20 22 23 24 25 26 27 28 29 30 32 33 35 37 40 41 42 43 44 46 47 48 49 50 51 52 53 54 55 56 57 58 59 60 61 62 63 68 70 72 74 75 76 77 78 79 81 83 86 87 88 89 90 91 96 97 98 99 100 102 104 105 107 109 110 112 113 114 119 120 121 122 124 125 126 127 128 130 131 134 135 136 138 139 142 143 144 145 146 147 148 150 151 153 154 155 156 157 158 159 160 161 162 163 164 165 166 9415171773558265507
3 1 7 114 8 11 12 13 14 15 17 19 20 22 23 24 25 26 27 28 29 30 32 33 35 37 40 41 42 43 44 46 47 48 49 50 51 52 53 54 55 56 57 58 59 60 61 62 63 68 70 72 74 75 76 77 78 79 81 83 86 87 88 89 90 91 96 97 98 99 100 102 104 105 109 110 112 113 114 119 120 121 122 124 125 126 127 128 130 131 134 135 136 138 139 142 143 144 145 146 147 148 150 151 153 154 155 156 157 158 159 160 161 162 163 164 165 166 6695694752686939937
10 0 114 8 11 12 13 14 15 17 19 20 22 23 24 25 26 27 28 29 30 32 33 35 37 40 41 42 43 44 46 47 48 49 50 51 52 53 54 55 56 57 58 59 60 61 62 63 68 70 72 74 75 76 77 78 79 81 83 86 87 88 89 90 91 96 97 98 99 100 102 104 105 109 110 112 113 114 119 120 121 122 124 125 126 127 128 130 131 134 135 136 138 139 142 143 144 145 146 147 148 150 151 153 154 155 156 157 158 159 160 161 162 163 164 165 166 6695694752686939937
13 2 158 139 114 8 11 12 13 14 15 17 19 20 22 23 24 25 26 27 28 29 30 32 33 35 37 40 41 42 43 44 46 47 48 49 50 51 52 53 54 55 56 57 58 59 60 61 62 63 68 70 72 74 75 76 77 78 79 81 83 86 87 88 89 90 91 96 97 98 99 100 102 104 105 109 110 112 113 114 119 120 121 122 124 125 126 127 128 130 131 134 135 136 138 139 142 143 144 145 146 147 148 150 151 153 154 155 156 157 158 159 160 161 162 163 164 165 166 15758577009105791829
9 1 11 114 8 11 12 13 14 15 17 19 20 22 23 24 25 26 27 28 29 30 32 33 35 37 40 41 42 43 44 46 47 48 49 50 51 52 53 54 55 56 57 58 59 60 61 62 63 68 70 72 74 75 76 77 78 79 81 83 86 87 88 89 90 91 96 97 98 99 100 102 104 105 109 110 112 113 114 119 120 121 122 124 125 126 127 128 130 131 134 135 136 138 139 142 143 144 145 146 147 148 150 151 153 154 155 156 157 158 159 160 161 162 163 164 165 166 15758577009105791829
11 0 113 8 11 12 13 14 15 17 19 20 22 23 24 25 26 27 28 29 30 32 33 35 37 40 41 42 43 44 46 47 48 49 50 51 52 53 54 55 56 57 58 59 60 61 62 63 68 70 72 74 75 76 77 78 79 81 83 86 87 88 89 90 91 96 97 99 100 102 104 105 109 110 112 113 114 119 120 121 122 124 125 126 127 128 130 131 134 135 136 138 139 142 143 144 145 146 147 148 150 151 153 154 155 156 157 158 159 160 161 162 163 164 165 166 10535403968458013624
5 2 5 102 113 8 11 12 13 14 15 17 19 20 22 23 24 25 26 27 28 29 30 32 33 35 37 40 41 42 43 44 46 47 48 49 50 51 52 53 54 55 56 57 58 59 60 61 62 63 68 70 72 74 75 76 77 78 79 81 83 86 87 88 89 90 91 96 97 99 100 102 104 105 109 110 112 113 114 119 120 121 122 124 125 126 127 128 130 131 134 135 136 138 139 142 143 144 145 146 147 148 150 151 153 154 155 156 157 158 159 160 161 162 163 164 165 166 10535403968458013624
3 1 23 112 8 11 12 13 14 15 17 19 20 22 23 24 25 26 27 28 29 30 32 33 35 37 40 41 42 43 44 46 47 48 49 50 51 52 53 54 55 56 57 58 59 60 61 62 63 68 70 72 74 75 76 77 78 79 81 83 86 87 88 89 90 91 96 97 99 100 102 104 105 109 110 112 113 114 119 120 121 122 124 125 126 127 128 130 131 134 135 136 138 139 142 143 144 145 146 147 148 150 151 153 154 155 156 157 158 159 160 161 162 163 165 166 12244005891905619519
3 1 36 110 8 11 12 13 14 15 17 19 20 22 23 24 25 26 27 28 29 30 32 33 35 37 40 41 42 43 44 46 47 48 49 50 51 52 53 54 55 56 57 58 59 60 61 62 63 68 70 72 74 75 76 77 78 79 81 83 86 87 88 89 90 91 96 97 99 100 102 104 105 109 110 112 113 114 119 120 121 122 124 125 126 127 128 130 131 134 135 136 138 139 142 143 144 145 146 147 148 150 151 154 155 156 157 158 159 161 162 163 165 166 8821243187500578901
5 2 2 112 110 8 11 12 13 14 15 17 19 20 22 23 24 25 26 27 28 29 30 32 33 35 37 40 41 42 43 44 46 47 48 49 50 51 52 53 54 55 56 57 58 59 60 61 62 63 68 70 72 74 75 76 77 78 79 81 83 86 87 88 89 90 91 96 97 99 100 102 104 105 109 110 112 113 114 119 120 121 122 124 125 126 127 128 130 131 134 135 136 138 139 142 143 144 145 146 147 148 150 151 154 155 156 157 158 159 161 162 163 165 166 8821243187500578901
1 11 3 167 23 143 105 146 54 81 99 13 110 111 8 11 12 13 14 15 17 19 20 22 23 24 25 26 27 28 29 30 32 33 35 37 40 41 42 43 44 46 47 48 49 50 51 52 53 54 55 56 57 58 59 60 61 62 63 68 70 72 74 75 76 77 78 79 81 83 86 87 88 89 90 91 96 97 99 100 102 104 105 109 110 112 113 114 119 120 121 122 124 125 126 127 128 130 131 134 135 136 138 139 142 143 144 145 146 147 148 150 151 154 155 156 157 158 159 161 162 163 165 166 167 5531171544459613166
2 2 163 21 111 8 11 12 13 14 15 17 19 20 22 23 24 25 26 27 28 29 30 32 33 35 37 40 41 42 43 44 46 47 48 49 50 51 52 53 54 55 56 57 58 59 60 61 62 63 68 70 72 74 75 76 77 78 79 81 83 86 87 88 89 90 91 96 97 99 100 102 104 105 109 110 112 113 114 119 120 121 122 124 125 126 127 128 130 131 134 135 136 138 139 142 143 144 145 146 147 148 150 151 154 155 156 157 158 159 161 162 163 165 166 167 5531171544459613166
12 3 163 6 130 111 8 11 12 13 14 15 17 19 20 22 23 24 25 26 27 28 29 30 32 33 35 37 40 41 42 43 44 46 47 48 49 50 51 52 53 54 55 56 57 58 59 60 61 62 63 68 70 72 74 75 76 77 78 79 81 83 86 87 88 89 90 91 96 97 99 100 102 104 105 109 110 112 113 114 119 120 121 122 124 125 126 127 128 130 131 134 135 136 138 139 142 143 144 145 146 147 148 150 151 154 155 156 157 158 159 161 162 163 165 166 167 12629693665678298562
8 1 78 111 8 11 12 13 14 15 17 19 20 22 23 24 25 26 27 28 29 30 32 33 35 37 40 41 42 43 44 46 47 48 49 50 51 52 53 54 55 56 57 58 59 60 61 62 63 68 70 72 74 75 76 77 78 79 81 83 86 87 88 89 90 91 96 97 99 100 102 104 105 109 110 112 113 114 119 120 121 122 124 125 126 127 128 130 131 134 135 136 138 139 142 143 144 145 146 147 148 150 151 154 155 156 157 158 159 161 162 163 165 166 167 12629693665678298562
3 1 35 111 8 11 12 13 14 15 17 19 20 22 23 24 25 26 27 28 29 30 32 33 35 37 40 41 42 43 44 46 47 48 49 50 51 52 53 54 55 56 57 58 59 60 61 62 63 68 70 72 74 75 76 77 78 79 81 83 86 87 88 89 90 91 96 97 99 100 102 104 105 109 110 112 113 114 119 120 121 122 124 125 126 127 128 130 131 134 135 136 138 139 142 143 144 145 146 147 148 150 151 154 155 156 157 158 159 161 162 163 165 166 167 12629693665678298562
2 2 44 7 111 8 11 12 13 14 15 17 19 20 22 23 24 25 26 27 28 29 30 32 33 35 37 40 41 42 43 44 46 47 48 49 50 51 52 53 54 55 56 57 58 59 60 61 62 63 68 70 72 74 75 76 77 78 79 81 83 86 87 88 89 90 91 96 97 99 100 102 104 105 109 110 112 113 114 119 120 121 122 124 125 126 127 128 130 131 134 135 136 138 139 142 143 144 145 146 147 148 150 151 154 155 156 157 158 159 161 162 163 165 166 167 12629693665678298562
5 2 5 50 111 8 11 12 13 14 15 17 19 20 22 23 24 25 26 27 28 29 30 32 33 35 37 40 41 42 43 44 46 47 48 49 50 51 52 53 54 55 56 57 58 59 60 61 62 63 68 70 72 74 75 76 77 78 79 81 83 86 87 88 89 90 91 96 97 99 100 102 104 105 109 110 112 113 114 119 120 121 122 124 125 126 127 128 130 131 134 135 136 138 139 142 143 144 145 146 147 148 150 151 154 155 156 157 158 159 161 162 163 165 166 167 12629693665678298562
1 3 1 168 36 112 8 11 12 13 14 15 17 19 20 22 23 24 25 26 27 28 29 30 32 33 35 37 40 41 42 43 44 46 47 48 49 50 51 52 53 54 55 56 57 58 59 60 61 62 63 68 70 72 74 75 76 77 78 79 81 83 86 87 88 89 90 91 96 97 99 100 102 104 105 109 110 112 113 114 119 120 121 122 124 125 126 127 128 130 131 134 135 136 138 139 142 143 144 145 146 147 148 150 151 154 155 156 157 158 159 161 162 163 165 166 167 168 3799068701529834343
12 3 28 6 53 112 8 11 12 13 14 15 17 19 20 22 23 24 25 26 27 28 29 30 32 33 35 37 40 41 42 43 44 46 47 48 49 50 51 52 53 54 55 56 57 58 59 60 61 62 63 68 70 72 74 75 76 77 78 79 81 83 86 87 88 89 90 91 96 97 99 100 102 104 105 109 110 112 113 114 119 120 121 122 124 125 126 127 128 130 131 134 135 136 138 139 142 143 144 145 146 147 148 150 151 154 155 156 157 158 159 161 162 163 165 166 167 168 5934371643627193635
1 3 1 169 40 113 8 11 12 13 14 15 17 19 20 22 23 24 25 26 27 28 29 30 32 33 35 37 40 41 42 43 44 46 47 48 49 50 51 52 53 54 55 56 57 58 59 60 61 62 63 68 70 72 74 75 76 77 78 79 81 83 86 87 88 89 90 91 96 97 99 100 102 104 105 109 110 112 113 114 119 120 121 122 124 125 126 127 128 130 131 134 135 136 138 139 142 143 144 145 146 147 148 150 151 154 155 156 157 158 159 161 162 163 165 166 167 168 169 17164804780995960650
2 2 119 11 113 8 11 12 13 14 15 17 19 20 22 23 24 25 26 27 28 29 30 32 33 35 37 40 41 42 43 44 46 47 48 49 50 51 52 53 54 55 56 57 58 59 60 61 62 63 68 70 72 74 75 76 77 78 79 81 83 86 87 88 89 90 91 96 97 99 100 102 104 105 109 110 112 113 114 119 120 121 122 124 125 126 127 128 130 131 134 135 136 138 139 142 143 144 145 146 147 148 150 151 154 155 156 157 158 159 161 162 163 165 166 167 168 169 17164804780995960650
14 1 33 113 8 11 12 13 14 15 17 19 20 22 23 24 25 26 27 28 29 30 32 33 35 37 40 41 42 43 44 46 47 48 49 50 51 52 53 54 55 56 57 58 59 60 61 62 63 68 70 72 74 75 76 77 78 79 81 83 86 87 88 89 90 91 96 97 99 100 102 104 105 109 110 112 113 114 119 120 121 122 124 125 126 127 128 130 131 134 135 136 138 139 142 143 144 145 146 147 148 150 151 154 155 156 157 158 159 161 162 163 165 166 167 168 169 17164804780995960650
3 1 59 113 8 11 12 13 14 15 17 19 20 22 23 24 25 26 27 28 29 30 32 33 35 37 40 41 42 43 44 46 47 48 49 50 51 52 53 54 55 56 57 58 59 60 61 62 63 68 70 72 74 75 76 77 78 79 81 83 86 87 88 89 90 91 96 97 99 100 102 104 105 109 110 112 113 114 119 120 121 122 124 125 126 127 128 130 131 134 135 136 138 139 142 143 144 145 146 147 148 150 151 154 155 156 157 158 159 161 162 163 165 166 167 168 169 17164804780995960650
3 1 10 113 8 11 12 13 14 15 17 19 20 22 23 24 25 26 27 28 29 30 32 33 35 37 40 41 42 43 44 46 47 48 49 50 51 52 53 54 55 56 57 58 59 60 61 62 63 68 70 72 74 75 76 77 78 79 81 83 86 87 88 89 90 91 96 97 99 100 102 104 105 109 110 112 113 114 119 120 121 122 124 125 126 127 128 130 131 134 135 136 138 139 142 143 144 145 146 147 148 150 151 154 155 156 157 158 159 161 162 163 165 166 167 168 169 17164804780995960650
8 1 122 113 8 11 12 13 14 15 17 19 20 22 23 24 25 26 27 28 29 30 32 33 35 37 40 41 42 43 44 46 47 48 49 50 51 52 53 54 55 56 57 58 59 60 61 62 63 68 70 72 74 75 76 77 78 79 81 83 86 87 88 89 90 91 96 97 99 100 102 104 105 109 110 112 113 114 119 120 121 122 124 125 126 127 128 130 131 134 135 136 138 139 142 143 144 145 146 147 148 150 151 154 155 156 157 158 159 161 162 163 165 166 167 168 169 17164804780995960650
9 1 24 113 8 11 12 13 14 15 17 19 20 22 23 24 25 26 27 28 29 30 32 33 35 37 40 41 42 43 44 46 47 48 49 50 51 52 53 54 55 56 57 58 59 60 61 62 63 68 70 72 74 75 76 77 78 79 81 83 86 87 88 89 90 91 96 97 99 100 102 104 105 109 110 112 113 114 119 120 121 122 124 125 126 127 128 130 131 134 135 136 138 139 142 143 144 145 146 147 148 150 151 154 155 156 157 158 159 161 162 163 165 166 167 168 169 17164804780995960650
9 1 61 113 8 11 12 13 14 15 17 19 20 22 23 24 25 26 27 28 29 30 32 33 35 37 40 41 42 43 44 46 47 48 49 50 51 52 53 54 55 56 57 58 59 60 61 62 63 68 70 72 74 75 76 77 78 79 81 83 86 87 88 89 90 91 96 97 99 100 102 104 105 109 110 112 113 114 119 120 121 122 124 125 126 127 128 130 131 134 135 136 138 139 142 143 144 145 146 147 148 150 151 154 155 156 157 158 159 161 162 163 165 166 167 168 169 17164804780995960650
1 3 3 170 61 114 8 11 12 13 14 15 17 19 20 22 23 24 25 26 27 28 29 30 32 33 35 37 40 41 42 43 44 46 47 48 49 50 51 52 53 54 55 56 57 58 59 60 61 62 63 68 70 72 74 75 76 77 78 79 81 83 86 87 88 89 90 91 96 97 99 100 102 104 105 109 110 112 113 114 119 120 121 122 124 125 126 127 128 130 131 134 135 136 138 139 142 143 144 145 146 147 148 150 151 154 155 156 157 158 159 161 162 163 165 166 167 168 169 170 13234725794215785499
5 2 2 26 114 8 11 12 13 14 15 17 19 20 22 23 24 25 26 27 28 29 30 32 33 35 37 40 41 42 43 44 46 47 48 49 50 51 52 53 54 55 56 57 58 59 60 61 62 63 68 70 72 74 75 76 77 78 79 81 83 86 87 88 89 90 91 96 97 99 100 102 104 105 109 110 112 113 114 119 120 121 122 124 125 126 127 128 130 131 134 135 136 138 139 142 143 144 145 146 147 148 150 151 154 155 156 157 158 159 161 162 163 165 166 167 168 169 170 13234725794215785499
1 3 1 171 24 115 8 11 12 13 14 15 17 19 20 22 23 24 25 26 27 28 29 30 32 33 35 37 40 41 42 43 44 46 47 48 49 50 51 52 53 54 55 56 57 58 59 60 61 62 63 68 70 72 74 75 76 77 78 79 81 83 86 87 88 89 90 91 96 97 99 100 102 104 105 109 110 112 113 114 119 120 121 122 124 125 126 127 128 130 131 134 135 136 138 139 142 143 144 145 146 147 148 150 151 154 155 156 157 158 159 161 162 163 165 166 167 168 169 170 171 8977662479653680126
1 3 1 172 62 116 8 11 12 13 14 15 17 19 20 22 23 24 25 26 27 28 29 30 32 33 35 37 40 41 42 43 44 46 47 48 49 50 51 52 53 54 55 56 57 58 59 60 61 62 63 68 70 72 74 75 76 77 78 79 81 83 86 87 88 89 90 91 96 97 99 100 102 104 105 109 110 112 113 114 119 120 121 122 124 125 126 127 128 130 131 134 135 136 138 139 142 143 144 145 146 147 148 150 151 154 155 156 157 158 159 161 162 163 165 166 167 168 169 170 171 172 11325335385509701619
12 3 167 7 88 116 8 11 12 13 14 15 17 19 20 22 23 24 25 26 27 28 29 30 32 33 35 37 40 41 42 43 44 46 47 48 49 50 51 52 53 54 55 56 57 58 59 60 61 62 63 68 70 72 74 75 76 77 78 79 81 83 86 87 88 89 90 91 96 97 99 100 102 104 105 109 110 112 113 114 119 120 121 122 124 125 126 127 128 130 131 134 135 136 138 139 142 143 144 145 146 147 148 150 151 154 155 156 157 158 159 161 162 163 165 166 167 168 169 170 171 172 10485758977701087709
3 1 30 116 8 11 12 13 14 15 17 19 20 22 23 24 25 26 27 28 29 30 32 33 35 37 40 41 42 43 44 46 47 48 49 50 51 52 53 54 55 56 57 58 59 60 61 62 63 68 70 72 74 75 76 77 78 79 81 83 86 87 88 89 90 91 96 97 99 100 102 104 105 109 110 112 113 114 119 120 121 122 124 125 126 127 128 130 131 134 135 136 138 139 142 143 144 145 146 147 148 150 151 154 155 156 157 158 159 161 162 163 165 166 167 168 169 170 171 172 10485758977701087709
5 2 7 33 116 8 11 12 13 14 15 17 19 20 22 23 24 25 26 27 28 29 30 32 33 35 37 40 41 42 43 44 46 47 48 49 50 51 52 53 54 55 56 57 58 59 60 61 62 63 68 70 72 74 75 76 77 78 79 81 83 86 87 88 89 90 91 96 97 99 100 102 104 105 109 110 112 113 114 119 120 121 122 124 125 126 127 128 130 131 134 135 136 138 139 142 143 144 145 146 147 148 150 151 154 155 156 157 158 159 161 162 163 165 166 167 168 169 170 171 172 10485758977701087709
1 3 1 173 3 117 8 11 12 13 14 15 17 19 20 22 23 24 25 26 27 28 29 30 32 33 35 37 40 41 42 43 44 46 47 48 49 50 51 52 53 54 55 56 57 58 59 60 61 62 63 68 70 72 74 75 76 77 78 79 81 83 86 87 88 89 90 91 96 97 99 100 102 104 105 109 110 112 113 114 119 120 121 122 124 125 126 127 128 130 131 134 135 136 138 139 142 143 144 145 146 147 148 150 151 154 155 156 157 158 159 161 162 163 165 166 167 168 169 170 171 172 173 2427047610254978936
10 0 117 8 11 12 13 14 15 17 19 20 22 23 24 25 26 27 28 29 30 32 33 35 37 40 41 42 43 44 46 47 48 49 50 51 52 53 54 55 56 57 58 59 60 61 62 63 68 70 72 74 75 76 77 78 79 81 83 86 87 88 89 90 91 96 97 99 100 102 104 105 109 110 112 113 114 119 120 121 122 124 125 126 127 128 130 131 134 135 136 138 139 142 143 144 145 146 147 148 150 151 154 155 156 157 158 159 161 162 163 165 166 167 168 169 170 171 172 173 2427047610254978936
14 1 32 117 8 11 12 13 14 15 17 19 20 22 23 24 25 26 27 28 29 30 32 33 35 37 40 41 42 43 44 46 47 48 49 50 51 52 53 54 55 56 57 58 59 60 61 62 63 68 70 72 74 75 76 77 78 79 81 83 86 87 88 89 90 91 96 97 99 100 102 104 105 109 110 112 113 114 119 120 121 122 124 125 126 127 128 130 131 134 135 136 138 139 142 143 144 145 146 147 148 150 151 154 155 156 157 158 159 161 162 163 165 166 167 168 169 170 171 172 173 2427047610254978936
8 1 173 117 8 11 12 13 14 15 17 19 20 22 23 24 25 26 27 28 29 30 32 33 35 37 40 41 42 43 44 46 47 48 49 50 51 52 53 54 55 56 57 58 59 60 61 62 63 68 70 72 74 75 76 77 78 79 81 83 86 87 88 89 90 91 96 97 99 100 102 104 105 109 110 112 113 114 119 120 121 122 124 125 126 127 128 130 131 134 135 136 138 139 142 143 144 145 146 147 148 150 151 154 155 156 157 158 159 161 162 163 165 166 167 168 169 170 171 172 173 2427047610254978936
3 1 54 117 8 11 12 13 14 15 17 19 20 22 23 24 25 26 27 28 29 30 32 33 35 37 40 41 42 43 44 46 47 48 49 50 51 52 53 54 55 56 57 58 59 60 61 62 63 68 70 72 74 75 76 77 78 79 81 83 86 87 88 89 90 91 96 97 99 100 102 104 105 109 110 112 113 114 119 120 121 122 124 125 126 127 128 130 131 134 135 136 138 139 142 143 144 145 146 147 148 150 151 154 155 156 157 158 159 161 162 163 165 166 167 168 169 170 171 172 173 2427047610254978936
12 3 62 0 121 117 8 11 12 13 14 15 17 19 20 22 23 24 25 26 27 28 29 30 32 33 35 37 40 41 42 43 44 46 47 48 49 50 51 52 53 54 55 56 57 58 59 60 61 62 63 68 70 72 74 75 76 77 78 79 81 83 86 87 88 89 90 91 96 97 99 100 102 104 105 109 110 112 113 114 119 120 121 122 124 125 126 127 128 130 131 134 135 136 138 139 142 143 144 145 146 147 148 150 151 154 155 156 157 158 159 161 162 163 165 166 167 168 169 170 171 172 173 17841152537578241552
12 3 54 1 78 117 8 11 12 13 14 15 17 19 20 22 23 24 25 26 27 28 29 30 32 33 35 37 40 41 42 43 44 46 47 48 49 50 51 52 53 54 55 56 57 58 59 60 61 62 63 68 70 72 74 75 76 77 78 79 81 83 86 87 88 89 90 91 96 97 99 100 102 104 105 109 110 112 113 114 119 120 121 122 124 125 126 127 128 130 131 134 135 136 138 139 142 143 144 145 146 147 148 150 151 154 155 156 157 158 159 161 162 163 165 166 167 168 169 170 171 172 173 3958904304566954683
14 1 18446744073709551615 117 8 11 12 13 14 15 17 19 20 22 23 24 25 26 27 28 29 30 32 33 35 37 40 41 42 43 44 46 47 48 49 50 51 52 53 54 55 56 57 58 59 60 61 62 63 68 70 72 74 75 76 77 78 79 81 83 86 87 88 89 90 91 96 97 99 100 102 104 105 109 110 112 113 114 119 120 121 122 124 125 126 127 128 130 131 134 135 136 138 139 142 143 144 145 146 147 148 150 151 154 155 156 157 158 159 161 162 163 165 166 167 168 169 170 171 172 173 3958904304566954683
6 2 5 27 117 8 11 12 13 14 15 17 19 20 22 23 24 25 26 27 28 29 30 32 33 35 37 40 41 42 43 44 46 47 48 49 50 51 52 53 54 55 56 57 58 59 60 61 62 63 68 70 72 74 75 76 77 78 79 81 83 86 87 88 89 90 91 96 97 99 100 102 104 105 109 110 112 113 114 119 120 121 122 124 125 126 127 128 130 131 134 135 136 138 139 142 143 144 145 146 147 148 150 151 154 155 156 157 158 159 161 162 163 165 166 167 168 169 170 171 172 173 3958904304566954683
3 1 2 117 8 11 12 13 14 15 17 19 20 22 23 24 25 26 27 28 29 30 32 33 35 37 40 41 42 43 44 46 47 48 49 50 51 52 53 54 55 56 57 58 59 60 61 62 63 68 70 72 74 75 76 77 78 79 81 83 86 87 88 89 90 91 96 97 99 100 102 104 105 109 110 112 113 114 119 120 121 122 124 125 126 127 128 130 131 134 135 136 138 139 142 143 144 145 146 147 148 150 151 154 155 156 157 158 159 161 162 163 165 166 167 168 169 170 171 172 173 3958904304566954683
1 12 2 174 2 33 102 109 147 110 75 147 20 52 118 8 11 12 13 14 15 17 19 20 22 23 24 25 26 27 28 29 30 32 33 35 37 40 41 42 43 44 46 47 48 49 50 51 52 53 54 55 56 57 58 59 60 61 62 63 68 70 72 74 75 76 77 78 79 81 83 86 87 88 89 90 91 96 97 99 100 102 104 105 109 110 112 113 114 119 120 121 122 124 125 126 127 128 130 131 134 135 136 138 139 142 143 144 145 146 147 148 150 151 154 155 156 157 158 159 161 162 163 165 166 167 168 169 170 171 172 173 174 10900505693751280233
12 3 150 0 130 118 8 11 12 13 14 15 17 19 20 22 23 24 25 26 27 28 29 30 32 33 35 37 40 41 42 43 44 46 47 48 49 50 51 52 53 54 55 56 57 58 59 60 61 62 63 68 70 72 74 75 76 77 78 79 81 83 86 87 88 89 90 91 96 97 99 100 102 104 105 109 110 112 113 114 119 120 121 122 124 125 126 127 128 130 131 134 135 136 138 139 142 143 144 145 146 147 148 150 151 154 155 156 157 158 159 161 162 163 165 166 167 168 169 170 171 172 173 174 12310481347032411989
3 1 55 118 8 11 12 13 14 15 17 19 20 22 23 24 25 26 27 28 29 30 32 33 35 37 40 41 42 43 44 46 47 48 49 50 51 52 53 54 55 56 57 58 59 60 61 62 63 68 70 72 74 75 76 77 78 79 81 83 86 87 88 89 90 91 96 97 99 100 102 104 105 109 110 112 113 114 119 120 121 122 124 125 126 127 128 130 131 134 135 136 138 139 142 143 144 145 146 147 148 150 151 154 155 156 157 158 159 161 162 163 165 166 167 168 169 170 171 172 173 174 12310481347032411989
1 3 1 175 10 119 8 11 12 13 14 15 17 19 20 22 23 24 25 26 27 28 29 30 32 33 35 37 40 41 42 43 44 46 47 48 49 50 51 52 53 54 55 56 57 58 59 60 61 62 63 68 70 72 74 75 76 77 78 79 81 83 86 87 88 89 90 91 96 97 99 100 102 104 105 109 110 112 113 114 119 120 121 122 124 125 126 127 128 130 131 134 135 136 138 139 142 143 144 145 146 147 148 150 151 154 155 156 157 158 159 161 162 163 165 166 167 168 169 170 171 172 173 174 175 17814657589129752236
9 1 48 119 8 11 12 13 14 15 17 19 20 22 23 24 25 26 27 28 29 30 32 33 35 37 40 41 42 43 44 46 47 48 49 50 51 52 53 54 55 56 57 58 59 60 61 62 63 68 70 72 74 75 76 77 78 79 81 83 86 87 88 89 90 91 96 97 99 100 102 104 105 109 110 112 113 114 119 120 121 122 124 125 126 127 128 130 131 134 135 136 138 139 142 143 144 145 146 147 148 150 151 154 155 156 157 158 159 161 162 163 165 166 167 168 169 170 171 172 173 174 175 17814657589129752236
12 3 54 1 70 119 8 11 12 13 14 15 17 19 20 22 23 24 25 26 27 28 29 30 32 33 35 37 40 41 42 43 44 46 47 48 49 50 51 52 53 54 55 56 57 58 59 60 61 62 63 68 70 72 74 75 76 77 78 79 81 83 86 87 88 89 90 91 96 97 99 100 102 104 105 109 110 112 113 114 119 120 121 122 124 125 126 127 128 130 131 134 135 136 138 139 142 143 144 145 146 147 148 150 151 154 155 156 157 158 159 161 162 163 165 166 167 168 169 170 171 172 173 174 175 2576576480035530452
10 0 119 8 11 12 13 14 15 17 19 20 22 23 24 25 26 27 28 29 30 32 33 35 37 40 41 42 43 44 46 47 48 49 50 51 52 53 54 55 56 57 58 59 60 61 62 63 68 70 72 74 75 76 77 78 79 81 83 86 87 88 89 90 91 96 97 99 100 102 104 105 109 110 112 113 114 119 120 121 122 124 125 126 127 128 130 131 134 135 136 138 139 142 143 144 145 146 147 148 150 151 154 155 156 157 158 159 161 162 163 165 166 167 168 169 170 171 172 173 174 175 2576576480035530452
1 6 2 176 59 97 102 76 120 8 11 12 13 14 15 17 19 20 22 23 24 25 26 27 28 29 30 32 33 35 37 40 41 42 43 44 46 47 48 49 50 51 52 53 54 55 56 57 58 59 60 61 62 63 68 70 72 74 75 76 77 78 79 81 83 86 87 88 89 90 91 96 97 99 100 102 104 105 109 110 112 113 114 119 120 121 122 124 125 126 127 128 130 131 134 135 136 138 139 142 143 144 145 146 147 148 150 151 154 155 156 157 158 159 161 162 163 165 166 167 168 169 170 171 172 173 174 175 176 16264009899092139850
1 19 3 177 27 44 169 139 168 151 52 52 124 59 130 151 46 61 174 110 72 121 8 11 12 13 14 15 17 19 20 22 23 24 25 26 27 28 29 30 32 33 35 37 40 41 42 43 44 46 47 48 49 50 51 52 53 54 55 56 57 58 59 60 61 62 63 68 70 72 74 75 76 77 78 79 81 83 86 87 88 89 90 91 96 97 99 100 102 104 105 109 110 112 113 114 119 120 121 122 124 125 126 127 128 130 131 134 135 136 138 139 142 143 144 145 146 147 148 150 151 154 155 156 157 158 159 161 162 163 165 166 167 168 169 170 171 172 173 174 175 176 177 12286145025610073252
8 1 15 121 8 11 12 13 14 15 17 19 20 22 23 24 25 26 27 28 29 30 32 33 35 37 40 41 42 43 44 46 47 48 49 50 51 52 53 54 55 56 57 58 59 60 61 62 63 68 70 72 74 75 76 77 78 79 81 83 86 87 88 89 90 91 96 97 99 100 102 104 105 109 110 112 113 114 119 120 121 122 124 125 126 127 128 130 131 134 135 136 138 139 142 143 144 145 146 147 148 150 151 154 155 156 157 158 159 161 162 163 165 166 167 168 169 170 171 172 173 174 175 176 177 12286145025610073252
1 11 2 178 35 91 13 142 119 75 124 112 169 122 8 11 12 13 14 15 17 19 20 22 23 24 25 26 27 28 29 30 32 33 35 37 40 41 42 43 44 46 47 48 49 50 51 52 53 54 55 56 57 58 59 60 61 62 63 68 70 72 74 75 76 77 78 79 81 83 86 87 88 89 90 91 96 97 99 100 102 104 105 109 110 112 113 114 119 120 121 122 124 125 126 127 128 130 131 134 135 136 138 139 142 143 144 145 146 147 148 150 151 154 155 156 157 158 159 161 162 163 165 166 167 168 169 170 171 172 173 174 175 176 177 178 3228093438098128215
6 2 0 41 122 8 11 12 13 14 15 17 19 20 22 23 24 25 26 27 28 29 30 32 33 35 37 40 41 42 43 44 46 47 48 49 50 51 52 53 54 55 56 57 58 59 60 61 62 63 68 70 72 74 75 76 77 78 79 81 83 86 87 88 89 90 91 96 97 99 100 102 104 105 109 110 112 113 114 119 120 121 122 124 125 126 127 128 130 131 134 135 136 138 139 142 143 144 145 146 147 148 150 151 154 155 156 157 158 159 161 162 163 165 166 167 168 169 170 171 172 173 174 175 176 177 178 3228093438098128215
3 1 2 122 8 11 12 13 14 15 17 19 20 22 23 24 25 26 27 28 29 30 32 33 35 37 40 41 42 43 44 46 47 48 49 50 51 52 53 54 55 56 57 58 59 60 61 62 63 68 70 72 74 75 76 77 78 79 81 83 86 87 88 89 90 91 96 97 99 100 102 104 105 109 110 112 113 114 119 120 121 122 124 125 126 127 128 130 131 134 135 136 138 139 142 143 144 145 146 147 148 150 151 154 155 156 157 158 159 161 162 163 165 166 167 168 169 170 171 172 173 174 175 176 177 178 3228093438098128215
12 3 97 0 15 122 8 11 12 13 14 15 17 19 20 22 23 24 25 26 27 28 29 30 32 33 35 37 40 41 42 43 44 46 47 48 49 50 51 52 53 54 55 56 57 58 59 60 61 62 63 68 70 72 74 75 76 77 78 79 81 83 86 87 88 89 90 91 96 97 99 100 102 104 105 109 110 112 113 114 119 120 121 122 124 125 126 127 128 130 131 134 135 136 138 139 142 143 144 145 146 147 148 150 151 154 155 156 157 158 159 161 162 163 165 166 167 168 169 170 171 172 173 174 175 176 177 178 14266853297425423717
14 1 2 122 8 11 12 13 14 15 17 19 20 22 23 24 25 26 27 28 29 30 32 33 35 37 40 41 42 43 44 46 47 48 49 50 51 52 53 54 55 56 57 58 59 60 61 62 63 68 70 72 74 75 76 77 78 79 81 83 86 87 88 89 90 91 96 97 99 100 102 104 105 109 110 112 113 114 119 120 121 122 124 125 126 127 128 130 131 134 135 136 138 139 142 143 144 145 146 147 148 150 151 154 155 156 157 158 159 161 162 163 165 166 167 168 169 170 171 172 173 174 175 176 177 178 14266853297425423717
13 2 142 50 122 8 11 12 13 14 15 17 19 20 22 23 24 25 26 27 28 29 30 32 33 35 37 40 41 42 43 44 46 47 48 49 50 51 52 53 54 55 56 57 58 59 60 61 62 63 68 70 72 74 75 76 77 78 79 81 83 86 87 88 89 90 91 96 97 99 100 102 104 105 109 110 112 113 114 119 120 121 122 124 125 126 127 128 130 131 134 135 136 138 139 142 143 144 145 146 147 148 150 151 154 155 156 157 158 159 161 162 163 165 166 167 168 169 170 171 172 173 174 175 176 177 178 6501408354359532910
5 2 0 130 122 8 11 12 13 14 15 17 19 20 22 23 24 25 26 27 28 29 30 32 33 35 37 40 41 42 43 44 46 47 48 49 50 51 52 53 54 55 56 57 58 59 60 61 62 63 68 70 72 74 75 76 77 78 79 81 83 86 87 88 89 90 91 96 97 99 100 102 104 105 109 110 112 113 114 119 120 121 122 124 125 126 127 128 130 131 134 135 136 138 139 142 143 144 145 146 147 148 150 151 154 155 156 157 158 159 161 162 163 165 166 167 168 169 170 171 172 173 174 175 176 177 178 6501408354359532910
3 1 58 121 8 11 12 13 14 15 17 19 20 22 23 24 25 26 27 28 29 30 32 33 35 37 40 41 42 43 44 46 47 48 49 50 51 52 53 54 55 56 57 58 59 60 61 62 63 68 70 72 74 75 76 77 78 79 81 83 86 87 88 89 90 91 96 97 99 100 102 104 105 109 110 112 113 114 119 120 121 122 124 125 126 127 128 130 131 134 135 136 139 142 143 144 145 146 147 148 150 151 154 155 156 157 158 159 161 162 163 165 166 167 168 169 170 171 172 173 174 175 176 177 178 18284289356639507433
1 3 1 179 48 122 8 11 12 13 14 15 17 19 20 22 23 24 25 26 27 28 29 30 32 33 35 37 40 41 42 43 44 46 47 48 49 50 51 52 53 54 55 56 57 58 59 60 61 62 63 68 70 72 74 75 76 77 78 79 81 83 86 87 88 89 90 91 96 97 99 100 102 104 105 109 110 112 113 114 119 120 121 122 124 125 126 127 128 130 131 134 135 136 139 142 143 144 145 146 147 148 150 151 154 155 156 157 158 159 161 162 163 165 166 167 168 169 170 171 172 173 174 175 176 177 178 179 3334809722777313536
13 2 86 75 122 8 11 12 13 14 15 17 19 20 22 23 24 25 26 27 28 29 30 32 33 35 37 40 41 42 43 44 46 47 48 49 50 51 52 53 54 55 56 57 58 59 60 61 62 63 68 70 72 74 75 76 77 78 79 81 83 86 87 88 89 90 91 96 97 99 100 102 104 105 109 110 112 113 114 119 120 121 122 124 125 126 127 128 130 131 134 135 136 139 142 143 144 145 146 147 148 150 151 154 155 156 157 158 159 161 162 163 165 166 167 168 169 170 171 172 173 174 175 176 177 178 179 191751432638887968
14 1 33 122 8 11 12 13 14 15 17 19 20 22 23 24 25 26 27 28 29 30 32 33 35 37 40 41 42 43 44 46 47 48 49 50 51 52 53 54 55 56 57 58 59 60 61 62 63 68 70 72 74 75 76 77 78 79 81 83 86 87 88 89 90 91 96 97 99 100 102 104 105 109 110 112 113 114 119 120 121 122 124 125 126 127 128 130 131 134 135 136 139 142 143 144 145 146 147 148 150 151 154 155 156 157 158 159 161 162 163 165 166 167 168 169 170 171 172 173 174 175 176 177 178 179 191751432638887968
1 3 1 180 55 123 8 11 12 13 14 15 17 19 20 22 23 24 25 26 27 28 29 30 32 33 35 37 40 41 42 43 44 46 47 48 49 50 51 52 53 54 55 56 57 58 59 60 61 62 63 68 70 72 74 75 76 77 78 79 81 83 86 87 88 89 90 91 96 97 99 100 102 104 105 109 110 112 113 114 119 120 121 122 124 125 126 127 128 130 131 134 135 136 139 142 143 144 145 146 147 148 150 151 154 155 156 157 158 159 161 162 163 165 166 167 168 169 170 171 172 173 174 175 176 177 178 179 180 15909837216190177365
6 2 5 42 122 8 11 12 13 14 15 17 19 20 22 23 24 25 26 27 28 29 30 32 33 35 37 40 41 42 43 44 46 47 48 49 50 51 52 53 54 55 56 57 58 59 60 61 62 63 68 70 72 74 75 76 77 78 79 81 83 86 87 88 89 90 91 96 97 99 100 102 104 105 109 110 112 113 114 119 120 121 122 124 125 126 127 128 130 131 134 135 136 139 142 143 144 145 146 147 148 150 151 154 155 156 157 159 161 162 163 165 166 167 168 169 170 171 172 173 174 175 176 177 178 179 180 5340276911730566547
12 3 25 0 30 122 8 11 12 13 14 15 17 19 20 22 23 24 25 26 27 28 29 30 32 33 35 37 40 41 42 43 44 46 47 48 49 50 51 52 53 54 55 56 57 58 59 60 61 62 63 68 70 72 74 75 76 77 78 79 81 83 86 87 88 89 90 91 96 97 99 100 102 104 105 109 110 112 113 114 119 120 121 122 124 125 126 127 128 130 131 134 135 136 139 142 143 144 145 146 147 148 150 151 154 155 156 157 159 161 162 163 165 166 167 168 169 170 171 172 173 174 175 176 177 178 179 180 9741877169900066737
6 2 2 10 122 8 11 12 13 14 15 17 19 20 22 23 24 25 26 27 28 29 30 32 33 35 37 40 41 42 43 44 46 47 48 49 50 51 52 53 54 55 56 57 58 59 60 61 62 63 68 70 72 74 75 76 77 78 79 81 83 86 87 88 89 90 91 96 97 99 100 102 104 105 109 110 112 113 114 119 120 121 122 124 125 126 127 128 130 131 134 135 136 139 142 143 144 145 146 147 148 150 151 154 155 156 157 159 161 162 163 165 166 167 168 169 170 171 172 173 174 175 176 177 178 179 180 9741877169900066737
10 0 122 8 11 12 13 14 15 17 19 20 22 23 24 25 26 27 28 29 30 32 33 35 37 40 41 42 43 44 46 47 48 49 50 51 52 53 54 55 56 57 58 59 60 61 62 63 68 70 72 74 75 76 77 78 79 81 83 86 87 88 89 90 91 96 97 99 100 102 104 105 109 110 112 113 114 119 120 121 122 124 125 126 127 128 130 131 134 135 136 139 142 143 144 145 146 147 148 150 151 154 155 156 157 159 161 162 163 165 166 167 168 169 170 171 172 173 174 175 176 177 178 179 180 9741877169900066737
14 1 2 122 8 11 12 13 14 15 17 19 20 22 23 24 25 26 27 28 29 30 32 33 35 37 40 41 42 43 44 46 47 48 49 50 51 52 53 54 55 56 57 58 59 60 61 62 63 68 70 72 74 75 76 77 78 79 81 83 86 87 88 89 90 91 96 97 99 100 102 104 105 109 110 112 113 114 119 120 121 122 124 125 126 127 128 130 131 134 135 136 139 142 143 144 145 146 147 148 150 151 154 155 156 157 159 161 162 163 165 166 167 168 169 170 171 172 173 174 175 176 177 178 179 180 9741877169900066737
1 5 2 181 41 104 47 123 8 11 12 13 14 15 17 19 20 22 23 24 25 26 27 28 29 30 32 33 35 37 40 41 42 43 44 46 47 48 49 50 51 52 53 54 55 56 57 58 59 60 61 62 63 68 70 72 74 75 76 77 78 79 81 83 86 87 88 89 90 91 96 97 99 100 102 104 105 109 110 112 113 114 119 120 121 122 124 125 126 127 128 130 131 134 135 136 139 142 143 144 145 146 147 148 150 151 154 155 156 157 159 161 162 163 165 166 167 168 169 170 171 172 173 174 175 176 177 178 179 180 181 8263981155959745302
4 1 8 123 8 11 12 13 14 15 17 19 20 22 23 24 25 26 27 28 29 30 32 33 35 37 40 41 42 43 44 46 47 48 49 50 51 52 53 54 55 56 57 58 59 60 61 62 63 68 70 72 74 75 76 77 78 79 81 83 86 87 88 89 90 91 96 97 99 100 102 104 105 109 110 112 113 114 119 120 121 122 124 125 126 127 128 130 131 134 135 136 139 142 143 144 145 146 147 148 150 151 154 155 156 157 159 161 162 163 165 166 167 168 169 170 171 172 173 174 175 176 177 178 179 180 181 8263981155959745302
13 2 142 173 123 8 11 12 13 14 15 17 19 20 22 23 24 25 26 27 28 29 30 32 33 35 37 40 41 42 43 44 46 47 48 49 50 51 52 53 54 55 56 57 58 59 60 61 62 63 68 70 72 74 75 76 77 78 79 81 83 86 87 88 89 90 91 96 97 99 100 102 104 105 109 110 112 113 114 119 120 121 122 124 125 126 127 128 130 131 134 135 136 139 142 143 144 145 146 147 148 150 151 154 155 156 157 159 161 162 163 165 166 167 168 169 170 171 172 173 174 175 176 177 178 179 180 181 13355017836906246218
12 3 24 2 50 123 8 11 12 13 14 15 17 19 20 22 23 24 25 26 27 28 29 30 32 33 35 37 40 41 42 43 44 46 47 48 49 50 51 52 53 54 55 56 57 58 59 60 61 62 63 68 70 72 74 75 76 77 78 79 81 83 86 87 88 89 90 91 96 97 99 100 102 104 105 109 110 112 113 114 119 120 121 122 124 125 126 127 128 130 131 134 135 136 139 142 143 144 145 146 147 148 150 151 154 155 156 157 159 161 162 163 165 166 167 168 169 170 171 172 173 174 175 176 177 178 179 180 181 15452020495243663809
14 1 18446744073709551615 123 8 11 12 13 14 15 17 19 20 22 23 24 25 26 27 28 29 30 32 33 35 37 40 41 42 43 44 46 47 48 49 50 51 52 53 54 55 56 57 58 59 60 61 62 63 68 70 72 74 75 76 77 78 79 81 83 86 87 88 89 90 91 96 97 99 100 102 104 105 109 110 112 113 114 119 120 121 122 124 125 126 127 128 130 131 134 135 136 139 142 143 144 145 146 147 148 150 151 154 155 156 157 159 161 162 163 165 166 167 168 169 170 171 172 173 174 175 176 177 178 179 180 181 15452020495243663809
6 2 0 61 123 8 11 12 13 14 15 17 19 20 22 23 24 25 26 27 28 29 30 32 33 35 37 40 41 42 43 44 46 47 48 49 50 51 52 53 54 55 56 57 58 59 60 61 62 63 68 70 72 74 75 76 77 78 79 81 83 86 87 88 89 90 91 96 97 99 100 102 104 105 109 110 112 113 114 119 120 121 122 124 125 126 127 128 130 131 134 135 136 139 142 143 144 145 146 147 148 150 151 154 155 156 157 159 161 162 163 165 166 167 168 169 170 171 172 173 174 175 176 177 178 179 180 181 15452020495243663809
8 1 33 123 8 11 12 13 14 15 17 19 20 22 23 24 25 26 27 28 29 30 32 33 35 37 40 41 42 43 44 46 47 48 49 50 51 52 53 54 55 56 57 58 59 60 61 62 63 68 70 72 74 75 76 77 78 79 81 83 86 87 88 89 90 91 96 97 99 100 102 104 105 109 110 112 113 114 119 120 121 122 124 125 126 127 128 130 131 134 135 136 139 142 143 144 145 146 147 148 150 151 154 155 156 157 159 161 162 163 165 166 167 168 169 170 171 172 173 174 175 176 177 178 179 180 181 15452020495243663809
3 1 33 123 8 11 12 13 14 15 17 19 20 22 23 24 25 26 27 28 29 30 32 33 35 37 40 41 42 43 44 46 47 48 49 50 51 52 53 54 55 56 57 58 59 60 61 62 63 68 70 72 74 75 76 77 78 79 81 83 86 87 88 89 90 91 96 97 99 100 102 104 105 109 110 112 113 114 119 120 121 122 124 125 126 127 128 130 131 134 135 136 139 142 143 144 145 146 147 148 150 151 154 155 156 157 159 161 162 163 165 166 167 168 169 170 171 172 173 174 175 176 177 178 179 180 181 15452020495243663809
12 3 51 1 145 123 8 11 12 13 14 15 17 19 20 22 23 24 25 26 27 28 29 30 32 33 35 37 40 41 42 43 44 46 47 48 49 50 51 52 53 54 55 56 57 58 59 60 61 62 63 68 70 72 74 75 76 77 78 79 81 83 86 87 88 89 90 91 96 97 99 100 102 104 105 109 110 112 113 114 119 120 121 122 124 125 126 127 128 130 131 134 135 136 139 142 143 144 145 146 147 148 150 151 154 155 156 157 159 161 162 163 165 166 167 168 169 170 171 172 173 174 175 176 177 178 179 180 181 11910418197915025625
12 3 174 2 163 123 8 11 12 13 14 15 17 19 20 22 23 24 25 26 27 28 29 30 32 33 35 37 40 41 42 43 44 46 47 48 49 50 51 52 53 54 55 56 57 58 59 60 61 62 63 68 70 72 74 75 76 77 78 79 81 83 86 87 88 89 90 91 96 97 99 100 102 104 105 109 110 112 113 114 119 120 121 122 124 125 126 127 128 130 131 134 135 136 139 142 143 144 145 146 147 148 150 151 154 155 156 157 159 161 162 163 165 166 167 168 169 170 171 172 173 174 175 176 177 178 179 180 181 15221662341438869331
8 1 131 123 8 11 12 13 14 15 17 19 20 22 23 24 25 26 27 28 29 30 32 33 35 37 40 41 42 43 44 46 47 48 49 50 51 52 53 54 55 56 57 58 59 60 61 62 63 68 70 72 74 75 76 77 78 79 81 83 86 87 88 89 90 91 96 97 99 100 102 104 105 109 110 112 113 114 119 120 121 122 124 125 126 127 128 130 131 134 135 136 139 142 143 144 145 146 147 148 150 151 154 155 156 157 159 161 162 163 165 166 167 168 169 170 171 172 173 174 175 176 177 178 179 180 181 15221662341438869331
14 1 33 123 8 11 12 13 14 15 17 19 20 22 23 24 25 26 27 28 29 30 32 33 35 37 40 41 42 43 44 46 47 48 49 50 51 52 53 54 55 56 57 58 59 60 61 62 63 68 70 72 74 75 76 77 78 79 81 83 86 87 88 89 90 91 96 97 99 100 102 104 105 109 110 112 113 114 119 120 121 122 124 125 126 127 128 130 131 134 135 136 139 142 143 144 145 146 147 148 150 151 154 155 156 157 159 161 162 163 165 166 167 168 169 170 171 172 173 174 175 176 177 178 179 180 181 15221662341438869331
10 0 123 8 11 12 13 14 15 17 19 20 22 23 24 25 26 27 28 29 30 32 33 35 37 40 41 42 43 44 46 47 48 49 50 51 52 53 54 55 56 57 58 59 60 61 62 63 68 70 72 74 75 76 77 78 79 81 83 86 87 88 89 90 91 96 97 99 100 102 104 105 109 110 112 113 114 119 120 121 122 124 125 126 127 128 130 131 134 135 136 139 142 143 144 145 146 147 148 150 151 154 155 156 157 159 161 162 163 165 166 167 168 169 170 171 172 173 174 175 176 177 178 179 180 181 15221662341438869331
3 1 49 123 8 11 12 13 14 15 17 19 20 22 23 24 25 26 27 28 29 30 32 33 35 37 40 41 42 43 44 46 47 48 49 50 51 52 53 54 55 56 57 58 59 60 61 62 63 68 70 72 74 75 76 77 78 79 81 83 86 87 88 89 90 91 96 97 99 100 102 104 105 109 110 112 113 114 119 120 121 122 124 125 126 127 128 130 131 134 135 136 139 142 143 144 145 146 147 148 150 151 154 155 156 157 159 161 162 163 165 166 167 168 169 170 171 172 173 174 175 176 177 178 179 180 181 15221662341438869331
7 2 0 33 123 8 11 12 13 14 15 17 19 20 22 23 24 25 26 27 28 29 30 32 33 35 37 40 41 42 43 44 46 47 48 49 50 51 52 53 54 55 56 57 58 59 60 61 62 63 68 70 72 74 75 76 77 78 79 81 83 86 87 88 89 90 91 96 97 99 100 102 104 105 109 110 112 113 114 119 120 121 122 124 125 126 127 128 130 131 134 135 136 139 142 143 144 145 146 147 148 150 151 154 155 156 157 159 161 162 163 165 166 167 168 169 170 171 172 173 174 175 176 177 178 179 180 181 15221662341438869331
1 5 2 182 49 51 81 124 8 11 12 13 14 15 17 19 20 22 23 24 25 26 27 28 29 30 32 33 35 37 40 41 42 43 44 46 47 48 49 50 51 52 53 54 55 56 57 58 59 60 61 62 63 68 70 72 74 75 76 77 78 79 81 83 86 87 88 89 90 91 96 97 99 100 102 104 105 109 110 112 113 114 119 120 121 122 124 125 126 127 128 130 131 134 135 136 139 142 143 144 145 146 147 148 150 151 154 155 156 157 159 161 162 163 165 166 167 168 169 170 171 172 173 174 175 176 177 178 179 180 181 182 6989825437832281429
1 11 2 183 54 37 49 61 159 154 70 55 17 125 8 11 12 13 14 15 17 19 20 22 23 24 25 26 27 28 29 30 32 33 35 37 40 41 42 43 44 46 47 48 49 50 51 52 53 54 55 56 57 58 59 60 61 62 63 68 70 72 74 75 76 77 78 79 81 83 86 87 88 89 90 91 96 97 99 100 102 104 105 109 110 112 113 114 119 120 121 122 124 125 126 127 128 130 131 134 135 136 139 142 143 144 145 146 147 148 150 151 154 155 156 157 159 161 162 163 165 166 167 168 169 170 171 172 173 174 175 176 177 178 179 180 181 182 183 6969113326228849071
13 2 15 139 125 8 11 12 13 14 15 17 19 20 22 23 24 25 26 27 28 29 30 32 33 35 37 40 41 42 43 44 46 47 48 49 50 51 52 53 54 55 56 57 58 59 60 61 62 63 68 70 72 74 75 76 77 78 79 81 83 86 87 88 89 90 91 96 97 99 100 102 104 105 109 110 112 113 114 119 120 121 122 124 125 126 127 128 130 131 134 135 136 139 142 143 144 145 146 147 148 150 151 154 155 156 157 159 161 162 163 165 166 167 168 169 170 171 172 173 174 175 176 177 178 179 180 181 182 183 6519269735081496207
9 1 6 125 8 11 12 13 14 15 17 19 20 22 23 24 25 26 27 28 29 30 32 33 35 37 40 41 42 43 44 46 47 48 49 50 51 52 53 54 55 56 57 58 59 60 61 62 63 68 70 72 74 75 76 77 78 79 81 83 86 87 88 89 90 91 96 97 99 100 102 104 105 109 110 112 113 114 119 120 121 122 124 125 126 127 128 130 131 134 135 136 139 142 143 144 145 146 147 148 150 151 154 155 156 157 159 161 162 163 165 166 167 168 169 170 171 172 173 174 175 176 177 178 179 180 181 182 183 6519269735081496207
8 1 155 125 8 11 12 13 14 15 17 19 20 22 23 24 25 26 27 28 29 30 32 33 35 37 40 41 42 43 44 46 47 48 49 50 51 52 53 54 55 56 57 58 59 60 61 62 63 68 70 72 74 75 76 77 78 79 81 83 86 87 88 89 90 91 96 97 99 100 102 104 105 109 110 112 113 114 119 120 121 122 124 125 126 127 128 130 131 134 135 136 139 142 143 144 145 146 147 148 150 151 154 155 156 157 159 161 162 163 165 166 167 168 169 170 171 172 173 174 175 176 177 178 179 180 181 182 183 6519269735081496207
8 1 86 125 8 11 12 13 14 15 17 19 20 22 23 24 25 26 27 28 29 30 32 33 35 37 40 41 42 43 44 46 47 48 49 50 51 52 53 54 55 56 57 58 59 60 61 62 63 68 70 72 74 75 76 77 78 79 81 83 86 87 88 89 90 91 96 97 99 100 102 104 105 109 110 112 113 114 119 120 121 122 124 125 126 127 128 130 131 134 135 136 139 142 143 144 145 146 147 148 150 151 154 155 156 157 159 161 162 163 165 166 167 168 169 170 171 172 173 174 175 176 177 178 179 180 181 182 183 6519269735081496207
12 3 43 4 30 125 8 11 12 13 14 15 17 19 20 22 23 24 25 26 27 28 29 30 32 33 35 37 40 41 42 43 44 46 47 48 49 50 51 52 53 54 55 56 57 58 59 60 61 62 63 68 70 72 74 75 76 77 78 79 81 83 86 87 88 89 90 91 96 97 99 100 102 104 105 109 110 112 113 114 119 120 121 122 124 125 126 127 128 130 131 134 135 136 139 142 143 144 145 146 147 148 150 151 154 155 156 157 159 161 162 163 165 166 167 168 169 170 171 172 173 174 175 176 177 178 179 180 181 182 183 17086575489712364851
3 1 35 124 8 11 12 13 14 15 17 19 20 22 23 24 25 26 27 28 29 30 32 33 35 37 40 41 42 43 44 46 47 48 49 50 51 52 53 54 55 56 57 58 59 60 61 62 63 68 70 72 74 75 76 77 78 79 81 83 86 87 88 89 90 91 96 97 99 100 102 104 105 109 110 112 113 114 119 120 121 122 124 125 126 127 128 130 131 134 135 136 139 142 143 144 145 146 147 148 150 151 154 155 156 157 159 161 162 163 165 166 167 168 169 170 171 172 173 174 175 176 177 179 180 181 182 183 18437896029270832628
1 11 2 184 2 50 171 128 48 176 174 179 131 125 8 11 12 13 14 15 17 19 20 22 23 24 25 26 27 28 29 30 32 33 35 37 40 41 42 43 44 46 47 48 49 50 51 52 53 54 55 56 57 58 59 60 61 62 63 68 70 72 74 75 76 77 78 79 81 83 86 87 88 89 90 91 96 97 99 100 102 104 105 109 110 112 113 114 119 120 121 122 124 125 126 127 128 130 131 134 135 136 139 142 143 144 145 146 147 148 150 151 154 155 156 157 159 161 162 163 165 166 167 168 169 170 171 172 173 174 175 176 177 179 180 181 182 183 184 9425917339786143327
1 3 1 185 30 126 8 11 12 13 14 15 17 19 20 22 23 24 25 26 27 28 29 30 32 33 35 37 40 41 42 43 44 46 47 48 49 50 51 52 53 54 55 56 57 58 59 60 61 62 63 68 70 72 74 75 76 77 78 79 81 83 86 87 88 89 90 91 96 97 99 100 102 104 105 109 110 112 113 114 119 120 121 122 124 125 126 127 128 130 131 134 135 136 139 142 143 144 145 146 147 148 150 151 154 155 156 157 159 161 162 163 165 166 167 168 169 170 171 172 173 174 175 176 177 179 180 181 182 183 184 185 1341845413220798918
12 3 48 0 70 126 8 11 12 13 14 15 17 19 20 22 23 24 25 26 27 28 29 30 32 33 35 37 40 41 42 43 44 46 47 48 49 50 51 52 53 54 55 56 57 58 59 60 61 62 63 68 70 72 74 75 76 77 78 79 81 83 86 87 88 89 90 91 96 97 99 100 102 104 105 109 110 112 113 114 119 120 121 122 124 125 126 127 128 130 131 134 135 136 139 142 143 144 145 146 147 148 150 151 154 155 156 157 159 161 162 163 165 166 167 168 169 170 171 172 173 174 175 176 177 179 180 181 182 183 184 185 10183736905269517331
1 19 2 186 35 163 174 61 184 120 102 125 114 59 162 62 109 168 175 37 35 127 8 11 12 13 14 15 17 19 20 22 23 24 25 26 27 28 29 30 32 33 35 37 40 41 42 43 44 46 47 48 49 50 51 52 53 54 55 56 57 58 59 60 61 62 63 68 70 72 74 75 76 77 78 79 81 83 86 87 88 89 90 91 96 97 99 100 102 104 105 109 110 112 113 114 119 120 121 122 124 125 126 127 128 130 131 134 135 136 139 142 143 144 145 146 147 148 150 151 154 155 156 157 159 161 162 163 165 166 167 168 169 170 171 172 173 174 175 176 177 179 180 181 182 183 184 185 186 11644318449245774387
2 2 22 61 127 8 11 12 13 14 15 17 19 20 22 23 24 25 26 27 28 29 30 32 33 35 37 40 41 42 43 44 46 47 48 49 50 51 52 53 54 55 56 57 58 59 60 61 62 63 68 70 72 74 75 76 77 78 79 81 83 86 87 88 89 90 91 96 97 99 100 102 104 105 109 110 112 113 114 119 120 121 122 124 125 126 127 128 130 131 134 135 136 139 142 143 144 145 146 147 148 150 151 154 155 156 157 159 161 162 163 165 166 167 168 169 170 171 172 173 174 175 176 177 179 180 181 182 183 184 185 186 11644318449245774387
13 2 170 50 127 8 11 12 13 14 15 17 19 20 22 23 24 25 26 27 28 29 30 32 33 35 37 40 41 42 43 44 46 47 48 49 50 51 52 53 54 55 56 57 58 59 60 61 62 63 68 70 72 74 75 76 77 78 79 81 83 86 87 88 89 90 91 96 97 99 100 102 104 105 109 110 112 113 114 119 120 121 122 124 125 126 127 128 130 131 134 135 136 139 142 143 144 145 146 147 148 150 151 154 155 156 157 159 161 162 163 165 166 167 168 169 170 171 172 173 174 175 176 177 179 180 181 182 183 184 185 186 3671492650879737206
1 3 1 187 6 128 8 11 12 13 14 15 17 19 20 22 23 24 25 26 27 28 29 30 32 33 35 37 40 41 42 43 44 46 47 48 49 50 51 52 53 54 55 56 57 58 59 60 61 62 63 68 70 72 74 75 76 77 78 79 81 83 86 87 88 89 90 91 96 97 99 100 102 104 105 109 110 112 113 114 119 120 121 122 124 125 126 127 128 130 131 134 135 136 139 142 143 144 145 146 147 148 150 151 154 155 156 157 159 161 162 163 165 166 167 168 169 170 171 172 173 174 175 176 177 179 180 181 182 183 184 185 186 187 5559614659743744671
1 4 2 188 58 186 129 8 11 12 13 14 15 17 19 20 22 23 24 25 26 27 28 29 30 32 33 35 37 40 41 42 43 44 46 47 48 49 50 51 52 53 54 55 56 57 58 59 60 61 62 63 68 70 72 74 75 76 77 78 79 81 83 86 87 88 89 90 91 96 97 99 100 102 104 105 109 110 112 113 114 119 120 121 122 124 125 126 127 128 130 131 134 135 136 139 142 143 144 145 146 147 148 150 151 154 155 156 157 159 161 162 163 165 166 167 168 169 170 171 172 173 174 175 176 177 179 180 181 182 183 184 185 186 187 188 14362344311774395890
3 1 17 128 8 11 12 13 14 15 17 19 20 22 23 24 25 26 27 28 29 30 32 33 35 37 40 41 42 43 44 46 47 48 49 50 51 52 53 54 55 56 57 58 59 60 61 62 63 68 70 72 74 75 76 77 78 79 81 83 86 87 88 89 90 91 96 97 99 100 102 104 105 109 110 112 113 114 119 120 121 122 124 125 126 127 128 130 131 134 135 139 142 143 144 145 146 147 148 150 151 154 155 156 157 159 161 162 163 165 166 167 168 169 170 171 172 173 174 175 176 177 179 180 181 182 183 184 185 186 187 188 6021195837130162099
3 1 63 128 8 11 12 13 14 15 17 19 20 22 23 24 25 26 27 28 29 30 32 33 35 37 40 41 42 43 44 46 47 48 49 50 51 52 53 54 55 56 57 58 59 60 61 62 63 68 70 72 74 75 76 77 78 79 81 83 86 87 88 89 90 91 96 97 99 100 102 104 105 109 110 112 113 114 119 120 121 122 124 125 126 127 128 130 131 134 135 139 142 143 144 145 146 147 148 150 151 154 155 156 157 159 161 162 163 165 166 167 168 169 170 171 172 173 174 175 176 177 179 180 181 182 183 184 185 186 187 188 6021195837130162099
8 1 23 128 8 11 12 13 14 15 17 19 20 22 23 24 25 26 27 28 29 30 32 33 35 37 40 41 42 43 44 46 47 48 49 50 51 52 53 54 55 56 57 58 59 60 61 62 63 68 70 72 74 75 76 77 78 79 81 83 86 87 88 89 90 91 96 97 99 100 102 104 105 109 110 112 113 114 119 120 121 122 124 125 126 127 128 130 131 134 135 139 142 143 144 145 146 147 148 150 151 154 155 156 157 159 161 162 163 165 166 167 168 169 170 171 172 173 174 175 176 177 179 180 181 182 183 184 185 186 187 188 6021195837130162099
1 11 2 189 42 63 114 157 182 26 23 176 114 129 8 11 12 13 14 15 17 19 20 22 23 24 25 26 27 28 29 30 32 33 35 37 40 41 42 43 44 46 47 48 49 50 51 52 53 54 55 56 57 58 59 60 61 62 63 68 70 72 74 75 76 77 78 79 81 83 86 87 88 89 90 91 96 97 99 100 102 104 105 109 110 112 113 114 119 120 121 122 124 125 126 127 128 130 131 134 135 139 142 143 144 145 146 147 148 150 151 154 155 156 157 159 161 162 163 165 166 167 168 169 170 171 172 173 174 175 176 177 179 180 181 182 183 184 185 186 187 188 189 7298045940123479248
1 3 1 190 17 130 8 11 12 13 14 15 17 19 20 22 23 24 25 26 27 28 29 30 32 33 35 37 40 41 42 43 44 46 47 48 49 50 51 52 53 54 55 56 57 58 59 60 61 62 63 68 70 72 74 75 76 77 78 79 81 83 86 87 88 89 90 91 96 97 99 100 102 104 105 109 110 112 113 114 119 120 121 122 124 125 126 127 128 130 131 134 135 139 142 143 144 145 146 147 148 150 151 154 155 156 157 159 161 162 163 165 166 167 168 169 170 171 172 173 174 175 176 177 179 180 181 182 183 184 185 186 187 188 189 190 4335676612643417773
5 2 2 167 130 8 11 12 13 14 15 17 19 20 22 23 24 25 26 27 28 29 30 32 33 35 37 40 41 42 43 44 46 47 48 49 50 51 52 53 54 55 56 57 58 59 60 61 62 63 68 70 72 74 75 76 77 78 79 81 83 86 87 88 89 90 91 96 97 99 100 102 104 105 109 110 112 113 114 119 120 121 122 124 125 126 127 128 130 131 134 135 139 142 143 144 145 146 147 148 150 151 154 155 156 157 159 161 162 163 165 166 167 168 169 170 171 172 173 174 175 176 177 179 180 181 182 183 184 185 186 187 188 189 190 4335676612643417773
1 3 1 191 63 131 8 11 12 13 14 15 17 19 20 22 23 24 25 26 27 28 29 30 32 33 35 37 40 41 42 43 44 46 47 48 49 50 51 52 53 54 55 56 57 58 59 60 61 62 63 68 70 72 74 75 76 77 78 79 81 83 86 87 88 89 90 91 96 97 99 100 102 104 105 109 110 112 113 114 119 120 121 122 124 125 126 127 128 130 131 134 135 139 142 143 144 145 146 147 148 150 151 154 155 156 157 159 161 162 163 165 166 167 168 169 170 171 172 173 174 175 176 177 179 180 181 182 183 184 185 186 187 188 189 190 191 14454543244797358612
8 1 189 131 8 11 12 13 14 15 17 19 20 22 23 24 25 26 27 28 29 30 32 33 35 37 40 41 42 43 44 46 47 48 49 50 51 52 53 54 55 56 57 58 59 60 61 62 63 68 70 72 74 75 76 77 78 79 81 83 86 87 88 89 90 91 96 97 99 100 102 104 105 109 110 112 113 114 119 120 121 122 124 125 126 127 128 130 131 134 135 139 142 143 144 145 146 147 148 150 151 154 155 156 157 159 161 162 163 165 166 167 168 169 170 171 172 173 174 175 176 177 179 180 181 182 183 184 185 186 187 188 189 190 191 14454543244797358612
5 2 5 113 131 8 11 12 13 14 15 17 19 20 22 23 24 25 26 27 28 29 30 32 33 35 37 40 41 42 43 44 46 47 48 49 50 51 52 53 54 55 56 57 58 59 60 61 62 63 68 70 72 74 75 76 77 78 79 81 83 86 87 88 89 90 91 96 97 99 100 102 104 105 109 110 112 113 114 119 120 121 122 124 125 126 127 128 130 131 134 135 139 142 143 144 145 146 147 148 150 151 154 155 156 157 159 161 162 163 165 166 167 168 169 170 171 172 173 174 175 176 177 179 180 181 182 183 184 185 186 187 188 189 190 191 14454543244797358612
14 1 2 131 8 11 12 13 14 15 17 19 20 22 23 24 25 26 27 28 29 30 32 33 35 37 40 41 42 43 44 46 47 48 49 50 51 52 53 54 55 56 57 58 59 60 61 62 63 68 70 72 74 75 76 77 78 79 81 83 86 87 88 89 90 91 96 97 99 100 102 104 105 109 110 112 113 114 119 120 121 122 124 125 126 127 128 130 131 134 135 139 142 143 144 145 146 147 148 150 151 154 155 156 157 159 161 162 163 165 166 167 168 169 170 171 172 173 174 175 176 177 179 180 181 182 183 184 185 186 187 188 189 190 191 14454543244797358612
2 2 145 10 131 8 11 12 13 14 15 17 19 20 22 23 24 25 26 27 28 29 30 32 33 35 37 40 41 42 43 44 46 47 48 49 50 51 52 53 54 55 56 57 58 59 60 61 62 63 68 70 72 74 75 76 77 78 79 81 83 86 87 88 89 90 91 96 97 99 100 102 104 105 109 110 112 113 114 119 120 121 122 124 125 126 127 128 130 131 134 135 139 142 143 144 145 146 147 148 150 151 154 155 156 157 159 161 162 163 165 166 167 168 169 170 171 172 173 174 175 176 177 179 180 181 182 183 184 185 186 187 188 189 190 191 14454543244797358612
12 3 113 0 151 131 8 11 12 13 14 15 17 19 20 22 23 24 25 26 27 28 29 30 32 33 35 37 40 41 42 43 44 46 47 48 49 50 51 52 53 54 55 56 57 58 59 60 61 62 63 68 70 72 74 75 76 77 78 79 81 83 86 87 88 89 90 91 96 97 99 100 102 104 105 109 110 112 113 114 119 120 121 122 124 125 126 127 128 130 131 134 135 139 142 143 144 145 146 147 148 150 151 154 155 156 157 159 161 162 163 165 166 167 168 169 170 171 172 173 174 175 176 177 179 180 181 182 183 184 185 186 187 188 189 190 191 4584830203323187900
8 1 186 131 8 11 12 13 14 15 17 19 20 22 23 24 25 26 27 28 29 30 32 33 35 37 40 41 42 43 44 46 47 48 49 50 51 52 53 54 55 56 57 58 59 60 61 62 63 68 70 72 74 75 76 77 78 79 81 83 86 87 88 89 90 91 96 97 99 100 102 104 105 109 110 112 113 114 119 120 121 122 124 125 126 127 128 130 131 134 135 139 142 143 144 145 146 147 148 150 151 154 155 156 157 159 161 162 163 165 166 167 168 169 170 171 172 173 174 175 176 177 179 180 181 182 183 184 185 186 187 188 189 190 191 4584830203323187900
8 1 20 131 8 11 12 13 14 15 17 19 20 22 23 24 25 26 27 28 29 30 32 33 35 37 40 41 42 43 44 46 47 48 49 50 51 52 53 54 55 56 57 58 59 60 61 62 63 68 70 72 74 75 76 77 78 79 81 83 86 87 88 89 90 91 96 97 99 100 102 104 105 109 110 112 113 114 119 120 121 122 124 125 126 127 128 130 131 134 135 139 142 143 144 145 146 147 148 150 151 154 155 156 157 159 161 162 163 165 166 167 168 169 170 171 172 173 174 175 176 177 179 180 181 182 183 184 185 186 187 188 189 190 191 4584830203323187900
10 0 131 8 11 12 13 14 15 17 19 20 22 23 24 25 26 27 28 29 30 32 33 35 37 40 41 42 43 44 46 47 48 49 50 51 52 53 54 55 56 57 58 59 60 61 62 63 68 70 72 74 75 76 77 78 79 81 83 86 87 88 89 90 91 96 97 99 100 102 104 105 109 110 112 113 114 119 120 121 122 124 125 126 127 128 130 131 134 135 139 142 143 144 145 146 147 148 150 151 154 155 156 157 159 161 162 163 165 166 167 168 169 170 171 172 173 174 175 176 177 179 180 181 182 183 184 185 186 187 188 189 190 191 4584830203323187900
3 1 45 131 8 11 12 13 14 15 17 19 20 22 23 24 25 26 27 28 29 30 32 33 35 37 40 41 42 43 44 46 47 48 49 50 51 52 53 54 55 56 57 58 59 60 61 62 63 68 70 72 74 75 76 77 78 79 81 83 86 87 88 89 90 91 96 97 99 100 102 104 105 109 110 112 113 114 119 120 121 122 124 125 126 127 128 130 131 134 135 139 142 143 144 145 146 147 148 150 151 154 155 156 157 159 161 162 163 165 166 167 168 169 170 171 172 173 174 175 176 177 179 180 181 182 183 184 185 186 187 188 189 190 191 4584830203323187900
1 19 2 192 45 162 154 155 15 86 139 135 128 191 52 37 42 105 22 49 134 132 8 11 12 13 14 15 17 19 20 22 23 24 25 26 27 28 29 30 32 33 35 37 40 41 42 43 44 46 47 48 49 50 51 52 53 54 55 56 57 58 59 60 61 62 63 68 70 72 74 75 76 77 78 79 81 83 86 87 88 89 90 91 96 97 99 100 102 104 105 109 110 112 113 114 119 120 121 122 124 125 126 127 128 130 131 134 135 139 142 143 144 145 146 147 148 150 151 154 155 156 157 159 161 162 163 165 166 167 168 169 170 171 172 173 174 175 176 177 179 180 181 182 183 184 185 186 187 188 189 190 191 192 8020318716594711658
8 1 56 132 8 11 12 13 14 15 17 19 20 22 23 24 25 26 27 28 29 30 32 33 35 37 40 41 42 43 44 46 47 48 49 50 51 52 53 54 55 56 57 58 59 60 61 62 63 68 70 72 74 75 76 77 78 79 81 83 86 87 88 89 90 91 96 97 99 100 102 104 105 109 110 112 113 114 119 120 121 122 124 125 126 127 128 130 131 134 135 139 142 143 144 145 146 147 148 150 151 154 155 156 157 159 161 162 163 165 166 167 168 169 170 171 172 173 174 175 176 177 179 180 181 182 183 184 185 186 187 188 189 190 191 192 8020318716594711658
10 0 132 8 11 12 13 14 15 17 19 20 22 23 24 25 26 27 28 29 30 32 33 35 37 40 41 42 43 44 46 47 48 49 50 51 52 53 54 55 56 57 58 59 60 61 62 63 68 70 72 74 75 76 77 78 79 81 83 86 87 88 89 90 91 96 97 99 100 102 104 105 109 110 112 113 114 119 120 121 122 124 125 126 127 128 130 131 134 135 139 142 143 144 145 146 147 148 150 151 154 155 156 157 159 161 162 163 165 166 167 168 169 170 171 172 173 174 175 176 177 179 180 181 182 183 184 185 186 187 188 189 190 191 192 8020318716594711658
8 1 32 132 8 11 12 13 14 15 17 19 20 22 23 24 25 26 27 28 29 30 32 33 35 37 40 41 42 43 44 46 47 48 49 50 51 52 53 54 55 56 57 58 59 60 61 62 63 68 70 72 74 75 76 77 78 79 81 83 86 87 88 89 90 91 96 97 99 100 102 104 105 109 110 112 113 114 119 120 121 122 124 125 126 127 128 130 131 134 135 139 142 143 144 145 146 147 148 150 151 154 155 156 157 159 161 162 163 165 166 167 168 169 170 171 172 173 174 175 176 177 179 180 181 182 183 184 185 186 187 188 189 190 191 192 8020318716594711658
5 2 3 33 132 8 11 12 13 14 15 17 19 20 22 23 24 25 26 27 28 29 30 32 33 35 37 40 41 42 43 44 46 47 48 49 50 51 52 53 54 55 56 57 58 59 60 61 62 63 68 70 72 74 75 76 77 78 79 81 83 86 87 88 89 90 91 96 97 99 100 102 104 105 109 110 112 113 114 119 120 121 122 124 125 126 127 128 130 131 134 135 139 142 143 144 145 146 147 148 150 151 154 155 156 157 159 161 162 163 165 166 167 168 169 170 171 172 173 174 175 176 177 179 180 181 182 183 184 185 186 187 188 189 190 191 192 8020318716594711658
3 1 51 132 8 11 12 13 14 15 17 19 20 22 23 24 25 26 27 28 29 30 32 33 35 37 40 41 42 43 44 46 47 48 49 50 51 52 53 54 55 56 57 58 59 60 61 62 63 68 70 72 74 75 76 77 78 79 81 83 86 87 88 89 90 91 96 97 99 100 102 104 105 109 110 112 113 114 119 120 121 122 124 125 126 127 128 130 131 134 135 139 142 143 144 145 146 147 148 150 151 154 155 156 157 159 161 162 163 165 166 167 168 169 170 171 172 173 174 175 176 177 179 180 181 182 183 184 185 186 187 188 189 190 191 192 8020318716594711658
8 1 90 132 8 11 12 13 14 15 17 19 20 22 23 24 25 26 27 28 29 30 32 33 35 37 40 41 42 43 44 46 47 48 49 50 51 52 53 54 55 56 57 58 59 60 61 62 63 68 70 72 74 75 76 77 78 79 81 83 86 87 88 89 90 91 96 97 99 100 102 104 105 109 110 112 113 114 119 120 121 122 124 125 126 127 128 130 131 134 135 139 142 143 144 145 146 147 148 150 151 154 155 156 157 159 161 162 163 165 166 167 168 169 170 171 172 173 174 175 176 177 179 180 181 182 183 184 185 186 187 188 189 190 191 192 8020318716594711658
5 2 3 122 132 8 11 12 13 14 15 17 19 20 22 23 24 25 26 27 28 29 30 32 33 35 37 40 41 42 43 44 46 47 48 49 50 51 52 53 54 55 56 57 58 59 60 61 62 63 68 70 72 74 75 76 77 78 79 81 83 86 87 88 89 90 91 96 97 99 100 102 104 105 109 110 112 113 114 119 120 121 122 124 125 126 127 128 130 131 134 135 139 142 143 144 145 146 147 148 150 151 154 155 156 157 159 161 162 163 165 166 167 168 169 170 171 172 173 174 175 176 177 179 180 181 182 183 184 185 186 187 188 189 190 191 192 8020318716594711658
6 2 2 24 132 8 11 12 13 14 15 17 19 20 22 23 24 25 26 27 28 29 30 32 33 35 37 40 41 42 43 44 46 47 48 49 50 51 52 53 54 55 56 57 58 59 60 61 62 63 68 70 72 74 75 76 77 78 79 81 83 86 87 88 89 90 91 96 97 99 100 102 104 105 109 110 112 113 114 119 120 121 122 124 125 126 127 128 130 131 134 135 139 142 143 144 145 146 147 148 150 151 154 155 156 157 159 161 162 163 165 166 167 168 169 170 171 172 173 174 175 176 177 179 180 181 182 183 184 185 186 187 188 189 190 191 192 8020318716594711658
12 3 47 5 121 132 8 11 12 13 14 15 17 19 20 22 23 24 25 26 27 28 29 30 32 33 35 37 40 41 42 43 44 46 47 48 49 50 51 52 53 54 55 56 57 58 59 60 61 62 63 68 70 72 74 75 76 77 78 79 81 83 86 87 88 89 90 91 96 97 99 100 102 104 105 109 110 112 113 114 119 120 121 122 124 125 126 127 128 130 131 134 135 139 142 143 144 145 146 147 148 150 151 154 155 156 157 159 161 162 163 165 166 167 168 169 170 171 172 173 174 175 176 177 179 180 181 182 183 184 185 186 187 188 189 190 191 192 13141515559681994912
14 1 18446744073709551615 132 8 11 12 13 14 15 17 19 20 22 23 24 25 26 27 28 29 30 32 33 35 37 40 41 42 43 44 46 47 48 49 50 51 52 53 54 55 56 57 58 59 60 61 62 63 68 70 72 74 75 76 77 78 79 81 83 86 87 88 89 90 91 96 97 99 100 102 104 105 109 110 112 113 114 119 120 121 122 124 125 126 127 128 130 131 134 135 139 142 143 144 145 146 147 148 150 151 154 155 156 157 159 161 162 163 165 166 167 168 169 170 171 172 173 174 175 176 177 179 180 181 182 183 184 185 186 187 188 189 190 191 192 13141515559681994912
1 3 1 193 51 133 8 11 12 13 14 15 17 19 20 22 23 24 25 26 27 28 29 30 32 33 35 37 40 41 42 43 44 46 47 48 49 50 51 52 53 54 55 56 57 58 59 60 61 62 63 68 70 72 74 75 76 77 78 79 81 83 86 87 88 89 90 91 96 97 99 100 102 104 105 109 110 112 113 114 119 120 121 122 124 125 126 127 128 130 131 134 135 139 142 143 144 145 146 147 148 150 151 154 155 156 157 159 161 162 163 165 166 167 168 169 170 171 172 173 174 175 176 177 179 180 181 182 183 184 185 186 187 188 189 190 191 192 193 9905351947169591189
5 2 1 131 133 8 11 12 13 14 15 17 19 20 22 23 24 25 26 27 28 29 30 32 33 35 37 40 41 42 43 44 46 47 48 49 50 51 52 53 54 55 56 57 58 59 60 61 62 63 68 70 72 74 75 76 77 78 79 81 83 86 87 88 89 90 91 96 97 99 100 102 104 105 109 110 112 113 114 119 120 121 122 124 125 126 127 128 130 131 134 135 139 142 143 144 145 146 147 148 150 151 154 155 156 157 159 161 162 163 165 166 167 168 169 170 171 172 173 174 175 176 177 179 180 181 182 183 184 185 186 187 188 189 190 191 192 193 9905351947169591189
13 2 14 179 133 8 11 12 13 14 15 17 19 20 22 23 24 25 26 27 28 29 30 32 33 35 37 40 41 42 43 44 46 47 48 49 50 51 52 53 54 55 56 57 58 59 60 61 62 63 68 70 72 74 75 76 77 78 79 81 83 86 87 88 89 90 91 96 97 99 100 102 104 105 109 110 112 113 114 119 120 121 122 124 125 126 127 128 130 131 134 135 139 142 143 144 145 146 147 148 150 151 154 155 156 157 159 161 162 163 165 166 167 168 169 170 171 172 173 174 175 176 177 179 180 181 182 183 184 185 186 187 188 189 190 191 192 193 5951361323313064063
7 2 2 24 133 8 11 12 13 14 15 17 19 20 22 23 24 25 26 27 28 29 30 32 33 35 37 40 41 42 43 44 46 47 48 49 50 51 52 53 54 55 56 57 58 59 60 61 62 63 68 70 72 74 75 76 77 78 79 81 83 86 87 88 89 90 91 96 97 99 100 102 104 105 109 110 112 113 114 119 120 121 122 124 125 126 127 128 130 131 134 135 139 142 143 144 145 146 147 148 150 151 154 155 156 157 159 161 162 163 165 166 167 168 169 170 171 172 173 174 175 176 177 179 180 181 182 183 184 185 186 187 188 189 190 191 192 193 5951361323313064063
5 2 4 29 133 8 11 12 13 14 15 17 19 20 22 23 24 25 26 27 28 29 30 32 33 35 37 40 41 42 43 44 46 47 48 49 50 51 52 53 54 55 56 57 58 59 60 61 62 63 68 70 72 74 75 76 77 78 79 81 83 86 87 88 89 90 91 96 97 99 100 102 104 105 109 110 112 113 114 119 120 121 122 124 125 126 127 128 130 131 134 135 139 142 143 144 145 146 147 148 150 151 154 155 156 157 159 161 162 163 165 166 167 168 169 170 171 172 173 174 175 176 177 179 180 181 182 183 184 185 186 187 188 189 190 191 192 193 5951361323313064063
10 0 133 8 11 12 13 14 15 17 19 20 22 23 24 25 26 27 28 29 30 32 33 35 37 40 41 42 43 44 46 47 48 49 50 51 52 53 54 55 56 57 58 59 60 61 62 63 68 70 72 74 75 76 77 78 79 81 83 86 87 88 89 90 91 96 97 99 100 102 104 105 109 110 112 113 114 119 120 121 122 124 125 126 127 128 130 131 134 135 139 142 143 144 145 146 147 148 150 151 154 155 156 157 159 161 162 163 165 166 167 168 169 170 171 172 173 174 175 176 177 179 180 181 182 183 184 185 186 187 188 189 190 191 192 193 5951361323313064063
9 1 8 133 8 11 12 13 14 15 17 19 20 22 23 24 25 26 27 28 29 30 32 33 35 37 40 41 42 43 44 46 47 48 49 50 51 52 53 54 55 56 57 58 59 60 61 62 63 68 70 72 74 75 76 77 78 79 81 83 86 87 88 89 90 91 96 97 99 100 102 104 105 109 110 112 113 114 119 120 121 122 124 125 126 127 128 130 131 134 135 139 142 143 144 145 146 147 148 150 151 154 155 156 157 159 161 162 163 165 166 167 168 169 170 171 172 173 174 175 176 177 179 180 181 182 183 184 185 186 187 188 189 190 191 192 193 5951361323313064063
12 3 14 21 49 133 8 11 12 13 14 15 17 19 20 22 23 24 25 26 27 28 29 30 32 33 35 37 40 41 42 43 44 46 47 48 49 50 51 52 53 54 55 56 57 58 59 60 61 62 63 68 70 72 74 75 76 77 78 79 81 83 86 87 88 89 90 91 96 97 99 100 102 104 105 109 110 112 113 114 119 120 121 122 124 125 126 127 128 130 131 134 135 139 142 143 144 145 146 147 148 150 151 154 155 156 157 159 161 162 163 165 166 167 168 169 170 171 172 173 174 175 176 177 179 180 181 182 183 184 185 186 187 188 189 190 191 192 193 1283358199518070689
3 1 25 133 8 11 12 13 14 15 17 19 20 22 23 24 25 26 27 28 29 30 32 33 35 37 40 41 42 43 44 46 47 48 49 50 51 52 53 54 55 56 57 58 59 60 61 62 63 68 70 72 74 75 76 77 78 79 81 83 86 87 88 89 90 91 96 97 99 100 102 104 105 109 110 112 113 114 119 120 121 122 124 125 126 127 128 130 131 134 135 139 142 143 144 145 146 147 148 150 151 154 155 156 157 159 161 162 163 165 166 167 168 169 170 171 172 173 174 175 176 177 179 180 181 182 183 184 185 186 187 188 189 190 191 192 193 1283358199518070689
8 1 165 133 8 11 12 13 14 15 17 19 20 22 23 24 25 26 27 28 29 30 32 33 35 37 40 41 42 43 44 46 47 48 49 50 51 52 53 54 55 56 57 58 59 60 61 62 63 68 70 72 74 75 76 77 78 79 81 83 86 87 88 89 90 91 96 97 99 100 102 104 105 109 110 112 113 114 119 120 121 122 124 125 126 127 128 130 131 134 135 139 142 143 144 145 146 147 148 150 151 154 155 156 157 159 161 162 163 165 166 167 168 169 170 171 172 173 174 175 176 177 179 180 181 182 183 184 185 186 187 188 189 190 191 192 193 1283358199518070689
12 3 113 0 173 133 8 11 12 13 14 15 17 19 20 22 23 24 25 26 27 28 29 30 32 33 35 37 40 41 42 43 44 46 47 48 49 50 51 52 53 54 55 56 57 58 59 60 61 62 63 68 70 72 74 75 76 77 78 79 81 83 86 87 88 89 90 91 96 97 99 100 102 104 105 109 110 112 113 114 119 120 121 122 124 125 126 127 128 130 131 134 135 139 142 143 144 145 146 147 148 150 151 154 155 156 157 159 161 162 163 165 166 167 168 169 170 171 172 173 174 175 176 177 179 180 181 182 183 184 185 186 187 188 189 190 191 192 193 4402322428608869795
13 2 48 159 133 8 11 12 13 14 15 17 19 20 22 23 24 25 26 27 28 29 30 32 33 35 37 40 41 42 43 44 46 47 48 49 50 51 52 53 54 55 56 57 58 59 60 61 62 63 68 70 72 74 75 76 77 78 79 81 83 86 87 88 89 90 91 96 97 99 100 102 104 105 109 110 112 113 114 119 120 121 122 124 125 126 127 128 130 131 134 135 139 142 143 144 145 146 147 148 150 151 154 155 156 157 159 161 162 163 165 166 167 168 169 170 171 172 173 174 175 176 177 179 180 181 182 183 184 185 186 187 188 189 190 191 192 193 16267357486899743963
6 2 1 27 133 8 11 12 13 14 15 17 19 20 22 23 24 25 26 27 28 29 30 32 33 35 37 40 41 42 43 44 46 47 48 49 50 51 52 53 54 55 56 57 58 59 60 61 62 63 68 70 72 74 75 76 77 78 79 81 83 86 87 88 89 90 91 96 97 99 100 102 104 105 109 110 112 113 114 119 120 121 122 124 125 126 127 128 130 131 134 135 139 142 143 144 145 146 147 148 150 151 154 155 156 157 159 161 162 163 165 166 167 168 169 170 171 172 173 174 175 176 177 179 180 181 182 183 184 185 186 187 188 189 190 191 192 193 16267357486899743963
8 1 122 133 8 11 12 13 14 15 17 19 20 22 23 24 25 26 27 28 29 30 32 33 35 37 40 41 42 43 44 46 47 48 49 50 51 52 53 54 55 56 57 58 59 60 61 62 63 68 70 72 74 75 76 77 78 79 81 83 86 87 88 89 90 91 96 97 99 100 102 104 105 109 110 112 113 114 119 120 121 122 124 125 126 127 128 130 131 134 135 139 142 143 144 145 146 147 148 150 151 154 155 156 157 159 161 162 163 165 166 167 168 169 170 171 172 173 174 175 176 177 179 180 181 182 183 184 185 186 187 188 189 190 191 192 193 16267357486899743963
2 2 104 25 133 8 11 12 13 14 15 17 19 20 22 23 24 25 26 27 28 29 30 32 33 35 37 40 41 42 43 44 46 47 48 49 50 51 52 53 54 55 56 57 58 59 60 61 62 63 68 70 72 74 75 76 77 78 79 81 83 86 87 88 89 90 91 96 97 99 100 102 104 105 109 110 112 113 114 119 120 121 122 124 125 126 127 128 130 131 134 135 139 142 143 144 145 146 147 148 150 151 154 155 156 157 159 161 162 163 165 166 167 168 169 170 171 172 173 174 175 176 177 179 180 181 182 183 184 185 186 187 188 189 190 191 192 193 16267357486899743963
1 19 2 194 27 113 172 156 49 170 96 33 172 22 8 23 135 142 0 145 32 134 8 11 12 13 14 15 17 19 20 22 23 24 25 26 27 28 29 30 32 33 35 37 40 41 42 43 44 46 47 48 49 50 51 52 53 54 55 56 57 58 59 60 61 62 63 68 70 72 74 75 76 77 78 79 81 83 86 87 88 89 90 91 96 97 99 100 102 104 105 109 110 112 113 114 119 120 121 122 124 125 126 127 128 130 131 134 135 139 142 143 144 145 146 147 148 150 151 154 155 156 157 159 161 162 163 165 166 167 168 169 170 171 172 173 174 175 176 177 179 180 181 182 183 184 185 186 187 188 189 190 191 192 193 194 16310433897635405497
8 1 122 134 8 11 12 13 14 15 17 19 20 22 23 24 25 26 27 28 29 30 32 33 35 37 40 41 42 43 44 46 47 48 49 50 51 52 53 54 55 56 57 58 59 60 61 62 63 68 70 72 74 75 76 77 78 79 81 83 86 87 88 89 90 91 96 97 99 100 102 104 105 109 110 112 113 114 119 120 121 122 124 125 126 127 128 130 131 134 135 139 142 143 144 145 146 147 148 150 151 154 155 156 157 159 161 162 163 165 166 167 168 169 170 171 172 173 174 175 176 177 179 180 181 182 183 184 185 186 187 188 189 190 191 192 193 194 16310433897635405497
8 1 174 134 8 11 12 13 14 15 17 19 20 22 23 24 25 26 27 28 29 30 32 33 35 37 40 41 42 43 44 46 47 48 49 50 51 52 53 54 55 56 57 58 59 60 61 62 63 68 70 72 74 75 76 77 78 79 81 83 86 87 88 89 90 91 96 97 99 100 102 104 105 109 110 112 113 114 119 120 121 122 124 125 126 127 128 130 131 134 135 139 142 143 144 145 146 147 148 150 151 154 155 156 157 159 161 162 163 165 166 167 168 169 170 171 172 173 174 175 176 177 179 180 181 182 183 184 185 186 187 188 189 190 191 192 193 194 16310433897635405497
8 1 52 134 8 11 12 13 14 15 17 19 20 22 23 24 25 26 27 28 29 30 32 33 35 37 40 41 42 43 44 46 47 48 49 50 51 52 53 54 55 56 57 58 59 60 61 62 63 68 70 72 74 75 76 77 78 79 81 83 86 87 88 89 90 91 96 97 99 100 102 104 105 109 110 112 113 114 119 120 121 122 124 125 126 127 128 130 131 134 135 139 142 143 144 145 146 147 148 150 151 154 155 156 157 159 161 162 163 165 166 167 168 169 170 171 172 173 174 175 176 177 179 180 181 182 183 184 185 186 187 188 189 190 191 192 193 194 16310433897635405497
14 1 32 134 8 11 12 13 14 15 17 19 20 22 23 24 25 26 27 28 29 30 32 33 35 37 40 41 42 43 44 46 47 48 49 50 51 52 53 54 55 56 57 58 59 60 61 62 63 68 70 72 74 75 76 77 78 79 81 83 86 87 88 89 90 91 96 97 99 100 102 104 105 109 110 112 113 114 119 120 121 122 124 125 126 127 128 130 131 134 135 139 142 143 144 145 146 147 148 150 151 154 155 156 157 159 161 162 163 165 166 167 168 169 170 171 172 173 174 175 176 177 179 180 181 182 183 184 185 186 187 188 189 190 191 192 193 194 16310433897635405497
6 2 7 62 134 8 11 12 13 14 15 17 19 20 22 23 24 25 26 27 28 29 30 32 33 35 37 40 41 42 43 44 46 47 48 49 50 51 52 53 54 55 56 57 58 59 60 61 62 63 68 70 72 74 75 76 77 78 79 81 83 86 87 88 89 90 91 96 97 99 100 102 104 105 109 110 112 113 114 119 120 121 122 124 125 126 127 128 130 131 134 135 139 142 143 144 145 146 147 148 150 151 154 155 156 157 159 161 162 163 165 166 167 168 169 170 171 172 173 174 175 176 177 179 180 181 182 183 184 185 186 187 188 189 190 191 192 193 194 16310433897635405497
12 3 28 2 8 134 8 11 12 13 14 15 17 19 20 22 23 24 25 26 27 28 29 30 32 33 35 37 40 41 42 43 44 46 47 48 49 50 51 52 53 54 55 56 57 58 59 60 61 62 63 68 70 72 74 75 76 77 78 79 81 83 86 87 88 89 90 91 96 97 99 100 102 104 105 109 110 112 113 114 119 120 121 122 124 125 126 127 128 130 131 134 135 139 142 143 144 145 146 147 148 150 151 154 155 156 157 159 161 162 163 165 166 167 168 169 170 171 172 173 174 175 176 177 179 180 181 182 183 184 185 186 187 188 189 190 191 192 193 194 16404351495259989861
10 0 134 8 11 12 13 14 15 17 19 20 22 23 24 25 26 27 28 29 30 32 33 35 37 40 41 42 43 44 46 47 48 49 50 51 52 53 54 55 56 57 58 59 60 61 62 63 68 70 72 74 75 76 77 78 79 81 83 86 87 88 89 90 91 96 97 99 100 102 104 105 109 110 112 113 114 119 120 121 122 124 125 126 127 128 130 131 134 135 139 142 143 144 145 146 147 148 150 151 154 155 156 157 159 161 162 163 165 166 167 168 169 170 171 172 173 174 175 176 177 179 180 181 182 183 184 185 186 187 188 189 190 191 192 193 194 16404351495259989861
6 2 6 58 134 8 11 12 13 14 15 17 19 20 22 23 24 25 26 27 28 29 30 32 33 35 37 40 41 42 43 44 46 47 48 49 50 51 52 53 54 55 56 57 58 59 60 61 62 63 68 70 72 74 75 76 77 78 79 81 83 86 87 88 89 90 91 96 97 99 100 102 104 105 109 110 112 113 114 119 120 121 122 124 125 126 127 128 130 131 134 135 139 142 143 144 145 146 147 148 150 151 154 155 156 157 159 161 162 163 165 166 167 168 169 170 171 172 173 174 175 176 177 179 180 181 182 183 184 185 186 187 188 189 190 191 192 193 194 16404351495259989861
10 0 134 8 11 12 13 14 15 17 19 20 22 23 24 25 26 27 28 29 30 32 33 35 37 40 41 42 43 44 46 47 48 49 50 51 52 53 54 55 56 57 58 59 60 61 62 63 68 70 72 74 75 76 77 78 79 81 83 86 87 88 89 90 91 96 97 99 100 102 104 105 109 110 112 113 114 119 120 121 122 124 125 126 127 128 130 131 134 135 139 142 143 144 145 146 147 148 150 151 154 155 156 157 159 161 162 163 165 166 167 168 169 170 171 172 173 174 175 176 177 179 180 181 182 183 184 185 186 187 188 189 190 191 192 193 194 16404351495259989861
1 12 3 195 8 121 113 187 81 192 62 75 61 167 135 8 11 12 13 14 15 17 19 20 22 23 24 25 26 27 28 29 30 32 33 35 37 40 41 42 43 44 46 47 48 49 50 51 52 53 54 55 56 57 58 59 60 61 62 63 68 70 72 74 75 76 77 78 79 81 83 86 87 88 89 90 91 96 97 99 100 102 104 105 109 110 112 113 114 119 120 121 122 124 125 126 127 128 130 131 134 135 139 142 143 144 145 146 147 148 150 151 154 155 156 157 159 161 162 163 165 166 167 168 169 170 171 172 173 174 175 176 177 179 180 181 182 183 184 185 186 187 188 189 190 191 192 193 194 195 3688527076105686627
1 19 3 196 62 159 162 184 105 169 169 176 193 159 162 60 30 157 194 124 188 136 8 11 12 13 14 15 17 19 20 22 23 24 25 26 27 28 29 30 32 33 35 37 40 41 42 43 44 46 47 48 49 50 51 52 53 54 55 56 57 58 59 60 61 62 63 68 70 72 74 75 76 77 78 79 81 83 86 87 88 89 90 91 96 97 99 100 102 104 105 109 110 112 113 114 119 120 121 122 124 125 126 127 128 130 131 134 135 139 142 143 144 145 146 147 148 150 151 154 155 156 157 159 161 162 163 165 166 167 168 169 170 171 172 173 174 175 176 177 179 180 181 182 183 184 185 186 187 188 189 190 191 192 193 194 195 196 2596853043262208673
3 1 51 136 8 11 12 13 14 15 17 19 20 22 23 24 25 26 27 28 29 30 32 33 35 37 40 41 42 43 44 46 47 48 49 50 51 52 53 54 55 56 57 58 59 60 61 62 63 68 70 72 74 75 76 77 78 79 81 83 86 87 88 89 90 91 96 97 99 100 102 104 105 109 110 112 113 114 119 120 121 122 124 125 126 127 128 130 131 134 135 139 142 143 144 145 146 147 148 150 151 154 155 156 157 159 161 162 163 165 166 167 168 169 170 171 172 173 174 175 176 177 179 180 181 182 183 184 185 186 187 188 189 190 191 192 193 194 195 196 2596853043262208673
5 2 6 191 136 8 11 12 13 14 15 17 19 20 22 23 24 25 26 27 28 29 30 32 33 35 37 40 41 42 43 44 46 47 48 49 50 51 52 53 54 55 56 57 58 59 60 61 62 63 68 70 72 74 75 76 77 78 79 81 83 86 87 88 89 90 91 96 97 99 100 102 104 105 109 110 112 113 114 119 120 121 122 124 125 126 127 128 130 131 134 135 139 142 143 144 145 146 147 148 150 151 154 155 156 157 159 161 162 163 165 166 167 168 169 170 171 172 173 174 175 176 177 179 180 181 182 183 184 185 186 187 188 189 190 191 192 193 194 195 196 2596853043262208673
14 1 33 136 8 11 12 13 14 15 17 19 20 22 23 24 25 26 27 28 29 30 32 33 35 37 40 41 42 43 44 46 47 48 49 50 51 52 53 54 55 56 57 58 59 60 61 62 63 68 70 72 74 75 76 77 78 79 81 83 86 87 88 89 90 91 96 97 99 100 102 104 105 109 110 112 113 114 119 120 121 122 124 125 126 127 128 130 131 134 135 139 142 143 144 145 146 147 148 150 151 154 155 156 157 159 161 162 163 165 166 167 168 169 170 171 172 173 174 175 176 177 179 180 181 182 183 184 185 186 187 188 189 190 191 192 193 194 195 196 2596853043262208673
8 1 26 136 8 11 12 13 14 15 17 19 20 22 23 24 25 26 27 28 29 30 32 33 35 37 40 41 42 43 44 46 47 48 49 50 51 52 53 54 55 56 57 58 59 60 61 62 63 68 70 72 74 75 76 77 78 79 81 83 86 87 88 89 90 91 96 97 99 100 102 104 105 109 110 112 113 114 119 120 121 122 124 125 126 127 128 130 131 134 135 139 142 143 144 145 146 147 148 150 151 154 155 156 157 159 161 162 163 165 166 167 168 169 170 171 172 173 174 175 176 177 179 180 181 182 183 184 185 186 187 188 189 190 191 192 193 194 195 196 2596853043262208673
3 1 36 136 8 11 12 13 14 15 17 19 20 22 23 24 25 26 27 28 29 30 32 33 35 37 40 41 42 43 44 46 47 48 49 50 51 52 53 54 55 56 57 58 59 60 61 62 63 68 70 72 74 75 76 77 78 79 81 83 86 87 88 89 90 91 96 97 99 100 102 104 105 109 110 112 113 114 119 120 121 122 124 125 126 127 128 130 131 134 135 139 142 143 144 145 146 147 148 150 151 154 155 156 157 159 161 162 163 165 166 167 168 169 170 171 172 173 174 175 176 177 179 180 181 182 183 184 185 186 187 188 189 190 191 192 193 194 195 196 2596853043262208673
2 2 190 36 136 8 11 12 13 14 15 17 19 20 22 23 24 25 26 27 28 29 30 32 33 35 37 40 41 42 43 44 46 47 48 49 50 51 52 53 54 55 56 57 58 59 60 61 62 63 68 70 72 74 75 76 77 78 79 81 83 86 87 88 89 90 91 96 97 99 100 102 104 105 109 110 112 113 114 119 120 121 122 124 125 126 127 128 130 131 134 135 139 142 143 144 145 146 147 148 150 151 154 155 156 157 159 161 162 163 165 166 167 168 169 170 171 172 173 174 175 176 177 179 180 181 182 183 184 185 186 187 188 189 190 191 192 193 194 195 196 2596853043262208673
12 3 113 1 53 136 8 11 12 13 14 15 17 19 20 22 23 24 25 26 27 28 29 30 32 33 35 37 40 41 42 43 44 46 47 48 49 50 51 52 53 54 55 56 57 58 59 60 61 62 63 68 70 72 74 75 76 77 78 79 81 83 86 87 88 89 90 91 96 97 99 100 102 104 105 109 110 112 113 114 119 120 121 122 124 125 126 127 128 130 131 134 135 139 142 143 144 145 146 147 148 150 151 154 155 156 157 159 161 162 163 165 166 167 168 169 170 171 172 173 174 175 176 177 179 180 181 182 183 184 185 186 187 188 189 190 191 192 193 194 195 196 9063754259286549376
5 2 2 91 136 8 11 12 13 14 15 17 19 20 22 23 24 25 26 27 28 29 30 32 33 35 37 40 41 42 43 44 46 47 48 49 50 51 52 53 54 55 56 57 58 59 60 61 62 63 68 70 72 74 75 76 77 78 79 81 83 86 87 88 89 90 91 96 97 99 100 102 104 105 109 110 112 113 114 119 120 121 122 124 125 126 127 128 130 131 134 135 139 142 143 144 145 146 147 148 150 151 154 155 156 157 159 161 162 163 165 166 167 168 169 170 171 172 173 174 175 176 177 179 180 181 182 183 184 185 186 187 188 189 190 191 192 193 194 195 196 9063754259286549376
12 3 161 2 191 136 8 11 12 13 14 15 17 19 20 22 23 24 25 26 27 28 29 30 32 33 35 37 40 41 42 43 44 46 47 48 49 50 51 52 53 54 55 56 57 58 59 60 61 62 63 68 70 72 74 75 76 77 78 79 81 83 86 87 88 89 90 91 96 97 99 100 102 104 105 109 110 112 113 114 119 120 121 122 124 125 126 127 128 130 131 134 135 139 142 143 144 145 146 147 148 150 151 154 155 156 157 159 161 162 163 165 166 167 168 169 170 171 172 173 174 175 176 177 179 180 181 182 183 184 185 186 187 188 189 190 191 192 193 194 195 196 10846943100779239409
7 2 4 58 136 8 11 12 13 14 15 17 19 20 22 23 24 25 26 27 28 29 30 32 33 35 37 40 41 42 43 44 46 47 48 49 50 51 52 53 54 55 56 57 58 59 60 61 62 63 68 70 72 74 75 76 77 78 79 81 83 86 87 88 89 90 91 96 97 99 100 102 104 105 109 110 112 113 114 119 120 121 122 124 125 126 127 128 130 131 134 135 139 142 143 144 145 146 147 148 150 151 154 155 156 157 159 161 162 163 165 166 167 168 169 170 171 172 173 174 175 176 177 179 180 181 182 183 184 185 186 187 188 189 190 191 192 193 194 195 196 10846943100779239409
14 1 8 136 8 11 12 13 14 15 17 19 20 22 23 24 25 26 27 28 29 30 32 33 35 37 40 41 42 43 44 46 47 48 49 50 51 52 53 54 55 56 57 58 59 60 61 62 63 68 70 72 74 75 76 77 78 79 81 83 86 87 88 89 90 91 96 97 99 100 102 104 105 109 110 112 113 114 119 120 121 122 124 125 126 127 128 130 131 134 135 139 142 143 144 145 146 147 148 150 151 154 155 156 157 159 161 162 163 165 166 167 168 169 170 171 172 173 174 175 176 177 179 180 181 182 183 184 185 186 187 188 189 190 191 192 193 194 195 196 10846943100779239409
12 3 181 0 24 136 8 11 12 13 14 15 17 19 20 22 23 24 25 26 27 28 29 30 32 33 35 37 40 41 42 43 44 46 47 48 49 50 51 52 53 54 55 56 57 58 59 60 61 62 63 68 70 72 74 75 76 77 78 79 81 83 86 87 88 89 90 91 96 97 99 100 102 104 105 109 110 112 113 114 119 120 121 122 124 125 126 127 128 130 131 134 135 139 142 143 144 145 146 147 148 150 151 154 155 156 157 159 161 162 163 165 166 167 168 169 170 171 172 173 174 175 176 177 179 180 181 182 183 184 185 186 187 188 189 190 191 192 193 194 195 196 4553318359598380033
14 1 2 136 8 11 12 13 14 15 17 19 20 22 23 24 25 26 27 28 29 30 32 33 35 37 40 41 42 43 44 46 47 48 49 50 51 52 53 54 55 56 57 58 59 60 61 62 63 68 70 72 74 75 76 77 78 79 81 83 86 87 88 89 90 91 96 97 99 100 102 104 105 109 110 112 113 114 119 120 121 122 124 125 126 127 128 130 131 134 135 139 142 143 144 145 146 147 148 150 151 154 155 156 157 159 161 162 163 165 166 167 168 169 170 171 172 173 174 175 176 177 179 180 181 182 183 184 185 186 187 188 189 190 191 192 193 194 195 196 4553318359598380033
8 1 72 136 8 11 12 13 14 15 17 19 20 22 23 24 25 26 27 28 29 30 32 33 35 37 40 41 42 43 44 46 47 48 49 50 51 52 53 54 55 56 57 58 59 60 61 62 63 68 70 72 74 75 76 77 78 79 81 83 86 87 88 89 90 91 96 97 99 100 102 104 105 109 110 112 113 114 119 120 121 122 124 125 126 127 128 130 131 134 135 139 142 143 144 145 146 147 148 150 151 154 155 156 157 159 161 162 163 165 166 167 168 169 170 171 172 173 174 175 176 177 179 180 181 182 183 184 185 186 187 188 189 190 191 192 193 194 195 196 4553318359598380033
8 1 146 136 8 11 12 13 14 15 17 19 20 22 23 24 25 26 27 28 29 30 32 33 35 37 40 41 42 43 44 46 47 48 49 50 51 52 53 54 55 56 57 58 59 60 61 62 63 68 70 72 74 75 76 77 78 79 81 83 86 87 88 89 90 91 96 97 99 100 102 104 105 109 110 112 113 114 119 120 121 122 124 125 126 127 128 130 131 134 135 139 142 143 144 145 146 147 148 150 151 154 155 156 157 159 161 162 163 165 166 167 168 169 170 171 172 173 174 175 176 177 179 180 181 182 183 184 185 186 187 188 189 190 191 192 193 194 195 196 4553318359598380033
8 1 37 136 8 11 12 13 14 15 17 19 20 22 23 24 25 26 27 28 29 30 32 33 35 37 40 41 42 43 44 46 47 48 49 50 51 52 53 54 55 56 57 58 59 60 61 62 63 68 70 72 74 75 76 77 78 79 81 83 86 87 88 89 90 91 96 97 99 100 102 104 105 109 110 112 113 114 119 120 121 122 124 125 126 127 128 130 131 134 135 139 142 143 144 145 146 147 148 150 151 154 155 156 157 159 161 162 163 165 166 167 168 169 170 171 172 173 174 175 176 177 179 180 181 182 183 184 185 186 187 188 189 190 191 192 193 194 195 196 4553318359598380033
6 2 7 37 136 8 11 12 13 14 15 17 19 20 22 23 24 25 26 27 28 29 30 32 33 35 37 40 41 42 43 44 46 47 48 49 50 51 52 53 54 55 56 57 58 59 60 61 62 63 68 70 72 74 75 76 77 78 79 81 83 86 87 88 89 90 91 96 97 99 100 102 104 105 109 110 112 113 114 119 120 121 122 124 125 126 127 128 130 131 134 135 139 142 143 144 145 146 147 148 150 151 154 155 156 157 159 161 162 163 165 166 167 168 169 170 171 172 173 174 175 176 177 179 180 181 182 183 184 185 186 187 188 189 190 191 192 193 194 195 196 4553318359598380033
8 1 8 136 8 11 12 13 14 15 17 19 20 22 23 24 25 26 27 28 29 30 32 33 35 37 40 41 42 43 44 46 47 48 49 50 51 52 53 54 55 56 57 58 59 60 61 62 63 68 70 72 74 75 76 77 78 79 81 83 86 87 88 89 90 91 96 97 99 100 102 104 105 109 110 112 113 114 119 120 121 122 124 125 126 127 128 130 131 134 135 139 142 143 144 145 146 147 148 150 151 154 155 156 157 159 161 162 163 165 166 167 168 169 170 171 172 173 174 175 176 177 179 180 181 182 183 184 185 186 187 188 189 190 191 192 193 194 195 196 4553318359598380033
3 1 43 136 8 11 12 13 14 15 17 19 20 22 23 24 25 26 27 28 29 30 32 33 35 37 40 41 42 43 44 46 47 48 49 50 51 52 53 54 55 56 57 58 59 60 61 62 63 68 70 72 74 75 76 77 78 79 81 83 86 87 88 89 90 91 96 97 99 100 102 104 105 109 110 112 113 114 119 120 121 122 124 125 126 127 128 130 131 134 135 139 142 143 144 145 146 147 148 150 151 154 155 156 157 159 161 162 163 165 166 167 168 169 170 171 172 173 174 175 176 177 179 180 181 182 183 184 185 186 187 188 189 190 191 192 193 194 195 196 4553318359598380033
1 3 1 197 43 137 8 11 12 13 14 15 17 19 20 22 23 24 25 26 27 28 29 30 32 33 35 37 40 41 42 43 44 46 47 48 49 50 51 52 53 54 55 56 57 58 59 60 61 62 63 68 70 72 74 75 76 77 78 79 81 83 86 87 88 89 90 91 96 97 99 100 102 104 105 109 110 112 113 114 119 120 121 122 124 125 126 127 128 130 131 134 135 139 142 143 144 145 146 147 148 150 151 154 155 156 157 159 161 162 163 165 166 167 168 169 170 171 172 173 174 175 176 177 179 180 181 182 183 184 185 186 187 188 189 190 191 192 193 194 195 196 197 380904441425113964
14 1 18446744073709551615 137 8 11 12 13 14 15 17 19 20 22 23 24 25 26 27 28 29 30 32 33 35 37 40 41 42 43 44 46 47 48 49 50 51 52 53 54 55 56 57 58 59 60 61 62 63 68 70 72 74 75 76 77 78 79 81 83 86 87 88 89 90 91 96 97 99 100 102 104 105 109 110 112 113 114 119 120 121 122 124 125 126 127 128 130 131 134 135 139 142 143 144 145 146 147 148 150 151 154 155 156 157 159 161 162 163 165 166 167 168 169 170 171 172 173 174 175 176 177 179 180 181 182 183 184 185 186 187 188 189 190 191 192 193 194 195 196 197 380904441425113964
10 0 137 8 11 12 13 14 15 17 19 20 22 23 24 25 26 27 28 29 30 32 33 35 37 40 41 42 43 44 46 47 48 49 50 51 52 53 54 55 56 57 58 59 60 61 62 63 68 70 72 74 75 76 77 78 79 81 83 86 87 88 89 90 91 96 97 99 100 102 104 105 109 110 112 113 114 119 120 121 122 124 125 126 127 128 130 131 134 135 139 142 143 144 145 146 147 148 150 151 154 155 156 157 159 161 162 163 165 166 167 168 169 170 171 172 173 174 175 176 177 179 180 181 182 183 184 185 186 187 188 189 190 191 192 193 194 195 196 197 380904441425113964
1 3 3 198 51 138 8 11 12 13 14 15 17 19 20 22 23 24 25 26 27 28 29 30 32 33 35 37 40 41 42 43 44 46 47 48 49 50 51 52 53 54 55 56 57 58 59 60 61 62 63 68 70 72 74 75 76 77 78 79 81 83 86 87 88 89 90 91 96 97 99 100 102 104 105 109 110 112 113 114 119 120 121 122 124 125 126 127 128 130 131 134 135 139 142 143 144 145 146 147 148 150 151 154 155 156 157 159 161 162 163 165 166 167 168 169 170 171 172 173 174 175 176 177 179 180 181 182 183 184 185 186 187 188 189 190 191 192 193 194 195 196 197 198 7501047408571796325
14 1 0 138 8 11 12 13 14 15 17 19 20 22 23 24 25 26 27 28 29 30 32 33 35 37 40 41 42 43 44 46 47 48 49 50 51 52 53 54 55 56 57 58 59 60 61 62 63 68 70 72 74 75 76 77 78 79 81 83 86 87 88 89 90 91 96 97 99 100 102 104 105 109 110 112 113 114 119 120 121 122 124 125 126 127 128 130 131 134 135 139 142 143 144 145 146 147 148 150 151 154 155 156 157 159 161 162 163 165 166 167 168 169 170 171 172 173 174 175 176 177 179 180 181 182 183 184 185 186 187 188 189 190 191 192 193 194 195 196 197 198 7501047408571796325
1 10 3 199 37 50 15 52 26 17 100 102 139 8 11 12 13 14 15 17 19 20 22 23 24 25 26 27 28 29 30 32 33 35 37 40 41 42 43 44 46 47 48 49 50 51 52 53 54 55 56 57 58 59 60 61 62 63 68 70 72 74 75 76 77 78 79 81 83 86 87 88 89 90 91 96 97 99 100 102 104 105 109 110 112 113 114 119 120 121 122 124 125 126 127 128 130 131 134 135 139 142 143 144 145 146 147 148 150 151 154 155 156 157 159 161 162 163 165 166 167 168 169 170 171 172 173 174 175 176 177 179 180 181 182 183 184 185 186 187 188 189 190 191 192 193 194 195 196 197 198 199 219078999352090978
5 2 1 162 138 8 11 12 13 14 15 17 19 20 22 23 24 25 26 27 28 29 30 32 33 35 37 40 41 42 43 44 46 47 48 49 50 51 52 53 54 55 56 57 58 59 60 61 62 63 68 70 72 74 75 76 77 78 79 81 83 86 87 88 89 90 91 96 97 99 100 102 104 105 109 110 112 113 114 119 120 121 122 124 125 126 127 128 130 131 134 135 139 142 143 144 145 146 147 148 150 151 154 155 156 157 159 161 162 163 165 166 167 168 169 170 171 172 173 174 175 176 179 180 181 182 183 184 185 186 187 188 189 190 191 192 193 194 195 196 197 198 199 1167616511252637868
3 1 63 138 8 11 12 13 14 15 17 19 20 22 23 24 25 26 27 28 29 30 32 33 35 37 40 41 42 43 44 46 47 48 49 50 51 52 53 54 55 56 57 58 59 60 61 62 63 68 70 72 74 75 76 77 78 79 81 83 86 87 88 89 90 91 96 97 99 100 102 104 105 109 110 112 113 114 119 120 121 122 124 125 126 127 128 130 131 134 135 139 142 143 144 145 146 147 148 150 151 154 155 156 157 159 161 162 163 165 166 167 168 169 170 171 172 173 174 175 176 179 180 181 182 183 184 185 186 187 188 189 190 191 192 193 194 195 196 197 198 199 1167616511252637868
5 2 1 12 138 8 11 12 13 14 15 17 19 20 22 23 24 25 26 27 28 29 30 32 33 35 37 40 41 42 43 44 46 47 48 49 50 51 52 53 54 55 56 57 58 59 60 61 62 63 68 70 72 74 75 76 77 78 79 81 83 86 87 88 89 90 91 96 97 99 100 102 104 105 109 110 112 113 114 119 120 121 122 124 125 126 127 128 130 131 134 135 139 142 143 144 145 146 147 148 150 151 154 155 156 157 159 161 162 163 165 166 167 168 169 170 171 172 173 174 175 176 179 180 181 182 183 184 185 186 187 188 189 190 191 192 193 194 195 196 197 198 199 1167616511252637868
1 10 3 200 63 198 119 191 40 197 104 97 139 8 11 12 13 14 15 17 19 20 22 23 24 25 26 27 28 29 30 32 33 35 37 40 41 42 43 44 46 47 48 49 50 51 52 53 54 55 56 57 58 59 60 61 62 63 68 70 72 74 75 76 77 78 79 81 83 86 87 88 89 90 91 96 97 99 100 102 104 105 109 110 112 113 114 119 120 121 122 124 125 126 127 128 130 131 134 135 139 142 143 144 145 146 147 148 150 151 154 155 156 157 159 161 162 163 165 166 167 168 169 170 171 172 173 174 175 176 179 180 181 182 183 184 185 186 187 188 189 190 191 192 193 194 195 196 197 198 199 200 16109579802424209994
3 1 55 138 8 11 12 13 14 15 17 19 20 22 23 24 25 26 27 28 29 30 32 33 35 37 40 41 42 43 44 46 47 48 49 50 51 52 53 54 55 56 57 58 59 60 61 62 63 68 70 72 74 75 76 77 78 79 81 83 86 87 88 89 90 91 96 97 99 100 102 104 105 109 110 112 113 114 119 120 121 122 124 125 126 127 128 130 131 134 135 139 142 143 144 145 146 147 148 150 151 154 155 156 157 159 161 162 163 165 166 167 168 169 170 171 172 173 174 175 176 179 181 182 183 184 185 186 187 188 189 190 191 192 193 194 195 196 197 198 199 200 14627027365024118425
14 1 1 138 8 11 12 13 14 15 17 19 20 22 23 24 25 26 27 28 29 30 32 33 35 37 40 41 42 43 44 46 47 48 49 50 51 52 53 54 55 56 57 58 59 60 61 62 63 68 70 72 74 75 76 77 78 79 81 83 86 87 88 89 90 91 96 97 99 100 102 104 105 109 110 112 113 114 119 120 121 122 124 125 126 127 128 130 131 134 135 139 142 143 144 145 146 147 148 150 151 154 155 156 157 159 161 162 163 165 166 167 168 169 170 171 172 173 174 175 176 179 181 182 183 184 185 186 187 188 189 190 191 192 193 194 195 196 197 198 199 200 14627027365024118425
6 2 0 46 138 8 11 12 13 14 15 17 19 20 22 23 24 25 26 27 28 29 30 32 33 35 37 40 41 42 43 44 46 47 48 49 50 51 52 53 54 55 56 57 58 59 60 61 62 63 68 70 72 74 75 76 77 78 79 81 83 86 87 88 89 90 91 96 97 99 100 102 104 105 109 110 112 113 114 119 120 121 122 124 125 126 127 128 130 131 134 135 139 142 143 144 145 146 147 148 150 151 154 155 156 157 159 161 162 163 165 166 167 168 169 170 171 172 173 174 175 176 179 181 182 183 184 185 186 187 188 189 190 191 192 193 194 195 196 197 198 199 200 14627027365024118425
1 19 2 201 55 155 53 91 165 146 55 25 76 48 197 166 48 40 50 46 182 139 8 11 12 13 14 15 17 19 20 22 23 24 25 26 27 28 29 30 32 33 35 37 40 41 42 43 44 46 47 48 49 50 51 52 53 54 55 56 57 58 59 60 61 62 63 68 70 72 74 75 76 77 78 79 81 83 86 87 88 89 90 91 96 97 99 100 102 104 105 109 110 112 113 114 119 120 121 122 124 125 126 127 128 130 131 134 135 139 142 143 144 145 146 147 148 150 151 154 155 156 157 159 161 162 163 165 166 167 168 169 170 171 172 173 174 175 176 179 181 182 183 184 185 186 187 188 189 190 191 192 193 194 195 196 197 198 199 200 201 6941387131864941200
13 2 170 162 139 8 11 12 13 14 15 17 19 20 22 23 24 25 26 27 28 29 30 32 33 35 37 40 41 42 43 44 46 47 48 49 50 51 52 53 54 55 56 57 58 59 60 61 62 63 68 70 72 74 75 76 77 78 79 81 83 86 87 88 89 90 91 96 97 99 100 102 104 105 109 110 112 113 114 119 120 121 122 124 125 126 127 128 130 131 134 135 139 142 143 144 145 146 147 148 150 151 154 155 156 157 159 161 162 163 165 166 167 168 169 170 171 172 173 174 175 176 179 181 182 183 184 185 186 187 188 189 190 191 192 193 194 195 196 197 198 199 200 201 3821476690423021469
1 12 3 202 46 48 90 161 144 162 51 196 114 78 140 8 11 12 13 14 15 17 19 20 22 23 24 25 26 27 28 29 30 32 33 35 37 40 41 42 43 44 46 47 48 49 50 51 52 53 54 55 56 57 58 59 60 61 62 63 68 70 72 74 75 76 77 78 79 81 83 86 87 88 89 90 91 96 97 99 100 102 104 105 109 110 112 113 114 119 120 121 122 124 125 126 127 128 130 131 134 135 139 142 143 144 145 146 147 148 150 151 154 155 156 157 159 161 162 163 165 166 167 168 169 170 171 172 173 174 175 176 179 181 182 183 184 185 186 187 188 189 190 191 192 193 194 195 196 197 198 199 200 201 202 9154040643437509931
8 1 37 140 8 11 12 13 14 15 17 19 20 22 23 24 25 26 27 28 29 30 32 33 35 37 40 41 42 43 44 46 47 48 49 50 51 52 53 54 55 56 57 58 59 60 61 62 63 68 70 72 74 75 76 77 78 79 81 83 86 87 88 89 90 91 96 97 99 100 102 104 105 109 110 112 113 114 119 120 121 122 124 125 126 127 128 130 131 134 135 139 142 143 144 145 146 147 148 150 151 154 155 156 157 159 161 162 163 165 166 167 168 169 170 171 172 173 174 175 176 179 181 182 183 184 185 186 187 188 189 190 191 192 193 194 195 196 197 198 199 200 201 202 9154040643437509931
3 1 43 140 8 11 12 13 14 15 17 19 20 22 23 24 25 26 27 28 29 30 32 33 35 37 40 41 42 43 44 46 47 48 49 50 51 52 53 54 55 56 57 58 59 60 61 62 63 68 70 72 74 75 76 77 78 79 81 83 86 87 88 89 90 91 96 97 99 100 102 104 105 109 110 112 113 114 119 120 121 122 124 125 126 127 128 130 131 134 135 139 142 143 144 145 146 147 148 150 151 154 155 156 157 159 161 162 163 165 166 167 168 169 170 171 172 173 174 175 176 179 181 182 183 184 185 186 187 188 189 190 191 192 193 194 195 196 197 198 199 200 201 202 9154040643437509931
8 1 126 140 8 11 12 13 14 15 17 19 20 22 23 24 25 26 27 28 29 30 32 33 35 37 40 41 42 43 44 46 47 48 49 50 51 52 53 54 55 56 57 58 59 60 61 62 63 68 70 72 74 75 76 77 78 79 81 83 86 87 88 89 90 91 96 97 99 100 102 104 105 109 110 112 113 114 119 120 121 122 124 125 126 127 128 130 131 134 135 139 142 143 144 145 146 147 148 150 151 154 155 156 157 159 161 162 163 165 166 167 168 169 170 171 172 173 174 175 176 179 181 182 183 184 185 186 187 188 189 190 191 192 193 194 195 196 197 198 199 200 201 202 9154040643437509931
3 1 13 140 8 11 12 13 14 15 17 19 20 22 23 24 25 26 27 28 29 30 32 33 35 37 40 41 42 43 44 46 47 48 49 50 51 52 53 54 55 56 57 58 59 60 61 62 63 68 70 72 74 75 76 77 78 79 81 83 86 87 88 89 90 91 96 97 99 100 102 104 105 109 110 112 113 114 119 120 121 122 124 125 126 127 128 130 131 134 135 139 142 143 144 145 146 147 148 150 151 154 155 156 157 159 161 162 163 165 166 167 168 169 170 171 172 173 174 175 176 179 181 182 183 184 185 186 187 188 189 190 191 192 193 194 195 196 197 198 199 200 201 202 9154040643437509931
10 0 140 8 11 12 13 14 15 17 19 20 22 23 24 25 26 27 28 29 30 32 33 35 37 40 41 42 43 44 46 47 48 49 50 51 52 53 54 55 56 57 58 59 60 61 62 63 68 70 72 74 75 76 77 78 79 81 83 86 87 88 89 90 91 96 97 99 100 102 104 105 109 110 112 113 114 119 120 121 122 124 125 126 127 128 130 131 134 135 139 142 143 144 145 146 147 148 150 151 154 155 156 157 159 161 162 163 165 166 167 168 169 170 171 172 173 174 175 176 179 181 182 183 184 185 186 187 188 189 190 191 192 193 194 195 196 197 198 199 200 201 202 9154040643437509931
2 2 185 13 140 8 11 12 13 14 15 17 19 20 22 23 24 25 26 27 28 29 30 32 33 35 37 40 41 42 43 44 46 47 48 49 50 51 52 53 54 55 56 57 58 59 60 61 62 63 68 70 72 74 75 76 77 78 79 81 83 86 87 88 89 90 91 96 97 99 100 102 104 105 109 110 112 113 114 119 120 121 122 124 125 126 127 128 130 131 134 135 139 142 143 144 145 146 147 148 150 151 154 155 156 157 159 161 162 163 165 166 167 168 169 170 171 172 173 174 175 176 179 181 182 183 184 185 186 187 188 189 190 191 192 193 194 195 196 197 198 199 200 201 202 9154040643437509931
5 2 1 74 140 8 11 12 13 14 15 17 19 20 22 23 24 25 26 27 28 29 30 32 33 35 37 40 41 42 43 44 46 47 48 49 50 51 52 53 54 55 56 57 58 59 60 61 62 63 68 70 72 74 75 76 77 78 79 81 83 86 87 88 89 90 91 96 97 99 100 102 104 105 109 110 112 113 114 119 120 121 122 124 125 126 127 128 130 131 134 135 139 142 143 144 145 146 147 148 150 151 154 155 156 157 159 161 162 163 165 166 167 168 169 170 171 172 173 174 175 176 179 181 182 183 184 185 186 187 188 189 190 191 192 193 194 195 196 197 198 199 200 201 202 9154040643437509931
3 1 9 140 8 11 12 13 14 15 17 19 20 22 23 24 25 26 27 28 29 30 32 33 35 37 40 41 42 43 44 46 47 48 49 50 51 52 53 54 55 56 57 58 59 60 61 62 63 68 70 72 74 75 76 77 78 79 81 83 86 87 88 89 90 91 96 97 99 100 102 104 105 109 110 112 113 114 119 120 121 122 124 125 126 127 128 130 131 134 135 139 142 143 144 145 146 147 148 150 151 154 155 156 157 159 161 162 163 165 166 167 168 169 170 171 172 173 174 175 176 179 181 182 183 184 185 186 187 188 189 190 191 192 193 194 195 196 197 198 199 200 201 202 9154040643437509931
1 3 1 203 43 141 8 11 12 13 14 15 17 19 20 22 23 24 25 26 27 28 29 30 32 33 35 37 40 41 42 43 44 46 47 48 49 50 51 52 53 54 55 56 57 58 59 60 61 62 63 68 70 72 74 75 76 77 78 79 81 83 86 87 88 89 90 91 96 97 99 100 102 104 105 109 110 112 113 114 119 120 121 122 124 125 126 127 128 130 131 134 135 139 142 143 144 145 146 147 148 150 151 154 155 156 157 159 161 162 163 165 166 167 168 169 170 171 172 173 174 175 176 179 181 182 183 184 185 186 187 188 189 190 191 192 193 194 195 196 197 198 199 200 201 202 203 4998947772128429198
5 2 6 200 141 8 11 12 13 14 15 17 19 20 22 23 24 25 26 27 28 29 30 32 33 35 37 40 41 42 43 44 46 47 48 49 50 51 52 53 54 55 56 57 58 59 60 61 62 63 68 70 72 74 75 76 77 78 79 81 83 86 87 88 89 90 91 96 97 99 100 102 104 105 109 110 112 113 114 119 120 121 122 124 125 126 127 128 130 131 134 135 139 142 143 144 145 146 147 148 150 151 154 155 156 157 159 161 162 163 165 166 167 168 169 170 171 172 173 174 175 176 179 181 182 183 184 185 186 187 188 189 190 191 192 193 194 195 196 197 198 199 200 201 202 203 4998947772128429198
1 12 2 204 9 105 172 86 183 30 77 203 124 166 142 8 11 12 13 14 15 17 19 20 22 23 24 25 26 27 28 29 30 32 33 35 37 40 41 42 43 44 46 47 48 49 50 51 52 53 54 55 56 57 58 59 60 61 62 63 68 70 72 74 75 76 77 78 79 81 83 86 87 88 89 90 91 96 97 99 100 102 104 105 109 110 112 113 114 119 120 121 122 124 125 126 127 128 130 131 134 135 139 142 143 144 145 146 147 148 150 151 154 155 156 157 159 161 162 163 165 166 167 168 169 170 171 172 173 174 175 176 179 181 182 183 184 185 186 187 188 189 190 191 192 193 194 195 196 197 198 199 200 201 202 203 204 5186641413147829297
13 2 110 75 142 8 11 12 13 14 15 17 19 20 22 23 24 25 26 27 28 29 30 32 33 35 37 40 41 42 43 44 46 47 48 49 50 51 52 53 54 55 56 57 58 59 60 61 62 63 68 70 72 74 75 76 77 78 79 81 83 86 87 88 89 90 91 96 97 99 100 102 104 105 109 110 112 113 114 119 120 121 122 124 125 126 127 128 130 131 134 135 139 142 143 144 145 146 147 148 150 151 154 155 156 157 159 161 162 163 165 166 167 168 169 170 171 172 173 174 175 176 179 181 182 183 184 185 186 187 188 189 190 191 192 193 194 195 196 197 198 199 200 201 202 203 204 12059399418676215047
11 0 142 8 11 12 13 14 15 17 19 20 22 23 24 25 26 27 28 29 30 32 33 35 37 40 41 42 43 44 46 47 48 49 50 51 52 53 54 55 56 57 58 59 60 61 62 63 68 70 72 74 75 76 77 78 79 81 83 86 87 88 89 90 91 96 97 99 100 102 104 105 109 110 112 113 114 119 120 121 122 124 125 126 127 128 130 131 134 135 139 142 143 144 145 146 147 148 150 151 154 155 156 157 159 161 162 163 165 166 167 168 169 170 171 172 173 174 175 176 179 181 182 183 184 185 186 187 188 189 190 191 192 193 194 195 196 197 198 199 200 201 202 203 204 12059399418676215047
5 2 1 190 142 8 11 12 13 14 15 17 19 20 22 23 24 25 26 27 28 29 30 32 33 35 37 40 41 42 43 44 46 47 48 49 50 51 52 53 54 55 56 57 58 59 60 61 62 63 68 70 72 74 75 76 77 78 79 81 83 86 87 88 89 90 91 96 97 99 100 102 104 105 109 110 112 113 114 119 120 121 122 124 125 126 127 128 130 131 134 135 139 142 143 144 145 146 147 148 150 151 154 155 156 157 159 161 162 163 165 166 167 168 169 170 171 172 173 174 175 176 179 181 182 183 184 185 186 187 188 189 190 191 192 193 194 195 196 197 198 199 200 201 202 203 204 12059399418676215047
3 1 1 142 8 11 12 13 14 15 17 19 20 22 23 24 25 26 27 28 29 30 32 33 35 37 40 41 42 43 44 46 47 48 49 50 51 52 53 54 55 56 57 58 59 60 61 62 63 68 70 72 74 75 76 77 78 79 81 83 86 87 88 89 90 91 96 97 99 100 102 104 105 109 110 112 113 114 119 120 121 122 124 125 126 127 128 130 131 134 135 139 142 143 144 145 146 147 148 150 151 154 155 156 157 159 161 162 163 165 166 167 168 169 170 171 172 173 174 175 176 179 181 182 183 184 185 186 187 188 189 190 191 192 193 194 195 196 197 198 199 200 201 202 203 204 12059399418676215047
8 1 43 142 8 11 12 13 14 15 17 19 20 22 23 24 25 26 27 28 29 30 32 33 35 37 40 41 42 43 44 46 47 48 49 50 51 52 53 54 55 56 57 58 59 60 61 62 63 68 70 72 74 75 76 77 78 79 81 83 86 87 88 89 90 91 96 97 99 100 102 104 105 109 110 112 113 114 119 120 121 122 124 125 126 127 128 130 131 134 135 139 142 143 144 145 146 147 148 150 151 154 155 156 157 159 161 162 163 165 166 167 168 169 170 171 172 173 174 175 176 179 181 182 183 184 185 186 187 188 189 190 191 192 193 194 195 196 197 198 199 200 201 202 203 204 12059399418676215047
13 2 199 187 142 8 11 12 13 14 15 17 19 20 22 23 24 25 26 27 28 29 30 32 33 35 37 40 41 42 43 44 46 47 48 49 50 51 52 53 54 55 56 57 58 59 60 61 62 63 68 70 72 74 75 76 77 78 79 81 83 86 87 88 89 90 91 96 97 99 100 102 104 105 109 110 112 113 114 119 120 121 122 124 125 126 127 128 130 131 134 135 139 142 143 144 145 146 147 148 150 151 154 155 156 157 159 161 162 163 165 166 167 168 169 170 171 172 173 174 175 176 179 181 182 183 184 185 186 187 188 189 190 191 192 193 194 195 196 197 198 199 200 201 202 203 204 16158613919092045043
14 1 32 142 8 11 12 13 14 15 17 19 20 22 23 24 25 26 27 28 29 30 32 33 35 37 40 41 42 43 44 46 47 48 49 50 51 52 53 54 55 56 57 58 59 60 61 62 63 68 70 72 74 75 76 77 78 79 81 83 86 87 88 89 90 91 96 97 99 100 102 104 105 109 110 112 113 114 119 120 121 122 124 125 126 127 128 130 131 134 135 139 142 143 144 145 146 147 148 150 151 154 155 156 157 159 161 162 163 165 166 167 168 169 170 171 172 173 174 175 176 179 181 182 183 184 185 186 187 188 189 190 191 192 193 194 195 196 197 198 199 200 201 202 203 204 16158613919092045043
14 1 2 142 8 11 12 13 14 15 17 19 20 22 23 24 25 26 27 28 29 30 32 33 35 37 40 41 42 43 44 46 47 48 49 50 51 52 53 54 55 56 57 58 59 60 61 62 63 68 70 72 74 75 76 77 78 79 81 83 86 87 88 89 90 91 96 97 99 100 102 104 105 109 110 112 113 114 119 120 121 122 124 125 126 127 128 130 131 134 135 139 142 143 144 145 146 147 148 150 151 154 155 156 157 159 161 162 163 165 166 167 168 169 170 171 172 173 174 175 176 179 181 182 183 184 185 186 187 188 189 190 191 192 193 194 195 196 197 198 199 200 201 202 203 204 16158613919092045043
1 4 2 205 1 14 143 8 11 12 13 14 15 17 19 20 22 23 24 25 26 27 28 29 30 32 33 35 37 40 41 42 43 44 46 47 48 49 50 51 52 53 54 55 56 57 58 59 60 61 62 63 68 70 72 74 75 76 77 78 79 81 83 86 87 88 89 90 91 96 97 99 100 102 104 105 109 110 112 113 114 119 120 121 122 124 125 126 127 128 130 131 134 135 139 142 143 144 145 146 147 148 150 151 154 155 156 157 159 161 162 163 165 166 167 168 169 170 171 172 173 174 175 176 179 181 182 183 184 185 186 187 188 189 190 191 192 193 194 195 196 197 198 199 200 201 202 203 204 205 2313832003875796922
12 3 74 13 155 143 8 11 12 13 14 15 17 19 20 22 23 24 25 26 27 28 29 30 32 33 35 37 40 41 42 43 44 46 47 48 49 50 51 52 53 54 55 56 57 58 59 60 61 62 63 68 70 72 74 75 76 77 78 79 81 83 86 87 88 89 90 91 96 97 99 100 102 104 105 109 110 112 113 114 119 120 121 122 124 125 126 127 128 130 131 134 135 139 142 143 144 145 146 147 148 150 151 154 155 156 157 159 161 162 163 165 166 167 168 169 170 171 172 173 174 175 176 179 181 182 183 184 185 186 187 188 189 190 191 192 193 194 195 196 197 198 199 200 201 202 203 204 205 669758448050558743
6 2 6 27 143 8 11 12 13 14 15 17 19 20 22 23 24 25 26 27 28 29 30 32 33 35 37 40 41 42 43 44 46 47 48 49 50 51 52 53 54 55 56 57 58 59 60 61 62 63 68 70 72 74 75 76 77 78 79 81 83 86 87 88 89 90 91 96 97 99 100 102 104 105 109 110 112 113 114 119 120 121 122 124 125 126 127 128 130 131 134 135 139 142 143 144 145 146 147 148 150 151 154 155 156 157 159 161 162 163 165 166 167 168 169 170 171 172 173 174 175 176 179 181 182 183 184 185 186 187 188 189 190 191 192 193 194 195 196 197 198 199 200 201 202 203 204 205 669758448050558743
1 5 3 206 27 148 68 144 8 11 12 13 14 15 17 19 20 22 23 24 25 26 27 28 29 30 32 33 35 37 40 41 42 43 44 46 47 48 49 50 51 52 53 54 55 56 57 58 59 60 61 62 63 68 70 72 74 75 76 77 78 79 81 83 86 87 88 89 90 91 96 97 99 100 102 104 105 109 110 112 113 114 119 120 121 122 124 125 126 127 128 130 131 134 135 139 142 143 144 145 146 147 148 150 151 154 155 156 157 159 161 162 163 165 166 167 168 169 170 171 172 173 174 175 176 179 181 182 183 184 185 186 187 188 189 190 191 192 193 194 195 196 197 198 199 200 201 202 203 204 205 206 9863185483193396430
8 1 12 144 8 11 12 13 14 15 17 19 20 22 23 24 25 26 27 28 29 30 32 33 35 37 40 41 42 43 44 46 47 48 49 50 51 52 53 54 55 56 57 58 59 60 61 62 63 68 70 72 74 75 76 77 78 79 81 83 86 87 88 89 90 91 96 97 99 100 102 104 105 109 110 112 113 114 119 120 121 122 124 125 126 127 128 130 131 134 135 139 142 143 144 145 146 147 148 150 151 154 155 156 157 159 161 162 163 165 166 167 168 169 170 171 172 173 174 175 176 179 181 182 183 184 185 186 187 188 189 190 191 192 193 194 195 196 197 198 199 200 201 202 203 204 205 206 9863185483193396430
12 3 174 8 48 144 8 11 12 13 14 15 17 19 20 22 23 24 25 26 27 28 29 30 32 33 35 37 40 41 42 43 44 46 47 48 49 50 51 52 53 54 55 56 57 58 59 60 61 62 63 68 70 72 74 75 76 77 78 79 81 83 86 87 88 89 90 91 96 97 99 100 102 104 105 109 110 112 113 114 119 120 121 122 124 125 126 127 128 130 131 134 135 139 142 143 144 145 146 147 148 150 151 154 155 156 157 159 161 162 163 165 166 167 168 169 170 171 172 173 174 175 176 179 181 182 183 184 185 186 187 188 189 190 191 192 193 194 195 196 197 198 199 200 201 202 203 204 205 206 8080943817913187194
5 2 2 0 144 8 11 12 13 14 15 17 19 20 22 23 24 25 26 27 28 29 30 32 33 35 37 40 41 42 43 44 46 47 48 49 50 51 52 53 54 55 56 57 58 59 60 61 62 63 68 70 72 74 75 76 77 78 79 81 83 86 87 88 89 90 91 96 97 99 100 102 104 105 109 110 112 113 114 119 120 121 122 124 125 126 127 128 130 131 134 135 139 142 143 144 145 146 147 148 150 151 154 155 156 157 159 161 162 163 165 166 167 168 169 170 171 172 173 174 175 176 179 181 182 183 184 185 186 187 188 189 190 191 192 193 194 195 196 197 198 199 200 201 202 203 204 205 206 8080943817913187194
3 1 34 144 8 11 12 13 14 15 17 19 20 22 23 24 25 26 27 28 29 30 32 33 35 37 40 41 42 43 44 46 47 48 49 50 51 52 53 54 55 56 57 58 59 60 61 62 63 68 70 72 74 75 76 77 78 79 81 83 86 87 88 89 90 91 96 97 99 100 102 104 105 109 110 112 113 114 119 120 121 122 124 125 126 127 128 130 131 134 135 139 142 143 144 145 146 147 148 150 151 154 155 156 157 159 161 162 163 165 166 167 168 169 170 171 172 173 174 175 176 179 181 182 183 184 185 186 187 188 189 190 191 192 193 194 195 196 197 198 199 200 201 202 203 204 205 206 8080943817913187194
1 3 1 207 34 145 8 11 12 13 14 15 17 19 20 22 23 24 25 26 27 28 29 30 32 33 35 37 40 41 42 43 44 46 47 48 49 50 51 52 53 54 55 56 57 58 59 60 61 62 63 68 70 72 74 75 76 77 78 79 81 83 86 87 88 89 90 91 96 97 99 100 102 104 105 109 110 112 113 114 119 120 121 122 124 125 126 127 128 130 131 134 135 139 142 143 144 145 146 147 148 150 151 154 155 156 157 159 161 162 163 165 166 167 168 169 170 171 172 173 174 175 176 179 181 182 183 184 185 186 187 188 189 190 191 192 193 194 195 196 197 198 199 200 201 202 203 204 205 206 207 10391103522132178483
5 2 1 96 145 8 11 12 13 14 15 17 19 20 22 23 24 25 26 27 28 29 30 32 33 35 37 40 41 42 43 44 46 47 48 49 50 51 52 53 54 55 56 57 58 59 60 61 62 63 68 70 72 74 75 76 77 78 79 81 83 86 87 88 89 90 91 96 97 99 100 102 104 105 109 110 112 113 114 119 120 121 122 124 125 126 127 128 130 131 134 135 139 142 143 144 145 146 147 148 150 151 154 155 156 157 159 161 162 163 165 166 167 168 169 170 171 172 173 174 175 176 179 181 182 183 184 185 186 187 188 189 190 191 192 193 194 195 196 197 198 199 200 201 202 203 204 205 206 207 10391103522132178483
3 1 3 145 8 11 12 13 14 15 17 19 20 22 23 24 25 26 27 28 29 30 32 33 35 37 40 41 42 43 44 46 47 48 49 50 51 52 53 54 55 56 57 58 59 60 61 62 63 68 70 72 74 75 76 77 78 79 81 83 86 87 88 89 90 91 96 97 99 100 102 104 105 109 110 112 113 114 119 120 121 122 124 125 126 127 128 130 131 134 135 139 142 143 144 145 146 147 148 150 151 154 155 156 157 159 161 162 163 165 166 167 168 169 170 171 172 173 174 175 176 179 181 182 183 184 185 186 187 188 189 190 191 192 193 194 195 196 197 198 199 200 201 202 203 204 205 206 207 10391103522132178483
1 3 1 208 3 146 8 11 12 13 14 15 17 19 20 22 23 24 25 26 27 28 29 30 32 33 35 37 40 41 42 43 44 46 47 48 49 50 51 52 53 54 55 56 57 58 59 60 61 62 63 68 70 72 74 75 76 77 78 79 81 83 86 87 88 89 90 91 96 97 99 100 102 104 105 109 110 112 113 114 119 120 121 122 124 125 126 127 128 130 131 134 135 139 142 143 144 145 146 147 148 150 151 154 155 156 157 159 161 162 163 165 166 167 168 169 170 171 172 173 174 175 176 179 181 182 183 184 185 186 187 188 189 190 191 192 193 194 195 196 197 198 199 200 201 202 203 204 205 206 207 208 8713378678137756222
11 0 145 8 11 12 13 14 15 17 19 20 22 23 24 25 26 27 28 29 30 32 33 35 37 40 41 42 43 44 46 47 48 49 50 51 52 53 54 55 56 57 58 59 60 61 62 63 68 70 72 74 75 76 77 78 79 81 83 86 87 88 89 90 91 96 97 99 100 102 104 105 109 110 112 113 114 119 120 121 122 124 125 126 127 128 130 131 134 135 139 142 143 144 145 146 147 148 150 154 155 156 157 159 161 162 163 165 166 167 168 169 170 171 172 173 174 175 176 179 181 182 183 184 185 186 187 188 189 190 191 192 193 194 195 196 197 198 199 200 201 202 203 204 205 206 207 208 17569846439662355511
14 1 2 145 8 11 12 13 14 15 17 19 20 22 23 24 25 26 27 28 29 30 32 33 35 37 40 41 42 43 44 46 47 48 49 50 51 52 53 54 55 56 57 58 59 60 61 62 63 68 70 72 74 75 76 77 78 79 81 83 86 87 88 89 90 91 96 97 99 100 102 104 105 109 110 112 113 114 119 120 121 122 124 125 126 127 128 130 131 134 135 139 142 143 144 145 146 147 148 150 154 155 156 157 159 161 162 163 165 166 167 168 169 170 171 172 173 174 175 176 179 181 182 183 184 185 186 187 188 189 190 191 192 193 194 195 196 197 198 199 200 201 202 203 204 205 206 207 208 17569846439662355511
8 1 87 145 8 11 12 13 14 15 17 19 20 22 23 24 25 26 27 28 29 30 32 33 35 37 40 41 42 43 44 46 47 48 49 50 51 52 53 54 55 56 57 58 59 60 61 62 63 68 70 72 74 75 76 77 78 79 81 83 86 87 88 89 90 91 96 97 99 100 102 104 105 109 110 112 113 114 119 120 121 122 124 125 126 127 128 130 131 134 135 139 142 143 144 145 146 147 148 150 154 155 156 157 159 161 162 163 165 166 167 168 169 170 171 172 173 174 175 176 179 181 182 183 184 185 186 187 188 189 190 191 192 193 194 195 196 197 198 199 200 201 202 203 204 205 206 207 208 17569846439662355511
3 1 15 145 8 11 12 13 14 15 17 19 20 22 23 24 25 26 27 28 29 30 32 33 35 37 40 41 42 43 44 46 47 48 49 50 51 52 53 54 55 56 57 58 59 60 61 62 63 68 70 72 74 75 76 77 78 79 81 83 86 87 88 89 90 91 96 97 99 100 102 104 105 109 110 112 113 114 119 120 121 122 124 125 126 127 128 130 131 134 135 139 142 143 144 145 146 147 148 150 154 155 156 157 159 161 162 163 165 166 167 168 169 170 171 172 173 174 175 176 179 181 182 183 184 185 186 187 188 189 190 191 192 193 194 195 196 197 198 199 200 201 202 203 204 205 206 207 208 17569846439662355511
4 1 9 145 8 11 12 13 14 15 17 19 20 22 23 24 25 26 27 28 29 30 32 33 35 37 40 41 42 43 44 46 47 48 49 50 51 52 53 54 55 56 57 58 59 60 61 62 63 68 70 72 74 75 76 77 78 79 81 83 86 87 88 89 90 91 96 97 99 100 102 104 105 109 110 112 113 114 119 120 121 122 124 125 126 127 128 130 131 134 135 139 142 143 144 145 146 147 148 150 154 155 156 157 159 161 162 163 165 166 167 168 169 170 171 172 173 174 175 176 179 181 182 183 184 185 186 187 188 189 190 191 192 193 194 195 196 197 198 199 200 201 202 203 204 205 206 207 208 17569846439662355511
9 1 46 145 8 11 12 13 14 15 17 19 20 22 23 24 25 26 27 28 29 30 32 33 35 37 40 41 42 43 44 46 47 48 49 50 51 52 53 54 55 56 57 58 59 60 61 62 63 68 70 72 74 75 76 77 78 79 81 83 86 87 88 89 90 91 96 97 99 100 102 104 105 109 110 112 113 114 119 120 121 122 124 125 126 127 128 130 131 134 135 139 142 143 144 145 146 147 148 150 154 155 156 157 159 161 162 163 165 166 167 168 169 170 171 172 173 174 175 176 179 181 182 183 184 185 186 187 188 189 190 191 192 193 194 195 196 197 198 199 200 201 202 203 204 205 206 207 208 17569846439662355511
12 3 142 2 157 145 8 11 12 13 14 15 17 19 20 22 23 24 25 26 27 28 29 30 32 33 35 37 40 41 42 43 44 46 47 48 49 50 51 52 53 54 55 56 57 58 59 60 61 62 63 68 70 72 74 75 76 77 78 79 81 83 86 87 88 89 90 91 96 97 99 100 102 104 105 109 110 112 113 114 119 120 121 122 124 125 126 127 128 130 131 134 135 139 142 143 144 145 146 147 148 150 154 155 156 157 159 161 162 163 165 166 167 168 169 170 171 172 173 174 175 176 179 181 182 183 184 185 186 187 188 189 190 191 192 193 194 195 196 197 198 199 200 201 202 203 204 205 206 207 208 7334198124498572817
3 1 50 145 8 11 12 13 14 15 17 19 20 22 23 24 25 26 27 28 29 30 32 33 35 37 40 41 42 43 44 46 47 48 49 50 51 52 53 54 55 56 57 58 59 60 61 62 63 68 70 72 74 75 76 77 78 79 81 83 86 87 88 89 90 91 96 97 99 100 102 104 105 109 110 112 113 114 119 120 121 122 124 125 126 127 128 130 131 134 135 139 142 143 144 145 146 147 148 150 154 155 156 157 159 161 162 163 165 166 167 168 169 170 171 172 173 174 175 176 179 181 182 183 184 185 186 187 188 189 190 191 192 193 194 195 196 197 198 199 200 201 202 203 204 205 206 207 208 7334198124498572817
1 12 2 209 50 14 127 142 183 139 100 127 114 113 146 8 11 12 13 14 15 17 19 20 22 23 24 25 26 27 28 29 30 32 33 35 37 40 41 42 43 44 46 47 48 49 50 51 52 53 54 55 56 57 58 59 60 61 62 63 68 70 72 74 75 76 77 78 79 81 83 86 87 88 89 90 91 96 97 99 100 102 104 105 109 110 112 113 114 119 120 121 122 124 125 126 127 128 130 131 134 135 139 142 143 144 145 146 147 148 150 154 155 156 157 159 161 162 163 165 166 167 168 169 170 171 172 173 174 175 176 179 181 182 183 184 185 186 187 188 189 190 191 192 193 194 195 196 197 198 199 200 201 202 203 204 205 206 207 208 209 16739894174543155995
12 3 86 3 145 146 8 11 12 13 14 15 17 19 20 22 23 24 25 26 27 28 29 30 32 33 35 37 40 41 42 43 44 46 47 48 49 50 51 52 53 54 55 56 57 58 59 60 61 62 63 68 70 72 74 75 76 77 78 79 81 83 86 87 88 89 90 91 96 97 99 100 102 104 105 109 110 112 113 114 119 120 121 122 124 125 126 127 128 130 131 134 135 139 142 143 144 145 146 147 148 150 154 155 156 157 159 161 162 163 165 166 167 168 169 170 171 172 173 174 175 176 179 181 182 183 184 185 186 187 188 189 190 191 192 193 194 195 196 197 198 199 200 201 202 203 204 205 206 207 208 209 13606459520557551545
13 2 24 112 146 8 11 12 13 14 15 17 19 20 22 23 24 25 26 27 28 29 30 32 33 35 37 40 41 42 43 44 46 47 48 49 50 51 52 53 54 55 56 57 58 59 60 61 62 63 68 70 72 74 75 76 77 78 79 81 83 86 87 88 89 90 91 96 97 99 100 102 104 105 109 110 112 113 114 119 120 121 122 124 125 126 127 128 130 131 134 135 139 142 143 144 145 146 147 148 150 154 155 156 157 159 161 162 163 165 166 167 168 169 170 171 172 173 174 175 176 179 181 182 183 184 185 186 187 188 189 190 191 192 193 194 195 196 197 198 199 200 201 202 203 204 205 206 207 208 209 2459144116508357646
1 4 3 210 46 81 147 8 11 12 13 14 15 17 19 20 22 23 24 25 26 27 28 29 30 32 33 35 37 40 41 42 43 44 46 47 48 49 50 51 52 53 54 55 56 57 58 59 60 61 62 63 68 70 72 74 75 76 77 78 79 81 83 86 87 88 89 90 91 96 97 99 100 102 104 105 109 110 112 113 114 119 120 121 122 124 125 126 127 128 130 131 134 135 139 142 143 144 145 146 147 148 150 154 155 156 157 159 161 162 163 165 166 167 168 169 170 171 172 173 174 175 176 179 181 182 183 184 185 186 187 188 189 190 191 192 193 194 195 196 197 198 199 200 201 202 203 204 205 206 207 208 209 210 14951246769211944119
8 1 179 147 8 11 12 13 14 15 17 19 20 22 23 24 25 26 27 28 29 30 32 33 35 37 40 41 42 43 44 46 47 48 49 50 51 52 53 54 55 56 57 58 59 60 61 62 63 68 70 72 74 75 76 77 78 79 81 83 86 87 88 89 90 91 96 97 99 100 102 104 105 109 110 112 113 114 119 120 121 122 124 125 126 127 128 130 131 134 135 139 142 143 144 145 146 147 148 150 154 155 156 157 159 161 162 163 165 166 167 168 169 170 171 172 173 174 175 176 179 181 182 183 184 185 186 187 188 189 190 191 192 193 194 195 196 197 198 199 200 201 202 203 204 205 206 207 208 209 210 14951246769211944119
11 0 145 8 11 12 13 14 15 17 19 20 22 23 24 25 26 27 28 29 30 32 33 35 37 40 41 42 43 44 46 47 48 49 50 51 52 53 54 55 56 57 58 59 60 61 62 63 68 70 72 74 75 76 77 78 79 81 83 86 87 88 89 90 91 96 97 99 100 102 104 105 109 110 112 113 114 119 120 121 122 124 125 126 127 128 130 131 134 135 139 142 143 144 145 146 147 148 150 154 155 156 157 159 162 163 165 166 167 168 169 170 171 172 173 174 175 176 179 181 182 183 184 185 186 187 188 189 190 191 192 193 194 195 196 197 198 199 200 201 203 204 205 206 207 208 209 210 3158477645165447505
8 1 131 145 8 11 12 13 14 15 17 19 20 22 23 24 25 26 27 28 29 30 32 33 35 37 40 41 42 43 44 46 47 48 49 50 51 52 53 54 55 56 57 58 59 60 61 62 63 68 70 72 74 75 76 77 78 79 81 83 86 87 88 89 90 91 96 97 99 100 102 104 105 109 110 112 113 114 119 120 121 122 124 125 126 127 128 130 131 134 135 139 142 143 144 145 146 147 148 150 154 155 156 157 159 162 163 165 166 167 168 169 170 171 172 173 174 175 176 179 181 182 183 184 185 186 187 188 189 190 191 192 193 194 195 196 197 198 199 200 201 203 204 205 206 207 208 209 210 3158477645165447505
3 1 12 145 8 11 12 13 14 15 17 19 20 22 23 24 25 26 27 28 29 30 32 33 35 37 40 41 42 43 44 46 47 48 49 50 51 52 53 54 55 56 57 58 59 60 61 62 63 68 70 72 74 75 76 77 78 79 81 83 86 87 88 89 90 91 96 97 99 100 102 104 105 109 110 112 113 114 119 120 121 122 124 125 126 127 128 130 131 134 135 139 142 143 144 145 146 147 148 150 154 155 156 157 159 162 163 165 166 167 168 169 170 171 172 173 174 175 176 179 181 182 183 184 185 186 187 188 189 190 191 192 193 194 195 196 197 198 199 200 201 203 204 205 206 207 208 209 210 3158477645165447505
1 4 3 211 15 205 146 8 11 12 13 14 15 17 19 20 22 23 24 25 26 27 28 29 30 32 33 35 37 40 41 42 43 44 46 47 48 49 50 51 52 53 54 55 56 57 58 59 60 61 62 63 68 70 72 74 75 76 77 78 79 81 83 86 87 88 89 90 91 96 97 99 100 102 104 105 109 110 112 113 114 119 120 121 122 124 125 126 127 128 130 131 134 135 139 142 143 144 145 146 147 148 150 154 155 156 157 159 162 163 165 166 167 168 169 170 171 172 173 174 175 176 179 181 182 183 184 185 186 187 188 189 190 191 192 193 194 195 196 197 198 199 200 201 203 204 205 206 207 208 209 210 211 4290814580273966453
1 11 3 212 12 181 120 211 63 62 145 208 194 147 8 11 12 13 14 15 17 19 20 22 23 24 25 26 27 28 29 30 32 33 35 37 40 41 42 43 44 46 47 48 49 50 51 52 53 54 55 56 57 58 59 60 61 62 63 68 70 72 74 75 76 77 78 79 81 83 86 87 88 89 90 91 96 97 99 100 102 104 105 109 110 112 113 114 119 120 121 122 124 125 126 127 128 130 131 134 135 139 142 143 144 145 146 147 148 150 154 155 156 157 159 162 163 165 166 167 168 169 170 171 172 173 174 175 176 179 181 182 183 184 185 186 187 188 189 190 191 192 193 194 195 196 197 198 199 200 201 203 204 205 206 207 208 209 210 211 212 17489507602460695328
5 2 6 184 147 8 11 12 13 14 15 17 19 20 22 23 24 25 26 27 28 29 30 32 33 35 37 40 41 42 43 44 46 47 48 49 50 51 52 53 54 55 56 57 58 59 60 61 62 63 68 70 72 74 75 76 77 78 79 81 83 86 87 88 89 90 91 96 97 99 100 102 104 105 109 110 112 113 114 119 120 121 122 124 125 126 127 128 130 131 134 135 139 142 143 144 145 146 147 148 150 154 155 156 157 159 162 163 165 166 167 168 169 170 171 172 173 174 175 176 179 181 182 183 184 185 186 187 188 189 190 191 192 193 194 195 196 197 198 199 200 201 203 204 205 206 207 208 209 210 211 212 17489507602460695328
4 1 8 147 8 11 12 13 14 15 17 19 20 22 23 24 25 26 27 28 29 30 32 33 35 37 40 41 42 43 44 46 47 48 49 50 51 52 53 54 55 56 57 58 59 60 61 62 63 68 70 72 74 75 76 77 78 79 81 83 86 87 88 89 90 91 96 97 99 100 102 104 105 109 110 112 113 114 119 120 121 122 124 125 126 127 128 130 131 134 135 139 142 143 144 145 146 147 148 150 154 155 156 157 159 162 163 165 166 167 168 169 170 171 172 173 174 175 176 179 181 182 183 184 185 186 187 188 189 190 191 192 193 194 195 196 197 198 199 200 201 203 204 205 206 207 208 209 210 211 212 17489507602460695328
4 1 16 147 8 11 12 13 14 15 17 19 20 22 23 24 25 26 27 28 29 30 32 33 35 37 40 41 42 43 44 46 47 48 49 50 51 52 53 54 55 56 57 58 59 60 61 62 63 68 70 72 74 75 76 77 78 79 81 83 86 87 88 89 90 91 96 97 99 100 102 104 105 109 110 112 113 114 119 120 121 122 124 125 126 127 128 130 131 134 135 139 142 143 144 145 146 147 148 150 154 155 156 157 159 162 163 165 166 167 168 169 170 171 172 173 174 175 176 179 181 182 183 184 185 186 187 188 189 190 191 192 193 194 195 196 197 198 199 200 201 203 204 205 206 207 208 209 210 211 212 17489507602460695328
12 3 162 2 76 147 8 11 12 13 14 15 17 19 20 22 23 24 25 26 27 28 29 30 32 33 35 37 40 41 42 43 44 46 47 48 49 50 51 52 53 54 55 56 57 58 59 60 61 62 63 68 70 72 74 75 76 77 78 79 81 83 86 87 88 89 90 91 96 97 99 100 102 104 105 109 110 112 113 114 119 120 121 122 124 125 126 127 128 130 131 134 135 139 142 143 144 145 146 147 148 150 154 155 156 157 159 162 163 165 166 167 168 169 170 171 172 173 174 175 176 179 181 182 183 184 185 186 187 188 189 190 191 192 193 194 195 196 197 198 199 200 201 203 204 205 206 207 208 209 210 211 212 6660216299687897083
8 1 187 147 8 11 12 13 14 15 17 19 20 22 23 24 25 26 27 28 29 30 32 33 35 37 40 41 42 43 44 46 47 48 49 50 51 52 53 54 55 56 57 58 59 60 61 62 63 68 70 72 74 75 76 77 78 79 81 83 86 87 88 89 90 91 96 97 99 100 102 104 105 109 110 112 113 114 119 120 121 122 124 125 126 127 128 130 131 134 135 139 142 143 144 145 146 147 148 150 154 155 156 157 159 162 163 165 166 167 168 169 170 171 172 173 174 175 176 179 181 182 183 184 185 186 187 188 189 190 191 192 193 194 195 196 197 198 199 200 201 203 204 205 206 207 208 209 210 211 212 6660216299687897083
3 1 37 146 8 11 12 13 14 15 17 19 20 22 23 24 25 26 27 28 29 30 32 33 35 37 40 41 42 43 44 46 47 48 49 50 51 52 53 54 55 56 57 58 59 60 61 62 63 68 70 72 74 75 76 77 78 79 81 83 86 87 88 89 90 91 96 97 99 100 102 104 105 109 110 112 113 114 119 120 121 122 124 125 126 127 128 130 131 134 135 139 142 143 144 145 146 147 148 150 154 155 156 157 159 162 163 165 166 167 168 169 170 171 172 173 174 175 176 179 181 182 183 184 185 186 187 188 189 190 191 192 193 194 195 196 197 198 200 201 203 204 205 206 207 208 209 210 211 212 9944579864754515862
14 1 0 146 8 11 12 13 14 15 17 19 20 22 23 24 25 26 27 28 29 30 32 33 35 37 40 41 42 43 44 46 47 48 49 50 51 52 53 54 55 56 57 58 59 60 61 62 63 68 70 72 74 75 76 77 78 79 81 83 86 87 88 89 90 91 96 97 99 100 102 104 105 109 110 112 113 114 119 120 121 122 124 125 126 127 128 130 131 134 135 139 142 143 144 145 146 147 148 150 154 155 156 157 159 162 163 165 166 167 168 169 170 171 172 173 174 175 176 179 181 182 183 184 185 186 187 188 189 190 191 192 193 194 195 196 197 198 200 201 203 204 205 206 207 208 209 210 211 212 9944579864754515862
3 1 4 146 8 11 12 13 14 15 17 19 20 22 23 24 25 26 27 28 29 30 32 33 35 37 40 41 42 43 44 46 47 48 49 50 51 52 53 54 55 56 57 58 59 60 61 62 63 68 70 72 74 75 76 77 78 79 81 83 86 87 88 89 90 91 96 97 99 100 102 104 105 109 110 112 113 114 119 120 121 122 124 125 126 127 128 130 131 134 135 139 142 143 144 145 146 147 148 150 154 155 156 157 159 162 163 165 166 167 168 169 170 171 172 173 174 175 176 179 181 182 183 184 185 186 187 188 189 190 191 192 193 194 195 196 197 198 200 201 203 204 205 206 207 208 209 210 211 212 9944579864754515862
5 2 2 114 146 8 11 12 13 14 15 17 19 20 22 23 24 25 26 27 28 29 30 32 33 35 37 40 41 42 43 44 46 47 48 49 50 51 52 53 54 55 56 57 58 59 60 61 62 63 68 70 72 74 75 76 77 78 79 81 83 86 87 88 89 90 91 96 97 99 100 102 104 105 109 110 112 113 114 119 120 121 122 124 125 126 127 128 130 131 134 135 139 142 143 144 145 146 147 148 150 154 155 156 157 159 162 163 165 166 167 168 169 170 171 172 173 174 175 176 179 181 182 183 184 185 186 187 188 189 190 191 192 193 194 195 196 197 198 200 201 203 204 205 206 207 208 209 210 211 212 9944579864754515862
7 2 2 4 146 8 11 12 13 14 15 17 19 20 22 23 24 25 26 27 28 29 30 32 33 35 37 40 41 42 43 44 46 47 48 49 50 51 52 53 54 55 56 57 58 59 60 61 62 63 68 70 72 74 75 76 77 78 79 81 83 86 87 88 89 90 91 96 97 99 100 102 104 105 109 110 112 113 114 119 120 121 122 124 125 126 127 128 130 131 134 135 139 142 143 144 145 146 147 148 150 154 155 156 157 159 162 163 165 166 167 168 169 170 171 172 173 174 175 176 179 181 182 183 184 185 186 187 188 189 190 191 192 193 194 195 196 197 198 200 201 203 204 205 206 207 208 209 210 211 212 9944579864754515862
6 2 1 16 146 8 11 12 13 14 15 17 19 20 22 23 24 25 26 27 28 29 30 32 33 35 37 40 41 42 43 44 46 47 48 49 50 51 52 53 54 55 56 57 58 59 60 61 62 63 68 70 72 74 75 76 77 78 79 81 83 86 87 88 89 90 91 96 97 99 100 102 104 105 109 110 112 113 114 119 120 121 122 124 125 126 127 128 130 131 134 135 139 142 143 144 145 146 147 148 150 154 155 156 157 159 162 163 165 166 167 168 169 170 171 172 173 174 175 176 179 181 182 183 184 185 186 187 188 189 190 191 192 193 194 195 196 197 198 200 201 203 204 205 206 207 208 209 210 211 212 9944579864754515862
5 2 9 188 146 8 11 12 13 14 15 17 19 20 22 23 24 25 26 27 28 29 30 32 33 35 37 40 41 42 43 44 46 47 48 49 50 51 52 53 54 55 56 57 58 59 60 61 62 63 68 70 72 74 75 76 77 78 79 81 83 86 87 88 89 90 91 96 97 99 100 102 104 105 109 110 112 113 114 119 120 121 122 124 125 126 127 128 130 131 134 135 139 142 143 144 145 146 147 148 150 154 155 156 157 159 162 163 165 166 167 168 169 170 171 172 173 174 175 176 179 181 182 183 184 185 186 187 188 189 190 191 192 193 194 195 196 197 198 200 201 203 204 205 206 207 208 209 210 211 212 9944579864754515862
13 2 119 100 146 8 11 12 13 14 15 17 19 20 22 23 24 25 26 27 28 29 30 32 33 35 37 40 41 42 43 44 46 47 48 49 50 51 52 53 54 55 56 57 58 59 60 61 62 63 68 70 72 74 75 76 77 78 79 81 83 86 87 88 89 90 91 96 97 99 100 102 104 105 109 110 112 113 114 119 120 121 122 124 125 126 127 128 130 131 134 135 139 142 143 144 145 146 147 148 150 154 155 156 157 159 162 163 165 166 167 168 169 170 171 172 173 174 175 176 179 181 182 183 184 185 186 187 188 189 190 191 192 193 194 195 196 197 198 200 201 203 204 205 206 207 208 209 210 211 212 9266777438567950519
12 3 25 2 22 146 8 11 12 13 14 15 17 19 20 22 23 24 25 26 27 28 29 30 32 33 35 37 40 41 42 43 44 46 47 48 49 50 51 52 53 54 55 56 57 58 59 60 61 62 63 68 70 72 74 75 76 77 78 79 81 83 86 87 88 89 90 91 96 97 99 100 102 104 105 109 110 112 113 114 119 120 121 122 124 125 126 127 128 130 131 134 135 139 142 143 144 145 146 147 148 150 154 155 156 157 159 162 163 165 166 167 168 169 170 171 172 173 174 175 176 179 181 182 183 184 185 186 187 188 189 190 191 192 193 194 195 196 197 198 200 201 203 204 205 206 207 208 209 210 211 212 11737578664341411110
14 1 8 146 8 11 12 13 14 15 17 19 20 22 23 24 25 26 27 28 29 30 32 33 35 37 40 41 42 43 44 46 47 48 49 50 51 52 53 54 55 56 57 58 59 60 61 62 63 68 70 72 74 75 76 77 78 79 81 83 86 87 88 89 90 91 96 97 99 100 102 104 105 109 110 112 113 114 119 120 121 122 124 125 126 127 128 130 131 134 135 139 142 143 144 145 146 147 148 150 154 155 156 157 159 162 163 165 166 167 168 169 170 171 172 173 174 175 176 179 181 182 183 184 185 186 187 188 189 190 191 192 193 194 195 196 197 198 200 201 203 204 205 206 207 208 209 210 211 212 11737578664341411110
13 2 121 27 146 8 11 12 13 14 15 17 19 20 22 23 24 25 26 27 28 29 30 32 33 35 37 40 41 42 43 44 46 47 48 49 50 51 52 53 54 55 56 57 58 59 60 61 62 63 68 70 72 74 75 76 77 78 79 81 83 86 87 88 89 90 91 96 97 99 100 102 104 105 109 110 112 113 114 119 120 121 122 124 125 126 127 128 130 131 134 135 139 142 143 144 145 146 147 148 150 154 155 156 157 159 162 163 165 166 167 168 169 170 171 172 173 174 175 176 179 181 182 183 184 185 186 187 188 189 190 191 192 193 194 195 196 197 198 200 201 203 204 205 206 207 208 209 210 211 212 284212768955028262
10 0 146 8 11 12 13 14 15 17 19 20 22 23 24 25 26 27 28 29 30 32 33 35 37 40 41 42 43 44 46 47 48 49 50 51 52 53 54 55 56 57 58 59 60 61 62 63 68 70 72 74 75 76 77 78 79 81 83 86 87 88 89 90 91 96 97 99 100 102 104 105 109 110 112 113 114 119 120 121 122 124 125 126 127 128 130 131 134 135 139 142 143 144 145 146 147 148 150 154 155 156 157 159 162 163 165 166 167 168 169 170 171 172 173 174 175 176 179 181 182 183 184 185 186 187 188 189 190 191 192 193 194 195 196 197 198 200 201 203 204 205 206 207 208 209 210 211 212 284212768955028262
6 2 13 38 146 8 11 12 13 14 15 17 19 20 22 23 24 25 26 27 28 29 30 32 33 35 37 40 41 42 43 44 46 47 48 49 50 51 52 53 54 55 56 57 58 59 60 61 62 63 68 70 72 74 75 76 77 78 79 81 83 86 87 88 89 90 91 96 97 99 100 102 104 105 109 110 112 113 114 119 120 121 122 124 125 126 127 128 130 131 134 135 139 142 143 144 145 146 147 148 150 154 155 156 157 159 162 163 165 166 167 168 169 170 171 172 173 174 175 176 179 181 182 183 184 185 186 187 188 189 190 191 192 193 194 195 196 197 198 200 201 203 204 205 206 207 208 209 210 211 212 284212768955028262
11 0 146 8 11 12 13 14 15 17 19 20 22 23 24 25 26 27 28 29 30 32 33 35 37 40 41 42 43 44 46 47 48 49 50 51 52 53 54 55 56 57 58 59 60 61 62 63 68 70 72 74 75 76 77 78 79 81 83 86 87 88 89 90 91 96 97 99 100 102 104 105 109 110 112 113 114 119 120 121 122 124 125 126 127 128 130 131 134 135 139 142 143 144 145 146 147 148 150 154 155 156 157 159 162 163 165 166 167 168 169 170 171 172 173 174 175 176 179 181 182 183 184 185 186 187 188 189 190 191 192 193 194 195 196 197 198 200 201 203 204 205 206 207 208 209 210 211 212 284212768955028262
3 1 44 146 8 11 12 13 14 15 17 19 20 22 23 24 25 26 27 28 29 30 32 33 35 37 40 41 42 43 44 46 47 48 49 50 51 52 53 54 55 56 57 58 59 60 61 62 63 68 70 72 74 75 76 77 78 79 81 83 86 87 88 89 90 91 96 97 99 100 102 104 105 109 110 112 113 114 119 120 121 122 124 125 126 127 128 130 131 134 135 139 142 143 144 145 146 147 148 150 154 155 156 157 159 162 163 165 166 167 168 169 170 171 172 173 174 175 176 179 181 182 183 184 185 186 187 188 189 190 191 192 193 194 195 196 197 198 200 201 203 204 205 206 207 208 209 210 211 212 284212768955028262
8 1 189 146 8 11 12 13 14 15 17 19 20 22 23 24 25 26 27 28 29 30 32 33 35 37 40 41 42 43 44 46 47 48 49 50 51 52 53 54 55 56 57 58 59 60 61 62 63 68 70 72 74 75 76 77 78 79 81 83 86 87 88 89 90 91 96 97 99 100 102 104 105 109 110 112 113 114 119 120 121 122 124 125 126 127 128 130 131 134 135 139 142 143 144 145 146 147 148 150 154 155 156 157 159 162 163 165 166 167 168 169 170 171 172 173 174 175 176 179 181 182 183 184 185 186 187 188 189 190 191 192 193 194 195 196 197 198 200 201 203 204 205 206 207 208 209 210 211 212 284212768955028262
1 4 3 213 37 146 147 8 11 12 13 14 15 17 19 20 22 23 24 25 26 27 28 29 30 32 33 35 37 40 41 42 43 44 46 47 48 49 50 51 52 53 54 55 56 57 58 59 60 61 62 63 68 70 72 74 75 76 77 78 79 81 83 86 87 88 89 90 91 96 97 99 100 102 104 105 109 110 112 113 114 119 120 121 122 124 125 126 127 128 130 131 134 135 139 142 143 144 145 146 147 148 150 154 155 156 157 159 162 163 165 166 167 168 169 170 171 172 173 174 175 176 179 181 182 183 184 185 186 187 188 189 190 191 192 193 194 195 196 197 198 200 201 203 204 205 206 207 208 209 210 211 212 213 14258442741646776973
1 10 2 214 38 41 198 99 75 61 122 110 148 8 11 12 13 14 15 17 19 20 22 23 24 25 26 27 28 29 30 32 33 35 37 40 41 42 43 44 46 47 48 49 50 51 52 53 54 55 56 57 58 59 60 61 62 63 68 70 72 74 75 76 77 78 79 81 83 86 87 88 89 90 91 96 97 99 100 102 104 105 109 110 112 113 114 119 120 121 122 124 125 126 127 128 130 131 134 135 139 142 143 144 145 146 147 148 150 154 155 156 157 159 162 163 165 166 167 168 169 170 171 172 173 174 175 176 179 181 182 183 184 185 186 187 188 189 190 191 192 193 194 195 196 197 198 200 201 203 204 205 206 207 208 209 210 211 212 213 214 2669097657837170020
3 1 20 148 8 11 12 13 14 15 17 19 20 22 23 24 25 26 27 28 29 30 32 33 35 37 40 41 42 43 44 46 47 48 49 50 51 52 53 54 55 56 57 58 59 60 61 62 63 68 70 72 74 75 76 77 78 79 81 83 86 87 88 89 90 91 96 97 99 100 102 104 105 109 110 112 113 114 119 120 121 122 124 125 126 127 128 130 131 134 135 139 142 143 144 145 146 147 148 150 154 155 156 157 159 162 163 165 166 167 168 169 170 171 172 173 174 175 176 179 181 182 183 184 185 186 187 188 189 190 191 192 193 194 195 196 197 198 200 201 203 204 205 206 207 208 209 210 211 212 213 214 2669097657837170020
1 10 2 215 44 58 119 49 23 197 131 74 149 8 11 12 13 14 15 17 19 20 22 23 24 25 26 27 28 29 30 32 33 35 37 40 41 42 43 44 46 47 48 49 50 51 52 53 54 55 56 57 58 59 60 61 62 63 68 70 72 74 75 76 77 78 79 81 83 86 87 88 89 90 91 96 97 99 100 102 104 105 109 110 112 113 114 119 120 121 122 124 125 126 127 128 130 131 134 135 139 142 143 144 145 146 147 148 150 154 155 156 157 159 162 163 165 166 167 168 169 170 171 172 173 174 175 176 179 181 182 183 184 185 186 187 188 189 190 191 192 193 194 195 196 197 198 200 201 203 204 205 206 207 208 209 210 211 212 213 214 215 7362115742062755624
2 2 109 16 149 8 11 12 13 14 15 17 19 20 22 23 24 25 26 27 28 29 30 32 33 35 37 40 41 42 43 44 46 47 48 49 50 51 52 53 54 55 56 57 58 59 60 61 62 63 68 70 72 74 75 76 77 78 79 81 83 86 87 88 89 90 91 96 97 99 100 102 104 105 109 110 112 113 114 119 120 121 122 124 125 126 127 128 130 131 134 135 139 142 143 144 145 146 147 148 150 154 155 156 157 159 162 163 165 166 167 168 169 170 171 172 173 174 175 176 179 181 182 183 184 185 186 187 188 189 190 191 192 193 194 195 196 197 198 200 201 203 204 205 206 207 208 209 210 211 212 213 214 215 7362115742062755624
1 12 3 216 20 209 52 44 191 40 193 15 125 191 150 8 11 12 13 14 15 17 19 20 22 23 24 25 26 27 28 29 30 32 33 35 37 40 41 42 43 44 46 47 48 49 50 51 52 53 54 55 56 57 58 59 60 61 62 63 68 70 72 74 75 76 77 78 79 81 83 86 87 88 89 90 91 96 97 99 100 102 104 105 109 110 112 113 114 119 120 121 122 124 125 126 127 128 130 131 134 135 139 142 143 144 145 146 147 148 150 154 155 156 157 159 162 163 165 166 167 168 169 170 171 172 173 174 175 176 179 181 182 183 184 185 186 187 188 189 190 191 192 193 194 195 196 197 198 200 201 203 204 205 206 207 208 209 210 211 212 213 214 215 216 3103907337712068944
3 1 30 150 8 11 12 13 14 15 17 19 20 22 23 24 25 26 27 28 29 30 32 33 35 37 40 41 42 43 44 46 47 48 49 50 51 52 53 54 55 56 57 58 59 60 61 62 63 68 70 72 74 75 76 77 78 79 81 83 86 87 88 89 90 91 96 97 99 100 102 104 105 109 110 112 113 114 119 120 121 122 124 125 126 127 128 130 131 134 135 139 142 143 144 145 146 147 148 150 154 155 156 157 159 162 163 165 166 167 168 169 170 171 172 173 174 175 176 179 181 182 183 184 185 186 187 188 189 190 191 192 193 194 195 196 197 198 200 201 203 204 205 206 207 208 209 210 211 212 213 214 215 216 3103907337712068944
5 2 6 196 150 8 11 12 13 14 15 17 19 20 22 23 24 25 26 27 28 29 30 32 33 35 37 40 41 42 43 44 46 47 48 49 50 51 52 53 54 55 56 57 58 59 60 61 62 63 68 70 72 74 75 76 77 78 79 81 83 86 87 88 89 90 91 96 97 99 100 102 104 105 109 110 112 113 114 119 120 121 122 124 125 126 127 128 130 131 134 135 139 142 143 144 145 146 147 148 150 154 155 156 157 159 162 163 165 166 167 168 169 170 171 172 173 174 175 176 179 181 182 183 184 185 186 187 188 189 190 191 192 193 194 195 196 197 198 200 201 203 204 205 206 207 208 209 210 211 212 213 214 215 216 3103907337712068944
12 3 14 11 112 150 8 11 12 13 14 15 17 19 20 22 23 24 25 26 27 28 29 30 32 33 35 37 40 41 42 43 44 46 47 48 49 50 51 52 53 54 55 56 57 58 59 60 61 62 63 68 70 72 74 75 76 77 78 79 81 83 86 87 88 89 90 91 96 97 99 100 102 104 105 109 110 112 113 114 119 120 121 122 124 125 126 127 128 130 131 134 135 139 142 143 144 145 146 147 148 150 154 155 156 157 159 162 163 165 166 167 168 169 170 171 172 173 174 175 176 179 181 182 183 184 185 186 187 188 189 190 191 192 193 194 195 196 197 198 200 201 203 204 205 206 207 208 209 210 211 212 213 214 215 216 473534634049453493
14 1 2 150 8 11 12 13 14 15 17 19 20 22 23 24 25 26 27 28 29 30 32 33 35 37 40 41 42 43 44 46 47 48 49 50 51 52 53 54 55 56 57 58 59 60 61 62 63 68 70 72 74 75 76 77 78 79 81 83 86 87 88 89 90 91 96 97 99 100 102 104 105 109 110 112 113 114 119 120 121 122 124 125 126 127 128 130 131 134 135 139 142 143 144 145 146 147 148 150 154 155 156 157 159 162 163 165 166 167 168 169 170 171 172 173 174 175 176 179 181 182 183 184 185 186 187 188 189 190 191 192 193 194 195 196 197 198 200 201 203 204 205 206 207 208 209 210 211 212 213 214 215 216 473534634049453493
8 1 173 150 8 11 12 13 14 15 17 19 20 22 23 24 25 26 27 28 29 30 32 33 35 37 40 41 42 43 44 46 47 48 49 50 51 52 53 54 55 56 57 58 59 60 61 62 63 68 70 72 74 75 76 77 78 79 81 83 86 87 88 89 90 91 96 97 99 100 102 104 105 109 110 112 113 114 119 120 121 122 124 125 126 127 128 130 131 134 135 139 142 143 144 145 146 147 148 150 154 155 156 157 159 162 163 165 166 167 168 169 170 171 172 173 174 175 176 179 181 182 183 184 185 186 187 188 189 190 191 192 193 194 195 196 197 198 200 201 203 204 205 206 207 208 209 210 211 212 213 214 215 216 473534634049453493
1 3 2 217 30 151 8 11 12 13 14 15 17 19 20 22 23 24 25 26 27 28 29 30 32 33 35 37 40 41 42 43 44 46 47 48 49 50 51 52 53 54 55 56 57 58 59 60 61 62 63 68 70 72 74 75 76 77 78 79 81 83 86 87 88 89 90 91 96 97 99 100 102 104 105 109 110 112 113 114 119 120 121 122 124 125 126 127 128 130 131 134 135 139 142 143 144 145 146 147 148 150 154 155 156 157 159 162 163 165 166 167 168 169 170 171 172 173 174 175 176 179 181 182 183 184 185 186 187 188 189 190 191 192 193 194 195 196 197 198 200 201 203 204 205 206 207 208 209 210 211 212 213 214 215 216 217 1567717863281730409
10 0 151 8 11 12 13 14 15 17 19 20 22 23 24 25 26 27 28 29 30 32 33 35 37 40 41 42 43 44 46 47 48 49 50 51 52 53 54 55 56 57 58 59 60 61 62 63 68 70 72 74 75 76 77 78 79 81 83 86 87 88 89 90 91 96 97 99 100 102 104 105 109 110 112 113 114 119 120 121 122 124 125 126 127 128 130 131 134 135 139 142 143 144 145 146 147 148 150 154 155 156 157 159 162 163 165 166 167 168 169 170 171 172 173 174 175 176 179 181 182 183 184 185 186 187 188 189 190 191 192 193 194 195 196 197 198 200 201 203 204 205 206 207 208 209 210 211 212 213 214 215 216 217 1567717863281730409
11 0 151 8 11 12 13 14 15 17 19 20 22 23 24 25 26 27 28 29 30 32 33 35 37 40 41 42 43 44 46 47 48 49 50 51 52 53 54 55 56 57 58 59 60 61 62 63 68 70 72 74 75 76 77 78 79 81 83 86 87 88 89 90 91 96 97 99 100 102 104 105 109 110 112 113 114 119 120 121 122 124 125 126 127 128 130 131 134 135 139 142 143 144 145 146 147 148 150 154 155 156 157 159 162 163 165 166 167 168 169 170 171 172 173 174 175 176 179 181 182 183 184 185 186 187 188 189 190 191 192 193 194 195 196 197 198 200 201 203 204 205 206 207 208 209 210 211 212 213 214 215 216 217 1567717863281730409
5 2 3 56 151 8 11 12 13 14 15 17 19 20 22 23 24 25 26 27 28 29 30 32 33 35 37 40 41 42 43 44 46 47 48 49 50 51 52 53 54 55 56 57 58 59 60 61 62 63 68 70 72 74 75 76 77 78 79 81 83 86 87 88 89 90 91 96 97 99 100 102 104 105 109 110 112 113 114 119 120 121 122 124 125 126 127 128 130 131 134 135 139 142 143 144 145 146 147 148 150 154 155 156 157 159 162 163 165 166 167 168 169 170 171 172 173 174 175 176 179 181 182 183 184 185 186 187 188 189 190 191 192 193 194 195 196 197 198 200 201 203 204 205 206 207 208 209 210 211 212 213 214 215 216 217 1567717863281730409
8 1 72 151 8 11 12 13 14 15 17 19 20 22 23 24 25 26 27 28 29 30 32 33 35 37 40 41 42 43 44 46 47 48 49 50 51 52 53 54 55 56 57 58 59 60 61 62 63 68 70 72 74 75 76 77 78 79 81 83 86 87 88 89 90 91 96 97 99 100 102 104 105 109 110 112 113 114 119 120 121 122 124 125 126 127 128 130 131 134 135 139 142 143 144 145 146 147 148 150 154 155 156 157 159 162 163 165 166 167 168 169 170 171 172 173 174 175 176 179 181 182 183 184 185 186 187 188 189 190 191 192 193 194 195 196 197 198 200 201 203 204 205 206 207 208 209 210 211 212 213 214 215 216 217 1567717863281730409
8 1 75 151 8 11 12 13 14 15 17 19 20 22 23 24 25 26 27 28 29 30 32 33 35 37 40 41 42 43 44 46 47 48 49 50 51 52 53 54 55 56 57 58 59 60 61 62 63 68 70 72 74 75 76 77 78 79 81 83 86 87 88 89 90 91 96 97 99 100 102 104 105 109 110 112 113 114 119 120 121 122 124 125 126 127 128 130 131 134 135 139 142 143 144 145 146 147 148 150 154 155 156 157 159 162 163 165 166 167 168 169 170 171 172 173 174 175 176 179 181 182 183 184 185 186 187 188 189 190 191 192 193 194 195 196 197 198 200 201 203 204 205 206 207 208 209 210 211 212 213 214 215 216 217 1567717863281730409
12 3 205 0 15 151 8 11 12 13 14 15 17 19 20 22 23 24 25 26 27 28 29 30 32 33 35 37 40 41 42 43 44 46 47 48 49 50 51 52 53 54 55 56 57 58 59 60 61 62 63 68 70 72 74 75 76 77 78 79 81 83 86 87 88 89 90 91 96 97 99 100 102 104 105 109 110 112 113 114 119 120 121 122 124 125 126 127 128 130 131 134 135 139 142 143 144 145 146 147 148 150 154 155 156 157 159 162 163 165 166 167 168 169 170 171 172 173 174 175 176 179 181 182 183 184 185 186 187 188 189 190 191 192 193 194 195 196 197 198 200 201 203 204 205 206 207 208 209 210 211 212 213 214 215 216 217 9305628784956582224
12 3 74 6 48 151 8 11 12 13 14 15 17 19 20 22 23 24 25 26 27 28 29 30 32 33 35 37 40 41 42 43 44 46 47 48 49 50 51 52 53 54 55 56 57 58 59 60 61 62 63 68 70 72 74 75 76 77 78 79 81 83 86 87 88 89 90 91 96 97 99 100 102 104 105 109 110 112 113 114 119 120 121 122 124 125 126 127 128 130 131 134 135 139 142 143 144 145 146 147 148 150 154 155 156 157 159 162 163 165 166 167 168 169 170 171 172 173 174 175 176 179 181 182 183 184 185 186 187 188 189 190 191 192 193 194 195 196 197 198 200 201 203 204 205 206 207 208 209 210 211 212 213 214 215 216 217 17956057944744859591
8 1 43 151 8 11 12 13 14 15 17 19 20 22 23 24 25 26 27 28 29 30 32 33 35 37 40 41 42 43 44 46 47 48 49 50 51 52 53 54 55 56 57 58 59 60 61 62 63 68 70 72 74 75 76 77 78 79 81 83 86 87 88 89 90 91 96 97 99 100 102 104 105 109 110 112 113 114 119 120 121 122 124 125 126 127 128 130 131 134 135 139 142 143 144 145 146 147 148 150 154 155 156 157 159 162 163 165 166 167 168 169 170 171 172 173 174 175 176 179 181 182 183 184 185 186 187 188 189 190 191 192 193 194 195 196 197 198 200 201 203 204 205 206 207 208 209 210 211 212 213 214 215 216 217 17956057944744859591
8 1 187 151 8 11 12 13 14 15 17 19 20 22 23 24 25 26 27 28 29 30 32 33 35 37 40 41 42 43 44 46 47 48 49 50 51 52 53 54 55 56 57 58 59 60 61 62 63 68 70 72 74 75 76 77 78 79 81 83 86 87 88 89 90 91 96 97 99 100 102 104 105 109 110 112 113 114 119 120 121 122 124 125 126 127 128 130 131 134 135 139 142 143 144 145 146 147 148 150 154 155 156 157 159 162 163 165 166 167 168 169 170 171 172 173 174 175 176 179 181 182 183 184 185 186 187 188 189 190 191 192 193 194 195 196 197 198 200 201 203 204 205 206 207 208 209 210 211 212 213 214 215 216 217 17956057944744859591
8 1 35 151 8 11 12 13 14 15 17 19 20 22 23 24 25 26 27 28 29 30 32 33 35 37 40 41 42 43 44 46 47 48 49 50 51 52 53 54 55 56 57 58 59 60 61 62 63 68 70 72 74 75 76 77 78 79 81 83 86 87 88 89 90 91 96 97 99 100 102 104 105 109 110 112 113 114 119 120 121 122 124 125 126 127 128 130 131 134 135 139 142 143 144 145 146 147 148 150 154 155 156 157 159 162 163 165 166 167 168 169 170 171 172 173 174 175 176 179 181 182 183 184 185 186 187 188 189 190 191 192 193 194 195 196 197 198 200 201 203 204 205 206 207 208 209 210 211 212 213 214 215 216 217 17956057944744859591
3 1 32 151 8 11 12 13 14 15 17 19 20 22 23 24 25 26 27 28 29 30 32 33 35 37 40 41 42 43 44 46 47 48 49 50 51 52 53 54 55 56 57 58 59 60 61 62 63 68 70 72 74 75 76 77 78 79 81 83 86 87 88 89 90 91 96 97 99 100 102 104 105 109 110 112 113 114 119 120 121 122 124 125 126 127 128 130 131 134 135 139 142 143 144 145 146 147 148 150 154 155 156 157 159 162 163 165 166 167 168 169 170 171 172 173 174 175 176 179 181 182 183 184 185 186 187 188 189 190 191 192 193 194 195 196 197 198 200 201 203 204 205 206 207 208 209 210 211 212 213 214 215 216 217 17956057944744859591
1 10 3 218 32 74 25 179 72 27 201 26 152 8 11 12 13 14 15 17 19 20 22 23 24 25 26 27 28 29 30 32 33 35 37 40 41 42 43 44 46 47 48 49 50 51 52 53 54 55 56 57 58 59 60 61 62 63 68 70 72 74 75 76 77 78 79 81 83 86 87 88 89 90 91 96 97 99 100 102 104 105 109 110 112 113 114 119 120 121 122 124 125 126 127 128 130 131 134 135 139 142 143 144 145 146 147 148 150 154 155 156 157 159 162 163 165 166 167 168 169 170 171 172 173 174 175 176 179 181 182 183 184 185 186 187 188 189 190 191 192 193 194 195 196 197 198 200 201 203 204 205 206 207 208 209 210 211 212 213 214 215 216 217 218 8717020717348239539
8 1 131 152 8 11 12 13 14 15 17 19 20 22 23 24 25 26 27 28 29 30 32 33 35 37 40 41 42 43 44 46 47 48 49 50 51 52 53 54 55 56 57 58 59 60 61 62 63 68 70 72 74 75 76 77 78 79 81 83 86 87 88 89 90 91 96 97 99 100 102 104 105 109 110 112 113 114 119 120 121 122 124 125 126 127 128 130 131 134 135 139 142 143 144 145 146 147 148 150 154 155 156 157 159 162 163 165 166 167 168 169 170 171 172 173 174 175 176 179 181 182 183 184 185 186 187 188 189 190 191 192 193 194 195 196 197 198 200 201 203 204 205 206 207 208 209 210 211 212 213 214 215 216 217 218 8717020717348239539
9 1 39 152 8 11 12 13 14 15 17 19 20 22 23 24 25 26 27 28 29 30 32 33 35 37 40 41 42 43 44 46 47 48 49 50 51 52 53 54 55 56 57 58 59 60 61 62 63 68 70 72 74 75 76 77 78 79 81 83 86 87 88 89 90 91 96 97 99 100 102 104 105 109 110 112 113 114 119 120 121 122 124 125 126 127 128 130 131 134 135 139 142 143 144 145 146 147 148 150 154 155 156 157 159 162 163 165 166 167 168 169 170 171 172 173 174 175 176 179 181 182 183 184 185 186 187 188 189 190 191 192 193 194 195 196 197 198 200 201 203 204 205 206 207 208 209 210 211 212 213 214 215 216 217 218 8717020717348239539
3 1 34 151 8 11 12 13 14 15 17 19 20 22 23 24 25 26 27 28 29 30 32 33 35 37 40 41 42 43 44 46 47 48 49 50 51 52 53 54 55 56 57 58 59 60 61 62 63 68 70 72 74 75 76 77 78 79 81 83 86 87 88 89 90 91 96 97 99 100 102 104 105 109 110 112 113 114 119 120 121 122 124 125 126 127 128 130 131 134 135 139 142 143 144 145 146 147 148 150 154 155 156 157 159 162 163 165 166 167 168 169 170 171 172 173 174 175 176 179 181 182 183 184 185 186 187 188 189 190 191 192 193 194 195 196 197 198 200 201 203 204 205 206 208 209 210 211 212 213 214 215 216 217 218 4656966856429581590
12 3 74 15 20 151 8 11 12 13 14 15 17 19 20 22 23 24 25 26 27 28 29 30 32 33 35 37 40 41 42 43 44 46 47 48 49 50 51 52 53 54 55 56 57 58 59 60 61 62 63 68 70 72 74 75 76 77 78 79 81 83 86 87 88 89 90 91 96 97 99 100 102 104 105 109 110 112 113 114 119 120 121 122 124 125 126 127 128 130 131 134 135 139 142 143 144 145 146 147 148 150 154 155 156 157 159 162 163 165 166 167 168 169 170 171 172 173 174 175 176 179 181 182 183 184 185 186 187 188 189 190 191 192 193 194 195 196 197 198 200 201 203 204 205 206 208 209 210 211 212 213 214 215 216 217 218 13984866809090145206
8 1 56 151 8 11 12 13 14 15 17 19 20 22 23 24 25 26 27 28 29 30 32 33 35 37 40 41 42 43 44 46 47 48 49 50 51 52 53 54 55 56 57 58 59 60 61 62 63 68 70 72 74 75 76 77 78 79 81 83 86 87 88 89 90 91 96 97 99 100 102 104 105 109 110 112 113 114 119 120 121 122 124 125 126 127 128 130 131 134 135 139 142 143 144 145 146 147 148 150 154 155 156 157 159 162 163 165 166 167 168 169 170 171 172 173 174 175 176 179 181 182 183 184 185 186 187 188 189 190 191 192 193 194 195 196 197 198 200 201 203 204 205 206 208 209 210 211 212 213 214 215 216 217 218 13984866809090145206
1 5 3 219 34 159 170 152 8 11 12 13 14 15 17 19 20 22 23 24 25 26 27 28 29 30 32 33 35 37 40 41 42 43 44 46 47 48 49 50 51 52 53 54 55 56 57 58 59 60 61 62 63 68 70 72 74 75 76 77 78 79 81 83 86 87 88 89 90 91 96 97 99 100 102 104 105 109 110 112 113 114 119 120 121 122 124 125 126 127 128 130 131 134 135 139 142 143 144 145 146 147 148 150 154 155 156 157 159 162 163 165 166 167 168 169 170 171 172 173 174 175 176 179 181 182 183 184 185 186 187 188 189 190 191 192 193 194 195 196 197 198 200 201 203 204 205 206 208 209 210 211 212 213 214 215 216 217 218 219 1512767966538906063
6 2 0 57 152 8 11 12 13 14 15 17 19 20 22 23 24 25 26 27 28 29 30 32 33 35 37 40 41 42 43 44 46 47 48 49 50 51 52 53 54 55 56 57 58 59 60 61 62 63 68 70 72 74 75 76 77 78 79 81 83 86 87 88 89 90 91 96 97 99 100 102 104 105 109 110 112 113 114 119 120 121 122 124 125 126 127 128 130 131 134 135 139 142 143 144 145 146 147 148 150 154 155 156 157 159 162 163 165 166 167 168 169 170 171 172 173 174 175 176 179 181 182 183 184 185 186 187 188 189 190 191 192 193 194 195 196 197 198 200 201 203 204 205 206 208 209 210 211 212 213 214 215 216 217 218 219 1512767966538906063
5 2 6 75 152 8 11 12 13 14 15 17 19 20 22 23 24 25 26 27 28 29 30 32 33 35 37 40 41 42 43 44 46 47 48 49 50 51 52 53 54 55 56 57 58 59 60 61 62 63 68 70 72 74 75 76 77 78 79 81 83 86 87 88 89 90 91 96 97 99 100 102 104 105 109 110 112 113 114 119 120 121 122 124 125 126 127 128 130 131 134 135 139 142 143 144 145 146 147 148 150 154 155 156 157 159 162 163 165 166 167 168 169 170 171 172 173 174 175 176 179 181 182 183 184 185 186 187 188 189 190 191 192 193 194 195 196 197 198 200 201 203 204 205 206 208 209 210 211 212 213 214 215 216 217 218 219 1512767966538906063
5 2 8 41 152 8 11 12 13 14 15 17 19 20 22 23 24 25 26 27 28 29 30 32 33 35 37 40 41 42 43 44 46 47 48 49 50 51 52 53 54 55 56 57 58 59 60 61 62 63 68 70 72 74 75 76 77 78 79 81 83 86 87 88 89 90 91 96 97 99 100 102 104 105 109 110 112 113 114 119 120 121 122 124 125 126 127 128 130 131 134 135 139 142 143 144 145 146 147 148 150 154 155 156 157 159 162 163 165 166 167 168 169 170 171 172 173 174 175 176 179 181 182 183 184 185 186 187 188 189 190 191 192 193 194 195 196 197 198 200 201 203 204 205 206 208 209 210 211 212 213 214 215 216 217 218 219 1512767966538906063
14 1 2 152 8 11 12 13 14 15 17 19 20 22 23 24 25 26 27 28 29 30 32 33 35 37 40 41 42 43 44 46 47 48 49 50 51 52 53 54 55 56 57 58 59 60 61 62 63 68 70 72 74 75 76 77 78 79 81 83 86 87 88 89 90 91 96 97 99 100 102 104 105 109 110 112 113 114 119 120 121 122 124 125 126 127 128 130 131 134 135 139 142 143 144 145 146 147 148 150 154 155 156 157 159 162 163 165 166 167 168 169 170 171 172 173 174 175 176 179 181 182 183 184 185 186 187 188 189 190 191 192 193 194 195 196 197 198 200 201 203 204 205 206 208 209 210 211 212 213 214 215 216 217 218 219 1512767966538906063
3 1 4 152 8 11 12 13 14 15 17 19 20 22 23 24 25 26 27 28 29 30 32 33 35 37 40 41 42 43 44 46 47 48 49 50 51 52 53 54 55 56 57 58 59 60 61 62 63 68 70 72 74 75 76 77 78 79 81 83 86 87 88 89 90 91 96 97 99 100 102 104 105 109 110 112 113 114 119 120 121 122 124 125 126 127 128 130 131 134 135 139 142 143 144 145 146 147 148 150 154 155 156 157 159 162 163 165 166 167 168 169 170 171 172 173 174 175 176 179 181 182 183 184 185 186 187 188 189 190 191 192 193 194 195 196 197 198 200 201 203 204 205 206 208 209 210 211 212 213 214 215 216 217 218 219 1512767966538906063
11 0 152 8 11 12 13 14 15 17 19 20 22 23 24 25 26 27 28 29 30 32 33 35 37 40 41 42 43 44 46 47 48 49 50 51 52 53 54 55 56 57 58 59 60 61 62 63 68 70 72 74 75 76 77 78 79 81 83 86 87 88 89 90 91 96 97 99 100 102 104 105 109 110 112 113 114 119 120 121 122 124 125 126 127 128 130 131 134 135 139 142 143 144 145 146 147 148 150 154 155 156 157 159 162 163 165 166 167 168 169 170 171 172 173 174 175 176 179 181 182 183 184 185 186 187 188 189 190 191 192 193 194 195 196 197 198 200 201 203 204 205 206 208 209 210 211 212 213 214 215 216 217 218 219 1512767966538906063
7 2 0 57 152 8 11 12 13 14 15 17 19 20 22 23 24 25 26 27 28 29 30 32 33 35 37 40 41 42 43 44 46 47 48 49 50 51 52 53 54 55 56 57 58 59 60 61 62 63 68 70 72 74 75 76 77 78 79 81 83 86 87 88 89 90 91 96 97 99 100 102 104 105 109 110 112 113 114 119 120 121 122 124 125 126 127 128 130 131 134 135 139 142 143 144 145 146 147 148 150 154 155 156 157 159 162 163 165 166 167 168 169 170 171 172 173 174 175 176 179 181 182 183 184 185 186 187 188 189 190 191 192 193 194 195 196 197 198 200 201 203 204 205 206 208 209 210 211 212 213 214 215 216 217 218 219 1512767966538906063
1 3 1 220 39 153 8 11 12 13 14 15 17 19 20 22 23 24 25 26 27 28 29 30 32 33 35 37 40 41 42 43 44 46 47 48 49 50 51 52 53 54 55 56 57 58 59 60 61 62 63 68 70 72 74 75 76 77 78 79 81 83 86 87 88 89 90 91 96 97 99 100 102 104 105 109 110 112 113 114 119 120 121 122 124 125 126 127 128 130 131 134 135 139 142 143 144 145 146 147 148 150 154 155 156 157 159 162 163 165 166 167 168 169 170 171 172 173 174 175 176 179 181 182 183 184 185 186 187 188 189 190 191 192 193 194 195 196 197 198 200 201 203 204 205 206 208 209 210 211 212 213 214 215 216 217 218 219 220 18217683985731102306
8 1 187 153 8 11 12 13 14 15 17 19 20 22 23 24 25 26 27 28 29 30 32 33 35 37 40 41 42 43 44 46 47 48 49 50 51 52 53 54 55 56 57 58 59 60 61 62 63 68 70 72 74 75 76 77 78 79 81 83 86 87 88 89 90 91 96 97 99 100 102 104 105 109 110 112 113 114 119 120 121 122 124 125 126 127 128 130 131 134 135 139 142 143 144 145 146 147 148 150 154 155 156 157 159 162 163 165 166 167 168 169 170 171 172 173 174 175 176 179 181 182 183 184 185 186 187 188 189 190 191 192 193 194 195 196 197 198 200 201 203 204 205 206 208 209 210 211 212 213 214 215 216 217 218 219 220 18217683985731102306
2 2 50 4 153 8 11 12 13 14 15 17 19 20 22 23 24 25 26 27 28 29 30 32 33 35 37 40 41 42 43 44 46 47 48 49 50 51 52 53 54 55 56 57 58 59 60 61 62 63 68 70 72 74 75 76 77 78 79 81 83 86 87 88 89 90 91 96 97 99 100 102 104 105 109 110 112 113 114 119 120 121 122 124 125 126 127 128 130 131 134 135 139 142 143 144 145 146 147 148 150 154 155 156 157 159 162 163 165 166 167 168 169 170 171 172 173 174 175 176 179 181 182 183 184 185 186 187 188 189 190 191 192 193 194 195 196 197 198 200 201 203 204 205 206 208 209 210 211 212 213 214 215 216 217 218 219 220 18217683985731102306
10 0 153 8 11 12 13 14 15 17 19 20 22 23 24 25 26 27 28 29 30 32 33 35 37 40 41 42 43 44 46 47 48 49 50 51 52 53 54 55 56 57 58 59 60 61 62 63 68 70 72 74 75 76 77 78 79 81 83 86 87 88 89 90 91 96 97 99 100 102 104 105 109 110 112 113 114 119 120 121 122 124 125 126 127 128 130 131 134 135 139 142 143 144 145 146 147 148 150 154 155 156 157 159 162 163 165 166 167 168 169 170 171 172 173 174 175 176 179 181 182 183 184 185 186 187 188 189 190 191 192 193 194 195 196 197 198 200 201 203 204 205 206 208 209 210 211 212 213 214 215 216 217 218 219 220 18217683985731102306
10 0 153 8 11 12 13 14 15 17 19 20 22 23 24 25 26 27 28 29 30 32 33 35 37 40 41 42 43 44 46 47 48 49 50 51 52 53 54 55 56 57 58 59 60 61 62 63 68 70 72 74 75 76 77 78 79 81 83 86 87 88 89 90 91 96 97 99 100 102 104 105 109 110 112 113 114 119 120 121 122 124 125 126 127 128 130 131 134 135 139 142 143 144 145 146 147 148 150 154 155 156 157 159 162 163 165 166 167 168 169 170 171 172 173 174 175 176 179 181 182 183 184 185 186 187 188 189 190 191 192 193 194 195 196 197 198 200 201 203 204 205 206 208 209 210 211 212 213 214 215 216 217 218 219 220 18217683985731102306
3 1 48 153 8 11 12 13 14 15 17 19 20 22 23 24 25 26 27 28 29 30 32 33 35 37 40 41 42 43 44 46 47 48 49 50 51 52 53 54 55 56 57 58 59 60 61 62 63 68 70 72 74 75 76 77 78 79 81 83 86 87 88 89 90 91 96 97 99 100 102 104 105 109 110 112 113 114 119 120 121 122 124 125 126 127 128 130 131 134 135 139 142 143 144 145 146 147 148 150 154 155 156 157 159 162 163 165 166 167 168 169 170 171 172 173 174 175 176 179 181 182 183 184 185 186 187 188 189 190 191 192 193 194 195 196 197 198 200 201 203 204 205 206 208 209 210 211 212 213 214 215 216 217 218 219 220 18217683985731102306
11 0 153 8 11 12 13 14 15 17 19 20 22 23 24 25 26 27 28 29 30 32 33 35 37 40 41 42 43 44 46 47 48 49 50 51 52 53 54 55 56 57 58 59 60 61 62 63 68 70 72 74 75 76 77 78 79 81 83 86 87 88 89 90 91 96 97 99 100 102 104 105 109 110 112 113 114 119 120 121 122 124 125 126 127 128 130 131 134 135 139 142 143 144 145 146 147 148 150 154 155 156 157 159 162 163 165 166 167 168 169 170 171 172 173 174 175 176 179 181 182 183 184 185 186 187 188 189 190 191 192 193 194 195 196 197 198 200 201 203 204 205 206 208 209 210 211 212 213 214 215 216 217 218 219 220 18217683985731102306
3 1 0 153 8 11 12 13 14 15 17 19 20 22 23 24 25 26 27 28 29 30 32 33 35 37 40 41 42 43 44 46 47 48 49 50 51 52 53 54 55 56 57 58 59 60 61 62 63 68 70 72 74 75 76 77 78 79 81 83 86 87 88 89 90 91 96 97 99 100 102 104 105 109 110 112 113 114 119 120 121 122 124 125 126 127 128 130 131 134 135 139 142 143 144 145 146 147 148 150 154 155 156 157 159 162 163 165 166 167 168 169 170 171 172 173 174 175 176 179 181 182 183 184 185 186 187 188 189 190 191 192 193 194 195 196 197 198 200 201 203 204 205 206 208 209 210 211 212 213 214 215 216 217 218 219 220 18217683985731102306
3 1 1 153 8 11 12 13 14 15 17 19 20 22 23 24 25 26 27 28 29 30 32 33 35 37 40 41 42 43 44 46 47 48 49 50 51 52 53 54 55 56 57 58 59 60 61 62 63 68 70 72 74 75 76 77 78 79 81 83 86 87 88 89 90 91 96 97 99 100 102 104 105 109 110 112 113 114 119 120 121 122 124 125 126 127 128 130 131 134 135 139 142 143 144 145 146 147 148 150 154 155 156 157 159 162 163 165 166 167 168 169 170 171 172 173 174 175 176 179 181 182 183 184 185 186 187 188 189 190 191 192 193 194 195 196 197 198 200 201 203 204 205 206 208 209 210 211 212 213 214 215 216 217 218 219 220 18217683985731102306
3 1 2 153 8 11 12 13 14 15 17 19 20 22 23 24 25 26 27 28 29 30 32 33 35 37 40 41 42 43 44 46 47 48 49 50 51 52 53 54 55 56 57 58 59 60 61 62 63 68 70 72 74 75 76 77 78 79 81 83 86 87 88 89 90 91 96 97 99 100 102 104 105 109 110 112 113 114 119 120 121 122 124 125 126 127 128 130 131 134 135 139 142 143 144 145 146 147 148 150 154 155 156 157 159 162 163 165 166 167 168 169 170 171 172 173 174 175 176 179 181 182 183 184 185 186 187 188 189 190 191 192 193 194 195 196 197 198 200 201 203 204 205 206 208 209 210 211 212 213 214 215 216 217 218 219 220 18217683985731102306
3 1 3 153 8 11 12 13 14 15 17 19 20 22 23 24 25 26 27 28 29 30 32 33 35 37 40 41 42 43 44 46 47 48 49 50 51 52 53 54 55 56 57 58 59 60 61 62 63 68 70 72 74 75 76 77 78 79 81 83 86 87 88 89 90 91 96 97 99 100 102 104 105 109 110 112 113 114 119 120 121 122 124 125 126 127 128 130 131 134 135 139 142 143 144 145 146 147 148 150 154 155 156 157 159 162 163 165 166 167 168 169 170 171 172 173 174 175 176 179 181 182 183 184 185 186 187 188 189 190 191 192 193 194 195 196 197 198 200 201 203 204 205 206 208 209 210 211 212 213 214 215 216 217 218 219 220 18217683985731102306
3 1 4 153 8 11 12 13 14 15 17 19 20 22 23 24 25 26 27 28 29 30 32 33 35 37 40 41 42 43 44 46 47 48 49 50 51 52 53 54 55 56 57 58 59 60 61 62 63 68 70 72 74 75 76 77 78 79 81 83 86 87 88 89 90 91 96 97 99 100 102 104 105 109 110 112 113 114 119 120 121 122 124 125 126 127 128 130 131 134 135 139 142 143 144 145 146 147 148 150 154 155 156 157 159 162 163 165 166 167 168 169 170 171 172 173 174 175 176 179 181 182 183 184 185 186 187 188 189 190 191 192 193 194 195 196 197 198 200 201 203 204 205 206 208 209 210 211 212 213 214 215 216 217 218 219 220 18217683985731102306
3 1 5 153 8 11 12 13 14 15 17 19 20 22 23 24 25 26 27 28 29 30 32 33 35 37 40 41 42 43 44 46 47 48 49 50 51 52 53 54 55 56 57 58 59 60 61 62 63 68 70 72 74 75 76 77 78 79 81 83 86 87 88 89 90 91 96 97 99 100 102 104 105 109 110 112 113 114 119 120 121 122 124 125 126 127 128 130 131 134 135 139 142 143 144 145 146 147 148 150 154 155 156 157 159 162 163 165 166 167 168 169 170 171 172 173 174 175 176 179 181 182 183 184 185 186 187 188 189 190 191 192 193 194 195 196 197 198 200 201 203 204 205 206 208 209 210 211 212 213 214 215 216 217 218 219 220 18217683985731102306
3 1 6 153 8 11 12 13 14 15 17 19 20 22 23 24 25 26 27 28 29 30 32 33 35 37 40 41 42 43 44 46 47 48 49 50 51 52 53 54 55 56 57 58 59 60 61 62 63 68 70 72 74 75 76 77 78 79 81 83 86 87 88 89 90 91 96 97 99 100 102 104 105 109 110 112 113 114 119 120 121 122 124 125 126 127 128 130 131 134 135 139 142 143 144 145 146 147 148 150 154 155 156 157 159 162 163 165 166 167 168 169 170 171 172 173 174 175 176 179 181 182 183 184 185 186 187 188 189 190 191 192 193 194 195 196 197 198 200 201 203 204 205 206 208 209 210 211 212 213 214 215 216 217 218 219 220 18217683985731102306
3 1 7 153 8 11 12 13 14 15 17 19 20 22 23 24 25 26 27 28 29 30 32 33 35 37 40 41 42 43 44 46 47 48 49 50 51 52 53 54 55 56 57 58 59 60 61 62 63 68 70 72 74 75 76 77 78 79 81 83 86 87 88 89 90 91 96 97 99 100 102 104 105 109 110 112 113 114 119 120 121 122 124 125 126 127 128 130 131 134 135 139 142 143 144 145 146 147 148 150 154 155 156 157 159 162 163 165 166 167 168 169 170 171 172 173 174 175 176 179 181 182 183 184 185 186 187 188 189 190 191 192 193 194 195 196 197 198 200 201 203 204 205 206 208 209 210 211 212 213 214 215 216 217 218 219 220 18217683985731102306
3 1 8 151 8 11 12 13 14 15 17 19 20 22 23 24 25 26 27 28 29 30 32 33 35 37 40 41 42 43 44 46 47 48 49 50 51 52 53 54 55 56 57 58 59 60 61 62 63 68 70 72 74 75 76 77 78 79 81 83 86 87 88 89 90 91 96 97 99 100 102 104 105 109 110 112 113 114 119 120 121 122 124 125 126 127 128 130 131 134 135 139 142 143 144 145 146 147 148 150 154 155 156 157 159 162 163 165 166 167 168 169 170 171 172 173 174 175 176 179 181 182 183 184 185 186 188 189 190 191 192 193 194 196 197 198 200 201 203 204 205 206 208 209 210 211 212 213 214 215 216 217 218 219 220 3787818898156086615
3 1 9 150 8 11 12 13 14 15 17 19 20 22 23 24 25 26 27 28 29 30 32 33 35 37 40 41 42 43 44 46 47 48 49 50 51 52 53 54 55 56 57 58 59 60 61 62 63 68 70 72 74 75 76 77 78 79 81 83 86 87 88 89 90 91 96 97 99 100 102 104 105 109 110 112 113 114 119 120 121 122 124 125 126 127 128 130 131 134 135 139 142 143 144 145 146 147 148 150 154 155 156 157 159 162 163 165 166 167 168 169 170 171 172 173 174 175 176 179 181 182 183 184 185 186 188 189 190 191 192 193 194 196 197 198 200 201 203 205 206 208 209 210 211 212 213 214 215 216 217 218 219 220 4054692047933943034
3 1 10 150 8 11 12 13 14 15 17 19 20 22 23 24 25 26 27 28 29 30 32 33 35 37 40 41 42 43 44 46 47 48 49 50 51 52 53 54 55 56 57 58 59 60 61 62 63 68 70 72 74 75 76 77 78 79 81 83 86 87 88 89 90 91 96 97 99 100 102 104 105 109 110 112 113 114 119 120 121 122 124 125 126 127 128 130 131 134 135 139 142 143 144 145 146 147 148 150 154 155 156 157 159 162 163 165 166 167 168 169 170 171 172 173 174 175 176 179 181 182 183 184 185 186 188 189 190 191 192 193 194 196 197 198 200 201 203 205 206 208 209 210 211 212 213 214 215 216 217 218 219 220 4054692047933943034
3 1 11 150 8 11 12 13 14 15 17 19 20 22 23 24 25 26 27 28 29 30 32 33 35 37 40 41 42 43 44 46 47 48 49 50 51 52 53 54 55 56 57 58 59 60 61 62 63 68 70 72 74 75 76 77 78 79 81 83 86 87 88 89 90 91 96 97 99 100 102 104 105 109 110 112 113 114 119 120 121 122 124 125 126 127 128 130 131 134 135 139 142 143 144 145 146 147 148 150 154 155 156 157 159 162 163 165 166 167 168 169 170 171 172 173 174 175 176 179 181 182 183 184 185 186 188 189 190 191 192 193 194 196 197 198 200 201 203 205 206 208 209 210 211 212 213 214 215 216 217 218 219 220 4054692047933943034
3 1 12 148 8 11 12 13 14 15 17 19 20 22 23 24 25 26 27 28 29 30 32 33 35 37 40 41 42 43 44 46 47 48 49 50 51 52 53 54 55 56 57 58 59 60 61 62 63 68 70 72 74 75 76 77 78 79 81 83 86 87 88 89 90 91 96 97 99 100 102 104 105 109 110 112 113 114 119 120 121 122 124 125 126 127 128 130 131 134 135 139 142 143 144 145 146 147 148 150 154 155 156 157 159 162 163 165 166 167 168 169 170 171 172 173 174 175 176 179 181 182 183 184 185 186 188 189 190 191 192 193 194 196 197 198 200 201 203 205 206 209 210 211 213 214 215 216 217 218 219 220 10366386255407394984
3 1 13 147 8 11 12 13 14 15 17 19 20 22 23 24 25 26 27 28 29 30 32 33 35 37 40 41 42 43 44 46 47 48 49 50 51 52 53 54 55 56 57 58 59 60 61 62 63 68 70 72 74 75 76 77 78 79 81 83 86 87 88 89 90 91 96 97 99 100 102 104 105 109 110 112 113 114 119 120 121 122 124 125 126 127 128 130 131 134 135 139 142 143 144 145 146 147 148 150 154 155 156 157 159 162 163 165 166 167 168 169 170 171 172 173 174 175 176 179 181 182 183 184 186 188 189 190 191 192 193 194 196 197 198 200 201 203 205 206 209 210 211 213 214 215 216 217 218 219 220 17590004413805221759
3 1 14 147 8 11 12 13 14 15 17 19 20 22 23 24 25 26 27 28 29 30 32 33 35 37 40 41 42 43 44 46 47 48 49 50 51 52 53 54 55 56 57 58 59 60 61 62 63 68 70 72 74 75 76 77 78 79 81 83 86 87 88 89 90 91 96 97 99 100 102 104 105 109 110 112 113 114 119 120 121 122 124 125 126 127 128 130 131 134 135 139 142 143 144 145 146 147 148 150 154 155 156 157 159 162 163 165 166 167 168 169 170 171 172 173 174 175 176 179 181 182 183 184 186 188 189 190 191 192 193 194 196 197 198 200 201 203 205 206 209 210 211 213 214 215 216 217 218 219 220 17590004413805221759
3 1 15 145 8 11 12 13 14 15 17 19 20 22 23 24 25 26 27 28 29 30 32 33 35 37 40 41 42 43 44 46 47 48 49 50 51 52 53 54 55 56 57 58 59 60 61 62 63 68 70 72 74 75 76 77 78 79 81 83 86 87 88 89 90 91 96 97 99 100 102 104 105 109 110 112 113 114 119 120 121 122 124 125 126 127 128 130 131 134 135 139 142 143 144 145 146 147 148 150 154 155 156 157 159 162 163 165 166 167 168 169 170 171 172 173 174 175 176 179 181 182 183 184 186 188 189 190 191 192 193 194 196 197 198 200 201 203 206 209 210 213 214 215 216 217 218 219 220 12906253184381836393
3 1 16 145 8 11 12 13 14 15 17 19 20 22 23 24 25 26 27 28 29 30 32 33 35 37 40 41 42 43 44 46 47 48 49 50 51 52 53 54 55 56 57 58 59 60 61 62 63 68 70 72 74 75 76 77 78 79 81 83 86 87 88 89 90 91 96 97 99 100 102 104 105 109 110 112 113 114 119 120 121 122 124 125 126 127 128 130 131 134 135 139 142 143 144 145 146 147 148 150 154 155 156 157 159 162 163 165 166 167 168 169 170 171 172 173 174 175 176 179 181 182 183 184 186 188 189 190 191 192 193 194 196 197 198 200 201 203 206 209 210 213 214 215 216 217 218 219 220 12906253184381836393
3 1 17 145 8 11 12 13 14 15 17 19 20 22 23 24 25 26 27 28 29 30 32 33 35 37 40 41 42 43 44 46 47 48 49 50 51 52 53 54 55 56 57 58 59 60 61 62 63 68 70 72 74 75 76 77 78 79 81 83 86 87 88 89 90 91 96 97 99 100 102 104 105 109 110 112 113 114 119 120 121 122 124 125 126 127 128 130 131 134 135 139 142 143 144 145 146 147 148 150 154 155 156 157 159 162 163 165 166 167 168 169 170 171 172 173 174 175 176 179 181 182 183 184 186 188 189 190 191 192 193 194 196 197 198 200 201 203 206 209 210 213 214 215 216 217 218 219 220 12906253184381836393
3 1 18 145 8 11 12 13 14 15 17 19 20 22 23 24 25 26 27 28 29 30 32 33 35 37 40 41 42 43 44 46 47 48 49 50 51 52 53 54 55 56 57 58 59 60 61 62 63 68 70 72 74 75 76 77 78 79 81 83 86 87 88 89 90 91 96 97 99 100 102 104 105 109 110 112 113 114 119 120 121 122 124 125 126 127 128 130 131 134 135 139 142 143 144 145 146 147 148 150 154 155 156 157 159 162 163 165 166 167 168 169 170 171 172 173 174 175 176 179 181 182 183 184 186 188 189 190 191 192 193 194 196 197 198 200 201 203 206 209 210 213 214 215 216 217 218 219 220 12906253184381836393
3 1 19 145 8 11 12 13 14 15 17 19 20 22 23 24 25 26 27 28 29 30 32 33 35 37 40 41 42 43 44 46 47 48 49 50 51 52 53 54 55 56 57 58 59 60 61 62 63 68 70 72 74 75 76 77 78 79 81 83 86 87 88 89 90 91 96 97 99 100 102 104 105 109 110 112 113 114 119 120 121 122 124 125 126 127 128 130 131 134 135 139 142 143 144 145 146 147 148 150 154 155 156 157 159 162 163 165 166 167 168 169 170 171 172 173 174 175 176 179 181 182 183 184 186 188 189 190 191 192 193 194 196 197 198 200 201 203 206 209 210 213 214 215 216 217 218 219 220 12906253184381836393
3 1 20 144 8 11 12 13 14 15 17 19 20 22 23 24 25 26 27 28 29 30 32 33 35 37 40 41 42 43 44 46 47 48 49 50 51 52 53 54 55 56 57 58 59 60 61 62 63 68 70 72 74 75 76 77 78 79 81 83 86 87 88 89 90 91 96 97 99 100 102 104 105 109 110 112 113 114 119 120 121 122 124 125 126 127 128 130 131 134 135 139 142 143 144 145 146 147 148 150 154 155 156 157 159 162 163 165 166 167 168 169 170 171 172 173 174 175 176 179 181 182 183 184 186 188 189 190 191 192 193 194 196 197 198 200 201 203 206 209 210 213 214 215 217 218 219 220 15973178153737321669
3 1 21 144 8 11 12 13 14 15 17 19 20 22 23 24 25 26 27 28 29 30 32 33 35 37 40 41 42 43 44 46 47 48 49 50 51 52 53 54 55 56 57 58 59 60 61 62 63 68 70 72 74 75 76 77 78 79 81 83 86 87 88 89 90 91 96 97 99 100 102 104 105 109 110 112 113 114 119 120 121 122 124 125 126 127 128 130 131 134 135 139 142 143 144 145 146 147 148 150 154 155 156 157 159 162 163 165 166 167 168 169 170 171 172 173 174 175 176 179 181 182 183 184 186 188 189 190 191 192 193 194 196 197 198 200 201 203 206 209 210 213 214 215 217 218 219 220 15973178153737321669
3 1 22 144 8 11 12 13 14 15 17 19 20 22 23 24 25 26 27 28 29 30 32 33 35 37 40 41 42 43 44 46 47 48 49 50 51 52 53 54 55 56 57 58 59 60 61 62 63 68 70 72 74 75 76 77 78 79 81 83 86 87 88 89 90 91 96 97 99 100 102 104 105 109 110 112 113 114 119 120 121 122 124 125 126 127 128 130 131 134 135 139 142 143 144 145 146 147 148 150 154 155 156 157 159 162 163 165 166 167 168 169 170 171 172 173 174 175 176 179 181 182 183 184 186 188 189 190 191 192 193 194 196 197 198 200 201 203 206 209 210 213 214 215 217 218 219 220 15973178153737321669
3 1 23 143 8 11 12 13 14 15 17 19 20 22 23 24 25 26 27 28 29 30 32 33 35 37 40 41 42 43 44 46 47 48 49 50 51 52 53 54 55 56 57 58 59 60 61 62 63 68 70 72 74 75 76 77 78 79 81 83 86 87 88 89 90 91 96 97 99 100 102 104 105 109 110 112 113 114 119 120 121 122 124 125 126 127 128 130 131 134 135 139 142 143 144 145 146 147 148 150 154 155 156 157 159 162 163 165 166 168 169 170 171 172 173 174 175 176 179 181 182 183 184 186 188 189 190 191 192 193 194 196 197 198 200 201 203 206 209 210 213 214 215 217 218 219 220 2772552839885492458
3 1 24 143 8 11 12 13 14 15 17 19 20 22 23 24 25 26 27 28 29 30 32 33 35 37 40 41 42 43 44 46 47 48 49 50 51 52 53 54 55 56 57 58 59 60 61 62 63 68 70 72 74 75 76 77 78 79 81 83 86 87 88 89 90 91 96 97 99 100 102 104 105 109 110 112 113 114 119 120 121 122 124 125 126 127 128 130 131 134 135 139 142 143 144 145 146 147 148 150 154 155 156 157 159 162 163 165 166 168 169 170 171 172 173 174 175 176 179 181 182 183 184 186 188 189 190 191 192 193 194 196 197 198 200 201 203 206 209 210 213 214 215 217 218 219 220 2772552839885492458
3 1 25 143 8 11 12 13 14 15 17 19 20 22 23 24 25 26 27 28 29 30 32 33 35 37 40 41 42 43 44 46 47 48 49 50 51 52 53 54 55 56 57 58 59 60 61 62 63 68 70 72 74 75 76 77 78 79 81 83 86 87 88 89 90 91 96 97 99 100 102 104 105 109 110 112 113 114 119 120 121 122 124 125 126 127 128 130 131 134 135 139 142 143 144 145 146 147 148 150 154 155 156 157 159 162 163 165 166 168 169 170 171 172 173 174 175 176 179 181 182 183 184 186 188 189 190 191 192 193 194 196 197 198 200 201 203 206 209 210 213 214 215 217 218 219 220 2772552839885492458
3 1 26 143 8 11 12 13 14 15 17 19 20 22 23 24 25 26 27 28 29 30 32 33 35 37 40 41 42 43 44 46 47 48 49 50 51 52 53 54 55 56 57 58 59 60 61 62 63 68 70 72 74 75 76 77 78 79 81 83 86 87 88 89 90 91 96 97 99 100 102 104 105 109 110 112 113 114 119 120 121 122 124 125 126 127 128 130 131 134 135 139 142 143 144 145 146 147 148 150 154 155 156 157 159 162 163 165 166 168 169 170 171 172 173 174 175 176 179 181 182 183 184 186 188 189 190 191 192 193 194 196 197 198 200 201 203 206 209 210 213 214 215 217 218 219 220 2772552839885492458
3 1 27 142 8 11 12 13 14 15 17 19 20 22 23 24 25 26 27 28 29 30 32 33 35 37 40 41 42 43 44 46 47 48 49 50 51 52 53 54 55 56 57 58 59 60 61 62 63 68 70 72 74 75 76 77 78 79 81 83 86 87 88 89 90 91 96 97 99 100 102 104 105 109 110 112 113 114 119 120 121 122 124 125 126 127 128 130 131 134 135 139 142 143 144 145 146 147 148 150 154 155 156 157 159 162 163 165 166 168 169 170 171 172 173 174 175 176 179 181 182 183 184 186 188 189 190 191 192 193 194 196 197 198 200 201 203 209 210 213 214 215 217 218 219 220 10245635800077976105
3 1 28 142 8 11 12 13 14 15 17 19 20 22 23 24 25 26 27 28 29 30 32 33 35 37 40 41 42 43 44 46 47 48 49 50 51 52 53 54 55 56 57 58 59 60 61 62 63 68 70 72 74 75 76 77 78 79 81 83 86 87 88 89 90 91 96 97 99 100 102 104 105 109 110 112 113 114 119 120 121 122 124 125 126 127 128 130 131 134 135 139 142 143 144 145 146 147 148 150 154 155 156 157 159 162 163 165 166 168 169 170 171 172 173 174 175 176 179 181 182 183 184 186 188 189 190 191 192 193 194 196 197 198 200 201 203 209 210 213 214 215 217 218 219 220 10245635800077976105
3 1 29 142 8 11 12 13 14 15 17 19 20 22 23 24 25 26 27 28 29 30 32 33 35 37 40 41 42 43 44 46 47 48 49 50 51 52 53 54 55 56 57 58 59 60 61 62 63 68 70 72 74 75 76 77 78 79 81 83 86 87 88 89 90 91 96 97 99 100 102 104 105 109 110 112 113 114 119 120 121 122 124 125 126 127 128 130 131 134 135 139 142 143 144 145 146 147 148 150 154 155 156 157 159 162 163 165 166 168 169 170 171 172 173 174 175 176 179 181 182 183 184 186 188 189 190 191 192 193 194 196 197 198 200 201 203 209 210 213 214 215 217 218 219 220 10245635800077976105
3 1 30 141 8 11 12 13 14 15 17 19 20 22 23 24 25 26 27 28 29 30 32 33 35 37 40 41 42 43 44 46 47 48 49 50 51 52 53 54 55 56 57 58 59 60 61 62 63 68 70 72 74 75 76 77 78 79 81 83 86 87 88 89 90 91 96 97 99 100 102 104 105 109 110 112 113 114 119 120 121 122 124 125 126 127 128 130 131 134 135 139 142 143 144 145 146 147 148 150 154 155 156 157 159 162 163 165 166 168 169 170 171 172 173 174 175 176 179 181 182 183 184 186 188 189 190 191 192 193 194 196 197 198 200 201 203 209 210 213 214 215 218 219 220 1845454016551206805
3 1 31 141 8 11 12 13 14 15 17 19 20 22 23 24 25 26 27 28 29 30 32 33 35 37 40 41 42 43 44 46 47 48 49 50 51 52 53 54 55 56 57 58 59 60 61 62 63 68 70 72 74 75 76 77 78 79 81 83 86 87 88 89 90 91 96 97 99 100 102 104 105 109 110 112 113 114 119 120 121 122 124 125 126 127 128 130 131 134 135 139 142 143 144 145 146 147 148 150 154 155 156 157 159 162 163 165 166 168 169 170 171 172 173 174 175 176 179 181 182 183 184 186 188 189 190 191 192 193 194 196 197 198 200 201 203 209 210 213 214 215 218 219 220 1845454016551206805
3 1 32 140 8 11 12 13 14 15 17 19 20 22 23 24 25 26 27 28 29 30 32 33 35 37 40 41 42 43 44 46 47 48 49 50 51 52 53 54 55 56 57 58 59 60 61 62 63 68 70 72 74 75 76 77 78 79 81 83 86 87 88 89 90 91 96 97 99 100 102 104 105 109 110 112 113 114 119 120 121 122 124 125 126 127 128 130 131 134 135 139 142 143 144 145 146 147 148 150 154 155 156 157 159 162 163 165 166 168 169 170 171 172 173 174 175 176 179 181 182 183 184 186 188 189 190 191 192 193 194 196 197 198 200 201 203 209 210 213 214 215 219 220 1460150968236502137
3 1 33 140 8 11 12 13 14 15 17 19 20 22 23 24 25 26 27 28 29 30 32 33 35 37 40 41 42 43 44 46 47 48 49 50 51 52 53 54 55 56 57 58 59 60 61 62 63 68 70 72 74 75 76 77 78 79 81 83 86 87 88 89 90 91 96 97 99 100 102 104 105 109 110 112 113 114 119 120 121 122 124 125 126 127 128 130 131 134 135 139 142 143 144 145 146 147 148 150 154 155 156 157 159 162 163 165 166 168 169 170 171 172 173 174 175 176 179 181 182 183 184 186 188 189 190 191 192 193 194 196 197 198 200 201 203 209 210 213 214 215 219 220 1460150968236502137
3 1 34 139 8 11 12 13 14 15 17 19 20 22 23 24 25 26 27 28 29 30 32 33 35 37 40 41 42 43 44 46 47 48 49 50 51 52 53 54 55 56 57 58 59 60 61 62 63 68 70 72 74 75 76 77 78 79 81 83 86 87 88 89 90 91 96 97 99 100 102 104 105 109 110 112 113 114 119 120 121 122 124 125 126 127 128 130 131 134 135 139 142 143 144 145 146 147 148 150 154 155 156 157 159 162 163 165 166 168 169 170 171 172 173 174 175 176 179 181 182 183 184 186 188 189 190 191 192 193 194 196 197 198 200 201 203 209 210 213 214 215 220 18382712744225483762
3 1 35 139 8 11 12 13 14 15 17 19 20 22 23 24 25 26 27 28 29 30 32 33 35 37 40 41 42 43 44 46 47 48 49 50 51 52 53 54 55 56 57 58 59 60 61 62 63 68 70 72 74 75 76 77 78 79 81 83 86 87 88 89 90 91 96 97 99 100 102 104 105 109 110 112 113 114 119 120 121 122 124 125 126 127 128 130 131 134 135 139 142 143 144 145 146 147 148 150 154 155 156 157 159 162 163 165 166 168 169 170 171 172 173 174 175 176 179 181 182 183 184 186 188 189 190 191 192 193 194 196 197 198 200 201 203 209 210 213 214 215 220 18382712744225483762
3 1 36 138 8 11 12 13 14 15 17 19 20 22 23 24 25 26 27 28 29 30 32 33 35 37 40 41 42 43 44 46 47 48 49 50 51 52 53 54 55 56 57 58 59 60 61 62 63 68 70 72 74 75 76 77 78 79 81 83 86 87 88 89 90 91 96 97 99 100 102 104 105 109 110 112 113 114 119 120 121 122 124 125 126 127 128 130 131 134 135 139 142 143 144 145 146 147 148 150 154 155 156 157 159 162 163 165 166 168 169 170 171 172 173 174 175 176 179 181 182 183 184 186 188 189 191 192 193 194 196 197 198 200 201 203 209 210 213 214 215 220 8481183428622621989
3 1 37 137 8 11 12 13 14 15 17 19 20 22 23 24 25 26 27 28 29 30 32 33 35 37 40 41 42 43 44 46 47 48 49 50 51 52 53 54 55 56 57 58 59 60 61 62 63 68 70 72 74 75 76 77 78 79 81 83 86 87 88 89 90 91 96 97 99 100 102 104 105 109 110 112 113 114 119 120 121 122 124 125 126 127 128 130 131 134 135 139 142 143 144 145 146 147 148 150 154 155 156 157 159 162 163 165 166 168 169 170 171 172 173 174 175 176 179 181 182 183 184 186 188 189 191 192 193 194 196 197 198 200 201 203 209 210 214 215 220 18134831982566099638
3 1 38 136 8 11 12 13 14 15 17 19 20 22 23 24 25 26 27 28 29 30 32 33 35 37 40 41 42 43 44 46 47 48 49 50 51 52 53 54 55 56 57 58 59 60 61 62 63 68 70 72 74 75 76 77 78 79 81 83 86 87 88 89 90 91 96 97 99 100 102 104 105 109 110 112 113 114 119 120 121 122 124 125 126 127 128 130 131 134 135 139 142 143 144 145 146 147 148 150 154 155 156 157 159 162 163 165 166 168 169 170 171 172 173 174 175 176 179 181 182 183 184 186 188 189 191 192 193 194 196 197 198 200 201 203 209 210 215 220 5977609506651633383
3 1 39 135 8 11 12 13 14 15 17 19 20 22 23 24 25 26 27 28 29 30 32 33 35 37 40 41 42 43 44 46 47 48 49 50 51 52 53 54 55 56 57 58 59 60 61 62 63 68 70 72 74 75 76 77 78 79 81 83 86 87 88 89 90 91 96 97 99 100 102 104 105 109 110 112 113 114 119 120 121 122 124 125 126 127 128 130 131 134 135 139 142 143 144 145 146 147 148 150 154 155 156 157 159 162 163 165 166 168 169 170 171 172 173 174 175 176 179 181 182 183 184 186 188 189 191 192 193 194 196 197 198 200 201 203 209 210 215 15419370588857427666
3 1 40 135 8 11 12 13 14 15 17 19 20 22 23 24 25 26 27 28 29 30 32 33 35 37 40 41 42 43 44 46 47 48 49 50 51 52 53 54 55 56 57 58 59 60 61 62 63 68 70 72 74 75 76 77 78 79 81 83 86 87 88 89 90 91 96 97 99 100 102 104 105 109 110 112 113 114 119 120 121 122 124 125 126 127 128 130 131 134 135 139 142 143 144 145 146 147 148 150 154 155 156 157 159 162 163 165 166 168 169 170 171 172 173 174 175 176 179 181 182 183 184 186 188 189 191 192 193 194 196 197 198 200 201 203 209 210 215 15419370588857427666
3 1 41 134 8 11 12 13 14 15 17 19 20 22 23 24 25 26 27 28 29 30 32 33 35 37 40 41 42 43 44 46 47 48 49 50 51 52 53 54 55 56 57 58 59 60 61 62 63 68 70 72 74 75 76 77 78 79 81 83 86 87 88 89 90 91 96 97 99 100 102 104 105 109 110 112 113 114 119 120 121 122 124 125 126 127 128 130 131 134 135 139 142 143 144 145 146 147 148 150 154 155 156 157 159 162 163 165 166 168 169 170 171 172 173 174 175 176 179 182 183 184 186 188 189 191 192 193 194 196 197 198 200 201 203 209 210 215 8918827099103217779
3 1 42 133 8 11 12 13 14 15 17 19 20 22 23 24 25 26 27 28 29 30 32 33 35 37 40 41 42 43 44 46 47 48 49 50 51 52 53 54 55 56 57 58 59 60 61 62 63 68 70 72 74 75 76 77 78 79 81 83 86 87 88 89 90 91 96 97 99 100 102 104 105 109 110 112 113 114 119 120 121 122 124 125 126 127 128 130 131 134 135 139 142 143 144 145 146 147 148 150 154 155 156 157 159 162 163 165 166 168 169 170 171 172 173 174 175 176 179 182 183 184 186 188 191 192 193 194 196 197 198 200 201 203 209 210 215 5906531466801531816
3 1 43 132 8 11 12 13 14 15 17 19 20 22 23 24 25 26 27 28 29 30 32 33 35 37 40 41 42 43 44 46 47 48 49 50 51 52 53 54 55 56 57 58 59 60 61 62 63 68 70 72 74 75 76 77 78 79 81 83 86 87 88 89 90 91 96 97 99 100 102 104 105 109 110 112 113 114 119 120 121 122 124 125 126 127 128 130 131 134 135 139 142 143 144 145 146 147 148 150 154 155 156 157 159 162 163 165 166 168 169 170 171 172 173 174 175 176 179 182 183 184 186 188 191 192 193 194 196 197 198 200 201 209 210 215 10851976224261204165
3 1 44 131 8 11 12 13 14 15 17 19 20 22 23 24 25 26 27 28 29 30 32 33 35 37 40 41 42 43 44 46 47 48 49 50 51 52 53 54 55 56 57 58 59 60 61 62 63 68 70 72 74 75 76 77 78 79 81 83 86 87 88 89 90 91 96 97 99 100 102 104 105 109 110 112 113 114 119 120 121 122 124 125 126 127 128 130 131 134 135 139 142 143 144 145 146 147 148 150 154 155 156 157 159 162 163 165 166 168 169 170 171 172 173 174 175 176 179 182 183 184 186 188 191 192 193 194 196 197 198 200 201 209 210 11842652957139753763
3 1 45 130 8 11 12 13 14 15 17 19 20 22 23 24 25 26 27 28 29 30 32 33 35 37 40 41 42 43 44 46 47 48 49 50 51 52 53 54 55 56 57 58 59 60 61 62 63 68 70 72 74 75 76 77 78 79 81 83 86 87 88 89 90 91 96 97 99 100 102 104 105 109 110 112 113 114 119 120 121 122 124 125 126 127 128 130 131 134 135 139 142 143 144 145 146 147 148 150 154 155 156 157 159 162 163 165 166 168 169 170 171 172 173 174 175 176 179 182 183 184 186 188 191 193 194 196 197 198 200 201 209 210 17209385556920808745
3 1 46 129 8 11 12 13 14 15 17 19 20 22 23 24 25 26 27 28 29 30 32 33 35 37 40 41 42 43 44 46 47 48 49 50 51 52 53 54 55 56 57 58 59 60 61 62 63 68 70 72 74 75 76 77 78 79 81 83 86 87 88 89 90 91 96 97 99 100 102 104 105 109 110 112 113 114 119 120 121 122 124 125 126 127 128 130 131 134 135 139 142 143 144 145 146 147 148 150 154 155 156 157 159 162 163 165 166 168 169 170 171 172 173 174 175 176 179 182 183 184 186 188 191 193 194 196 197 198 200 201 209 8438210863002504936
3 1 47 129 8 11 12 13 14 15 17 19 20 22 23 24 25 26 27 28 29 30 32 33 35 37 40 41 42 43 44 46 47 48 49 50 51 52 53 54 55 56 57 58 59 60 61 62 63 68 70 72 74 75 76 77 78 79 81 83 86 87 88 89 90 91 96 97 99 100 102 104 105 109 110 112 113 114 119 120 121 122 124 125 126 127 128 130 131 134 135 139 142 143 144 145 146 147 148 150 154 155 156 157 159 162 163 165 166 168 169 170 171 172 173 174 175 176 179 182 183 184 186 188 191 193 194 196 197 198 200 201 209 8438210863002504936
3 1 49 129 8 11 12 13 14 15 17 19 20 22 23 24 25 26 27 28 29 30 32 33 35 37 40 41 42 43 44 46 47 48 49 50 51 52 53 54 55 56 57 58 59 60 61 62 63 68 70 72 74 75 76 77 78 79 81 83 86 87 88 89 90 91 96 97 99 100 102 104 105 109 110 112 113 114 119 120 121 122 124 125 126 127 128 130 131 134 135 139 142 143 144 145 146 147 148 150 154 155 156 157 159 162 163 165 166 168 169 170 171 172 173 174 175 176 179 182 183 184 186 188 191 193 194 196 197 198 200 201 209 8438210863002504936
3 1 50 128 8 11 12 13 14 15 17 19 20 22 23 24 25 26 27 28 29 30 32 33 35 37 40 41 42 43 44 46 47 48 49 50 51 52 53 54 55 56 57 58 59 60 61 62 63 68 70 72 74 75 76 77 78 79 81 83 86 87 88 89 90 91 96 97 99 100 102 104 105 109 110 112 113 114 119 120 121 122 124 125 126 127 128 130 131 134 135 139 142 143 144 145 146 147 148 150 154 155 156 157 159 162 163 165 166 168 169 170 171 172 173 174 175 176 179 182 183 184 186 188 191 193 194 196 197 198 200 201 3541252014271209132
3 1 51 128 8 11 12 13 14 15 17 19 20 22 23 24 25 26 27 28 29 30 32 33 35 37 40 41 42 43 44 46 47 48 49 50 51 52 53 54 55 56 57 58 59 60 61 62 63 68 70 72 74 75 76 77 78 79 81 83 86 87 88 89 90 91 96 97 99 100 102 104 105 109 110 112 113 114 119 120 121 122 124 125 126 127 128 130 131 134 135 139 142 143 144 145 146 147 148 150 154 155 156 157 159 162 163 165 166 168 169 170 171 172 173 174 175 176 179 182 183 184 186 188 191 193 194 196 197 198 200 201 3541252014271209132
3 1 52 128 8 11 12 13 14 15 17 19 20 22 23 24 25 26 27 28 29 30 32 33 35 37 40 41 42 43 44 46 47 48 49 50 51 52 53 54 55 56 57 58 59 60 61 62 63 68 70 72 74 75 76 77 78 79 81 83 86 87 88 89 90 91 96 97 99 100 102 104 105 109 110 112 113 114 119 120 121 122 124 125 126 127 128 130 131 134 135 139 142 143 144 145 146 147 148 150 154 155 156 157 159 162 163 165 166 168 169 170 171 172 173 174 175 176 179 182 183 184 186 188 191 193 194 196 197 198 200 201 3541252014271209132
3 1 53 128 8 11 12 13 14 15 17 19 20 22 23 24 25 26 27 28 29 30 32 33 35 37 40 41 42 43 44 46 47 48 49 50 51 52 53 54 55 56 57 58 59 60 61 62 63 68 70 72 74 75 76 77 78 79 81 83 86 87 88 89 90 91 96 97 99 100 102 104 105 109 110 112 113 114 119 120 121 122 124 125 126 127 128 130 131 134 135 139 142 143 144 145 146 147 148 150 154 155 156 157 159 162 163 165 166 168 169 170 171 172 173 174 175 176 179 182 183 184 186 188 191 193 194 196 197 198 200 201 3541252014271209132
3 1 54 126 8 11 12 13 14 15 17 19 20 22 23 24 25 26 27 28 29 30 32 33 35 37 40 41 42 43 44 46 47 48 49 50 51 52 53 54 55 56 57 58 59 60 61 62 63 68 70 72 74 75 76 77 78 79 81 83 86 87 88 89 90 91 96 97 99 100 102 104 105 109 110 112 113 114 119 120 121 122 124 125 126 127 128 130 131 134 135 139 142 143 144 145 146 147 148 150 155 156 157 159 162 163 165 166 168 169 170 171 172 173 174 175 176 179 182 184 186 188 191 193 194 196 197 198 200 201 15271525507596538373
3 1 55 120 8 11 12 13 14 15 17 19 20 22 23 24 25 26 27 28 29 30 32 33 35 37 40 41 42 43 44 46 47 48 49 50 51 52 53 54 55 56 57 58 59 60 61 62 63 68 70 72 74 75 76 77 78 79 81 83 86 87 88 89 90 91 96 97 99 100 102 104 105 109 110 112 113 114 119 120 121 122 124 125 126 127 128 130 131 134 135 139 142 143 145 147 148 150 155 156 157 159 162 163 168 169 170 171 172 173 174 175 176 179 184 186 188 191 193 194 196 197 198 200 2102391702448753401
3 1 56 119 8 11 12 13 14 15 17 19 20 22 23 24 25 26 27 28 29 30 32 33 35 37 40 41 42 43 44 46 47 48 49 50 51 52 53 54 55 56 57 58 59 60 61 62 63 68 70 72 74 75 76 77 78 79 81 83 86 87 88 89 90 91 96 97 99 100 102 104 105 109 110 112 113 114 119 120 121 122 124 125 126 127 128 130 131 135 139 142 143 145 147 148 150 155 156 157 159 162 163 168 169 170 171 172 173 174 175 176 179 184 186 188 191 193 194 196 197 198 200 9684877072683325673
3 1 57 119 8 11 12 13 14 15 17 19 20 22 23 24 25 26 27 28 29 30 32 33 35 37 40 41 42 43 44 46 47 48 49 50 51 52 53 54 55 56 57 58 59 60 61 62 63 68 70 72 74 75 76 77 78 79 81 83 86 87 88 89 90 91 96 97 99 100 102 104 105 109 110 112 113 114 119 120 121 122 124 125 126 127 128 130 131 135 139 142 143 145 147 148 150 155 156 157 159 162 163 168 169 170 171 172 173 174 175 176 179 184 186 188 191 193 194 196 197 198 200 9684877072683325673
3 1 58 119 8 11 12 13 14 15 17 19 20 22 23 24 25 26 27 28 29 30 32 33 35 37 40 41 42 43 44 46 47 48 49 50 51 52 53 54 55 56 57 58 59 60 61 62 63 68 70 72 74 75 76 77 78 79 81 83 86 87 88 89 90 91 96 97 99 100 102 104 105 109 110 112 113 114 119 120 121 122 124 125 126 127 128 130 131 135 139 142 143 145 147 148 150 155 156 157 159 162 163 168 169 170 171 172 173 174 175 176 179 184 186 188 191 193 194 196 197 198 200 9684877072683325673
3 1 59 119 8 11 12 13 14 15 17 19 20 22 23 24 25 26 27 28 29 30 32 33 35 37 40 41 42 43 44 46 47 48 49 50 51 52 53 54 55 56 57 58 59 60 61 62 63 68 70 72 74 75 76 77 78 79 81 83 86 87 88 89 90 91 96 97 99 100 102 104 105 109 110 112 113 114 119 120 121 122 124 125 126 127 128 130 131 135 139 142 143 145 147 148 150 155 156 157 159 162 163 168 169 170 171 172 173 174 175 176 179 184 186 188 191 193 194 196 197 198 200 9684877072683325673
3 1 60 119 8 11 12 13 14 15 17 19 20 22 23 24 25 26 27 28 29 30 32 33 35 37 40 41 42 43 44 46 47 48 49 50 51 52 53 54 55 56 57 58 59 60 61 62 63 68 70 72 74 75 76 77 78 79 81 83 86 87 88 89 90 91 96 97 99 100 102 104 105 109 110 112 113 114 119 120 121 122 124 125 126 127 128 130 131 135 139 142 143 145 147 148 150 155 156 157 159 162 163 168 169 170 171 172 173 174 175 176 179 184 186 188 191 193 194 196 197 198 200 9684877072683325673
3 1 61 119 8 11 12 13 14 15 17 19 20 22 23 24 25 26 27 28 29 30 32 33 35 37 40 41 42 43 44 46 47 48 49 50 51 52 53 54 55 56 57 58 59 60 61 62 63 68 70 72 74 75 76 77 78 79 81 83 86 87 88 89 90 91 96 97 99 100 102 104 105 109 110 112 113 114 119 120 121 122 124 125 126 127 128 130 131 135 139 142 143 145 147 148 150 155 156 157 159 162 163 168 169 170 171 172 173 174 175 176 179 184 186 188 191 193 194 196 197 198 200 9684877072683325673
3 1 62 81 8 11 12 13 14 15 17 19 20 22 23 24 25 26 27 28 29 30 32 33 35 37 40 41 42 43 44 46 47 48 49 50 51 52 53 54 55 56 57 58 59 60 61 62 68 70 72 74 75 76 77 78 79 81 83 86 87 88 89 96 97 99 100 104 105 109 112 114 119 120 121 131 139 143 145 155 159 191 197 198 200 7248809697604975291
3 1 63 0 1469598103934665603
14 1 18446744073709551615 0 1469598103934665603
