4 1 9 0 1469598103934665603
1 3 1 1 0 1 1 11095657374244587402
1 132 2 2 1 1 0 1 1 0 1 1 0 1 1 0 1 1 0 1 1 0 1 1 0 1 1 0 1 1 0 1 1 0 1 1 0 1 1 0 1 1 0 1 1 0 1 1 0 1 1 0 1 1 0 1 1 0 1 1 0 1 1 0 1 1 0 1 1 0 1 1 0 1 1 0 1 1 0 1 1 0 1 1 0 1 1 0 1 1 0 1 1 0 1 1 0 1 1 0 1 1 0 1 1 0 1 1 0 1 1 0 1 1 0 1 1 0 1 1 0 1 1 0 1 1 0 1 1 0 1 1 0 1 2 1 2 11965003218769575415
1 68 3 3 2 2 2 2 2 2 2 2 2 2 2 2 2 2 2 2 2 2 2 2 2 2 2 2 2 2 2 2 2 2 2 2 2 2 2 2 2 2 2 2 2 2 2 2 2 2 2 2 2 2 2 2 2 2 2 2 2 2 2 2 2 2 2 2 2 2 3 1 2 3 5639923385676640306
5 2 8 3 3 1 2 3 5639923385676640306
6 2 0 1 3 1 2 3 5639923385676640306
8 1 1 3 1 2 3 5639923385676640306
8 1 1 3 1 2 3 5639923385676640306
8 1 1 3 1 2 3 5639923385676640306
8 1 1 3 1 2 3 5639923385676640306
8 1 1 3 1 2 3 5639923385676640306
8 1 1 3 1 2 3 5639923385676640306
8 1 1 3 1 2 3 5639923385676640306
8 1 1 3 1 2 3 5639923385676640306
8 1 1 3 1 2 3 5639923385676640306
8 1 1 3 1 2 3 5639923385676640306
8 1 1 3 1 2 3 5639923385676640306
8 1 1 3 1 2 3 5639923385676640306
8 1 1 3 1 2 3 5639923385676640306
8 1 1 3 1 2 3 5639923385676640306
8 1 1 3 1 2 3 5639923385676640306
8 1 1 3 1 2 3 5639923385676640306
8 1 1 3 1 2 3 5639923385676640306
3 1 0 3 1 2 3 5639923385676640306
3 1 2 3 1 2 3 5639923385676640306
10 0 3 1 2 3 5639923385676640306
14 1 18446744073709551615 3 1 2 3 5639923385676640306
7 2 0 4 3 1 2 3 5639923385676640306
3 1 4 3 1 2 3 5639923385676640306
5 2 8 0 0 1469598103934665603
11 0 0 1469598103934665603
1 4 3 4 15 0 1 4 13397038744304092491
2 2 4 31 1 4 13397038744304092491
3 1 31 1 4 13397038744304092491
12 3 4 0 0 1 4 13397038744304092491
14 1 18446744073709551615 1 4 13397038744304092491
1 3 2 5 45 2 4 5 3783515688715361319
2 2 5 48 2 4 5 3783515688715361319
12 3 4 0 0 2 4 5 3783515688715361319
14 1 0 2 4 5 3783515688715361319
14 1 33 2 4 5 3783515688715361319
3 1 15 1 5 1403773546261727
1 6 3 6 50 5 0 0 2 5 6 9536865448145028316
2 2 6 35 2 5 6 9536865448145028316
1 6 2 7 18 6 0 5 3 5 6 7 15723538465425927938
13 2 6 5 3 5 6 7 3349308175737359488
12 3 6 2 0 3 5 6 7 3349308175737359488
14 1 33 3 5 6 7 3349308175737359488
1 12 3 8 27 5 6 6 7 7 0 7 5 7 4 5 6 7 8 15286672836873273816
3 1 27 3 5 6 7 3349308175737359488
1 11 3 9 31 0 7 0 5 7 6 7 0 4 5 6 7 9 3747611267546451168
14 1 2 4 5 6 7 9 3747611267546451168
4 1 9 4 5 6 7 9 3747611267546451168
5 2 6 5 4 5 6 7 9 3747611267546451168
1 6 3 10 61 0 5 9 5 5 6 7 9 10 4060339348983258734
9 1 31 5 5 6 7 9 10 4060339348983258734
11 0 5 5 6 7 9 10 4060339348983258734
3 1 45 5 5 6 7 9 10 4060339348983258734
12 3 9 4 7 5 5 6 7 9 10 4060339348983258734
3 1 61 3 5 6 7 3349308175737359488
3 1 18 2 5 6 10580641620921796074
1 5 3 11 13 6 6 3 5 6 11 3107617369341243106
1 3 1 12 31 4 5 6 11 12 11139327500372889463
12 3 11 1 5 4 5 6 11 12 8996986325758859330
2 2 11 27 4 5 6 11 12 8996986325758859330
1 3 1 13 38 5 5 6 11 12 13 1996060639910988723
3 1 38 4 5 6 11 12 8996986325758859330
12 3 11 0 12 4 5 6 11 12 13032477061498812668
12 3 6 1 5 4 5 6 11 12 12568419000002119345
12 3 6 0 11 4 5 6 11 12 2483804712984427487
12 3 6 0 0 4 5 6 11 12 2152626532525630566
2 2 5 54 4 5 6 11 12 2152626532525630566
12 3 11 1 5 4 5 6 11 12 2152626532525630566
14 1 18446744073709551615 4 5 6 11 12 2152626532525630566
3 1 27 4 5 6 11 12 2152626532525630566
1 4 2 14 10 5 5 5 6 11 12 14 5431201388006141868
1 5 3 15 45 14 6 6 5 6 11 12 14 15 16305214547155497480
4 1 2 6 5 6 11 12 14 15 16305214547155497480
8 1 15 6 5 6 11 12 14 15 16305214547155497480
3 1 54 6 5 6 11 12 14 15 16305214547155497480
8 1 5 6 5 6 11 12 14 15 16305214547155497480
14 1 2 6 5 6 11 12 14 15 16305214547155497480
11 0 6 5 6 11 12 14 15 16305214547155497480
1 6 2 16 53 6 0 6 7 5 6 11 12 14 15 16 3692438831269398319
3 1 35 7 5 6 11 12 14 15 16 3692438831269398319
3 1 45 6 5 6 11 12 14 16 11969778210323561747
12 3 6 0 5 6 5 6 11 12 14 16 7155952427092489084
1 3 1 17 2 7 5 6 11 12 14 16 17 13803075920866117233
4 1 1 7 5 6 11 12 14 16 17 13803075920866117233
8 1 16 7 5 6 11 12 14 16 17 13803075920866117233
8 1 16 7 5 6 11 12 14 16 17 13803075920866117233
10 0 7 5 6 11 12 14 16 17 13803075920866117233
9 1 53 7 5 6 11 12 14 16 17 13803075920866117233
2 2 16 57 7 5 6 11 12 14 16 17 13803075920866117233
12 3 16 2 5 7 5 6 11 12 14 16 17 13183153049453566224
6 2 0 31 7 5 6 11 12 14 16 17 13183153049453566224
7 2 0 45 7 5 6 11 12 14 16 17 13183153049453566224
6 2 0 2 7 5 6 11 12 14 16 17 13183153049453566224
12 3 14 0 5 7 5 6 11 12 14 16 17 13183153049453566224
14 1 2 7 5 6 11 12 14 16 17 13183153049453566224
1 3 1 18 21 8 5 6 11 12 14 16 17 18 10734781352224326077
3 1 50 8 5 6 11 12 14 16 17 18 10734781352224326077
1 10 2 19 58 6 0 18 0 11 17 6 9 5 6 11 12 14 16 17 18 19 7570459159500692634
13 2 6 12 9 5 6 11 12 14 16 17 18 19 8351224778456263433
1 4 2 20 39 11 10 5 6 11 12 14 16 17 18 19 20 10235536690893836919
7 2 0 41 10 5 6 11 12 14 16 17 18 19 20 10235536690893836919
1 4 2 21 27 20 11 5 6 11 12 14 16 17 18 19 20 21 3838340863037612736
3 1 57 11 5 6 11 12 14 16 17 18 19 20 21 3838340863037612736
8 1 5 11 5 6 11 12 14 16 17 18 19 20 21 3838340863037612736
3 1 45 11 5 6 11 12 14 16 17 18 19 20 21 3838340863037612736
3 1 10 10 5 6 11 12 16 17 18 19 20 21 15533363508031235082
1 3 1 22 61 11 5 6 11 12 16 17 18 19 20 21 22 14097465118832168119
3 1 27 10 5 6 11 12 16 17 18 19 20 22 707981988132379200
3 1 41 10 5 6 11 12 16 17 18 19 20 22 707981988132379200
1 4 2 23 37 17 11 5 6 11 12 16 17 18 19 20 22 23 12493323891439840402
4 1 16 11 5 6 11 12 16 17 18 19 20 22 23 12493323891439840402
9 1 39 11 5 6 11 12 16 17 18 19 20 22 23 12493323891439840402
9 1 21 11 5 6 11 12 16 17 18 19 20 22 23 12493323891439840402
1 3 3 24 5 12 5 6 11 12 16 17 18 19 20 22 23 24 10363956284968257797
1 3 1 25 11 13 5 6 11 12 16 17 18 19 20 22 23 24 25 12400053427503297040
9 1 11 13 5 6 11 12 16 17 18 19 20 22 23 24 25 12400053427503297040
3 1 37 12 5 6 11 12 16 17 18 19 20 22 24 25 8392290510387867338
5 2 8 16 12 5 6 11 12 16 17 18 19 20 22 24 25 8392290510387867338
3 1 48 12 5 6 11 12 16 17 18 19 20 22 24 25 8392290510387867338
1 6 2 26 59 20 25 24 13 5 6 11 12 16 17 18 19 20 22 24 25 26 11175595420341523928
8 1 11 13 5 6 11 12 16 17 18 19 20 22 24 25 26 11175595420341523928
5 2 3 16 13 5 6 11 12 16 17 18 19 20 22 24 25 26 11175595420341523928
14 1 8 13 5 6 11 12 16 17 18 19 20 22 24 25 26 11175595420341523928
1 5 2 27 23 26 6 14 5 6 11 12 16 17 18 19 20 22 24 25 26 27 4202124003168374094
1 12 3 28 20 5 20 19 11 20 5 12 16 27 15 5 6 11 12 16 17 18 19 20 22 24 25 26 27 28 4334003437798068027
5 2 3 27 15 5 6 11 12 16 17 18 19 20 22 24 25 26 27 28 4334003437798068027
3 1 5 15 5 6 11 12 16 17 18 19 20 22 24 25 26 27 28 4334003437798068027
14 1 18446744073709551615 15 5 6 11 12 16 17 18 19 20 22 24 25 26 27 28 4334003437798068027
3 1 13 15 5 6 11 12 16 17 18 19 20 22 24 25 26 27 28 4334003437798068027
5 2 0 6 15 5 6 11 12 16 17 18 19 20 22 24 25 26 27 28 4334003437798068027
10 0 15 5 6 11 12 16 17 18 19 20 22 24 25 26 27 28 4334003437798068027
1 3 1 29 12 16 5 6 11 12 16 17 18 19 20 22 24 25 26 27 28 29 14546359130721965746
2 2 27 10 16 5 6 11 12 16 17 18 19 20 22 24 25 26 27 28 29 14546359130721965746
1 5 2 30 51 18 16 17 5 6 11 12 16 17 18 19 20 22 24 25 26 27 28 29 30 3848064457107181910
1 12 2 31 2 30 20 30 19 28 22 11 17 22 18 5 6 11 12 16 17 18 19 20 22 24 25 26 27 28 29 30 31 341776208252827416
14 1 0 18 5 6 11 12 16 17 18 19 20 22 24 25 26 27 28 29 30 31 341776208252827416
3 1 51 18 5 6 11 12 16 17 18 19 20 22 24 25 26 27 28 29 30 31 341776208252827416
8 1 26 18 5 6 11 12 16 17 18 19 20 22 24 25 26 27 28 29 30 31 341776208252827416
3 1 59 18 5 6 11 12 16 17 18 19 20 22 24 25 26 27 28 29 30 31 341776208252827416
1 3 1 32 25 19 5 6 11 12 16 17 18 19 20 22 24 25 26 27 28 29 30 31 32 14491352556215029021
5 2 14 11 19 5 6 11 12 16 17 18 19 20 22 24 25 26 27 28 29 30 31 32 14491352556215029021
3 1 20 19 5 6 11 12 16 17 18 19 20 22 24 25 26 27 28 29 30 31 32 14491352556215029021
5 2 15 24 19 5 6 11 12 16 17 18 19 20 22 24 25 26 27 28 29 30 31 32 14491352556215029021
3 1 10 19 5 6 11 12 16 17 18 19 20 22 24 25 26 27 28 29 30 31 32 14491352556215029021
9 1 12 19 5 6 11 12 16 17 18 19 20 22 24 25 26 27 28 29 30 31 32 14491352556215029021
3 1 23 19 5 6 11 12 16 17 18 19 20 22 24 25 26 27 28 29 30 31 32 14491352556215029021
2 2 25 6 19 5 6 11 12 16 17 18 19 20 22 24 25 26 27 28 29 30 31 32 14491352556215029021
3 1 2 16 5 6 11 12 16 17 18 19 20 22 24 25 26 27 29 32 16662270218270805994
13 2 11 5 16 5 6 11 12 16 17 18 19 20 22 24 25 26 27 29 32 374526233041157882
6 2 10 25 16 5 6 11 12 16 17 18 19 20 22 24 25 26 27 29 32 374526233041157882
11 0 10 5 6 11 12 16 17 18 19 22 25 1142482165188938843
3 1 6 9 5 6 11 12 16 17 18 19 22 12573152186111433938
3 1 58 5 5 6 12 16 22 12794292992772502910
3 1 61 4 5 6 12 16 12271061012322362975
2 2 12 12 4 5 6 12 16 12271061012322362975
9 1 12 4 5 6 12 16 12271061012322362975
2 2 6 2 4 5 6 12 16 12271061012322362975
2 2 16 5 4 5 6 12 16 12271061012322362975
3 1 2 4 5 6 12 16 12271061012322362975
13 2 6 0 4 5 6 12 16 1252141313499341316
6 2 0 5 4 5 6 12 16 1252141313499341316
8 1 16 4 5 6 12 16 1252141313499341316
5 2 0 0 4 5 6 12 16 1252141313499341316
12 3 16 2 0 4 5 6 12 16 1252138014964456683
1 3 1 33 19 5 5 6 12 16 33 3480401959277393138
1 10 2 34 9 0 33 16 16 6 5 5 6 5 6 12 16 33 34 9184958743929119936
9 1 9 6 5 6 12 16 33 34 9184958743929119936
3 1 19 6 5 6 12 16 33 34 9184958743929119936
1 12 2 35 8 16 5 0 33 34 33 5 6 34 7 5 6 12 16 33 34 35 10733537709309261925
12 3 35 6 34 7 5 6 12 16 33 34 35 9823571988004007516
9 1 8 7 5 6 12 16 33 34 35 9823571988004007516
12 3 35 8 34 7 5 6 12 16 33 34 35 9823571988004007516
5 2 0 34 7 5 6 12 16 33 34 35 9823571988004007516
10 0 6 5 6 12 16 33 34 9184958743929119936
1 19 2 36 35 0 34 33 12 16 0 0 33 6 16 5 16 5 5 6 34 7 5 6 12 16 33 34 36 3930211088235779229
11 0 7 5 6 12 16 33 34 36 3930211088235779229
3 1 35 0 1469598103934665603
1 4 3 37 62 0 1 37 571089381563045682
14 1 1 1 37 571089381563045682
3 1 62 0 1469598103934665603
4 1 16 0 1469598103934665603
5 2 7 0 0 1469598103934665603
1 19 2 38 10 0 0 0 0 0 0 0 0 0 0 0 0 0 0 0 0 1 38 9209501099656672847
1 12 3 39 25 0 0 38 38 0 0 38 38 38 2 38 39 8893778193400096738
8 1 38 2 38 39 8893778193400096738
9 1 10 2 38 39 8893778193400096738
8 1 38 2 38 39 8893778193400096738
3 1 25 1 38 9209501099656672847
4 1 16 1 38 9209501099656672847
1 3 1 40 10 2 38 40 7518531825165066858
8 1 38 2 38 40 7518531825165066858
11 0 2 38 40 7518531825165066858
10 0 1 40 2901384608909615438
11 0 1 40 2901384608909615438
1 19 2 41 41 0 40 0 0 40 40 0 40 40 0 40 0 0 40 0 0 2 40 41 15561477536348000906
3 1 10 2 40 41 15561477536348000906
12 3 41 5 0 2 40 41 1823532311717368658
1 3 1 42 34 3 40 41 42 14352868938470923647
1 10 2 43 51 41 42 40 41 42 42 0 4 40 41 42 43 6645738527870621554
1 12 3 44 45 40 41 0 0 0 43 0 43 41 5 40 41 42 43 44 12684979128080252400
12 3 44 1 40 5 40 41 42 43 44 14917543111169324693
3 1 45 4 40 41 42 43 6645738527870621554
3 1 41 4 40 41 42 43 6645738527870621554
1 11 3 45 35 43 41 0 0 42 42 41 41 5 40 41 42 43 45 17593756598369623348
1 19 2 46 40 0 45 42 42 40 43 0 41 45 43 45 45 45 43 40 42 6 40 41 42 43 45 46 13523896657261024729
12 3 46 9 45 6 40 41 42 43 45 46 9339806426231536967
4 1 1 6 40 41 42 43 45 46 9339806426231536967
8 1 45 6 40 41 42 43 45 46 9339806426231536967
12 3 43 4 41 6 40 41 42 43 45 46 3795919637865245172
14 1 33 6 40 41 42 43 45 46 3795919637865245172
11 0 6 40 41 42 43 45 46 3795919637865245172
3 1 51 6 40 41 42 43 45 46 3795919637865245172
1 4 2 47 50 42 7 40 41 42 43 45 46 47 2214182386513798091
1 10 3 48 56 0 46 41 46 43 41 40 8 40 41 42 43 45 46 47 48 12093013105343059790
12 3 47 0 0 8 40 41 42 43 45 46 47 48 5857097169524554664
13 2 48 46 8 40 41 42 43 45 46 47 48 15339132547756707799
12 3 48 2 43 8 40 41 42 43 45 46 47 48 16897927870430765513
2 2 45 31 8 40 41 42 43 45 46 47 48 16897927870430765513
1 3 2 49 17 9 40 41 42 43 45 46 47 48 49 184878655718709549
3 1 17 8 40 41 42 43 45 46 47 48 16897927870430765513
4 1 9 8 40 41 42 43 45 46 47 48 16897927870430765513
10 0 8 40 41 42 43 45 46 47 48 16897927870430765513
1 4 2 50 1 47 9 40 41 42 43 45 46 47 48 50 2833477926006938187
1 5 3 51 45 40 46 10 40 41 42 43 45 46 47 48 50 51 17437477141818110631
12 3 47 0 43 10 40 41 42 43 45 46 47 48 50 51 275765875069915348
8 1 43 10 40 41 42 43 45 46 47 48 50 51 275765875069915348
2 2 46 18 10 40 41 42 43 45 46 47 48 50 51 275765875069915348
1 3 1 52 52 11 40 41 42 43 45 46 47 48 50 51 52 17493691555106618953
8 1 52 11 40 41 42 43 45 46 47 48 50 51 52 17493691555106618953
4 1 8 11 40 41 42 43 45 46 47 48 50 51 52 17493691555106618953
8 1 50 11 40 41 42 43 45 46 47 48 50 51 52 17493691555106618953
13 2 45 41 11 40 41 42 43 45 46 47 48 50 51 52 4110406105467662841
3 1 52 11 40 41 42 43 45 46 47 48 50 51 52 4110406105467662841
3 1 40 11 40 41 42 43 45 46 47 48 50 51 52 4110406105467662841
5 2 3 46 11 40 41 42 43 45 46 47 48 50 51 52 4110406105467662841
9 1 50 11 40 41 42 43 45 46 47 48 50 51 52 4110406105467662841
1 10 2 53 16 50 45 52 42 43 50 52 12 40 41 42 43 45 46 47 48 50 51 52 53 3859726222283170850
7 2 3 62 12 40 41 42 43 45 46 47 48 50 51 52 53 3859726222283170850
5 2 6 45 12 40 41 42 43 45 46 47 48 50 51 52 53 3859726222283170850
10 0 12 40 41 42 43 45 46 47 48 50 51 52 53 3859726222283170850
13 2 45 43 12 40 41 42 43 45 46 47 48 50 51 52 53 7215050813997311464
1 3 1 54 47 13 40 41 42 43 45 46 47 48 50 51 52 53 54 16227159585479011909
12 3 45 9 52 13 40 41 42 43 45 46 47 48 50 51 52 53 54 7308978311478034798
12 3 45 7 43 13 40 41 42 43 45 46 47 48 50 51 52 53 54 1117137810504758504
8 1 42 13 40 41 42 43 45 46 47 48 50 51 52 53 54 1117137810504758504
1 3 1 55 53 14 40 41 42 43 45 46 47 48 50 51 52 53 54 55 1194554526153606853
8 1 46 14 40 41 42 43 45 46 47 48 50 51 52 53 54 55 1194554526153606853
3 1 45 13 40 41 42 43 45 46 47 48 50 52 53 54 55 7289850698287167933
2 2 41 52 13 40 41 42 43 45 46 47 48 50 52 53 54 55 7289850698287167933
1 10 3 56 12 40 40 42 46 45 47 40 14 40 41 42 43 45 46 47 48 50 52 53 54 55 56 16438096682748481423
14 1 0 14 40 41 42 43 45 46 47 48 50 52 53 54 55 56 16438096682748481423
5 2 0 56 14 40 41 42 43 45 46 47 48 50 52 53 54 55 56 16438096682748481423
13 2 45 0 14 40 41 42 43 45 46 47 48 50 52 53 54 55 56 9284353792744695182
8 1 54 14 40 41 42 43 45 46 47 48 50 52 53 54 55 56 9284353792744695182
8 1 56 14 40 41 42 43 45 46 47 48 50 52 53 54 55 56 9284353792744695182
12 3 53 5 45 14 40 41 42 43 45 46 47 48 50 52 53 54 55 56 9120769173552847189
3 1 12 14 40 41 42 43 45 46 47 48 50 52 53 54 55 56 9120769173552847189
5 2 2 40 14 40 41 42 43 45 46 47 48 50 52 53 54 55 56 9120769173552847189
2 2 47 15 14 40 41 42 43 45 46 47 48 50 52 53 54 55 56 9120769173552847189
8 1 48 14 40 41 42 43 45 46 47 48 50 52 53 54 55 56 9120769173552847189
11 0 13 40 41 42 43 45 46 47 48 50 52 53 54 55 923212060221158071
1 3 1 57 19 14 40 41 42 43 45 46 47 48 50 52 53 54 55 57 12159540464382651294
3 1 35 14 40 41 42 43 45 46 47 48 50 52 53 54 55 57 12159540464382651294
9 1 53 14 40 41 42 43 45 46 47 48 50 52 53 54 55 57 12159540464382651294
11 0 13 40 41 42 43 45 46 47 48 50 52 53 54 57 14734721276744014095
1 10 2 58 0 45 47 50 40 42 40 0 14 40 41 42 43 45 46 47 48 50 52 53 54 57 58 8655073398317872922
12 3 41 10 52 14 40 41 42 43 45 46 47 48 50 52 53 54 57 58 12504657114826445494
13 2 48 58 14 40 41 42 43 45 46 47 48 50 52 53 54 57 58 5423150218032681899
3 1 18 14 40 41 42 43 45 46 47 48 50 52 53 54 57 58 5423150218032681899
13 2 45 50 14 40 41 42 43 45 46 47 48 50 52 53 54 57 58 10555180996955676842
1 5 3 59 3 54 58 15 40 41 42 43 45 46 47 48 50 52 53 54 57 58 59 1700171293309852318
14 1 8 15 40 41 42 43 45 46 47 48 50 52 53 54 57 58 59 1700171293309852318
1 3 3 60 44 16 40 41 42 43 45 46 47 48 50 52 53 54 57 58 59 60 13556120680317969165
1 5 2 61 51 41 58 17 40 41 42 43 45 46 47 48 50 52 53 54 57 58 59 60 61 11740997573289484044
12 3 47 0 0 17 40 41 42 43 45 46 47 48 50 52 53 54 57 58 59 60 61 460449290870773999
3 1 0 17 40 41 42 43 45 46 47 48 50 52 53 54 57 58 59 60 61 460449290870773999
3 1 15 17 40 41 42 43 45 46 47 48 50 52 53 54 57 58 59 60 61 460449290870773999
14 1 2 17 40 41 42 43 45 46 47 48 50 52 53 54 57 58 59 60 61 460449290870773999
12 3 43 0 52 17 40 41 42 43 45 46 47 48 50 52 53 54 57 58 59 60 61 12819613658029710262
1 3 1 62 37 18 40 41 42 43 45 46 47 48 50 52 53 54 57 58 59 60 61 62 3948626251671202579
3 1 16 17 40 41 42 43 45 46 47 48 50 52 54 57 58 59 60 61 62 11311288971692782799
4 1 2 17 40 41 42 43 45 46 47 48 50 52 54 57 58 59 60 61 62 11311288971692782799
12 3 46 12 61 17 40 41 42 43 45 46 47 48 50 52 54 57 58 59 60 61 62 16940946554029384831
3 1 56 16 40 41 42 43 45 46 47 50 52 54 57 58 59 60 61 62 10021580097379005894
3 1 34 16 40 41 42 43 45 46 47 50 52 54 57 58 59 60 61 62 10021580097379005894
6 2 0 31 16 40 41 42 43 45 46 47 50 52 54 57 58 59 60 61 62 10021580097379005894
14 1 32 16 40 41 42 43 45 46 47 50 52 54 57 58 59 60 61 62 10021580097379005894
5 2 0 57 16 40 41 42 43 45 46 47 50 52 54 57 58 59 60 61 62 10021580097379005894
10 0 16 40 41 42 43 45 46 47 50 52 54 57 58 59 60 61 62 10021580097379005894
5 2 0 57 16 40 41 42 43 45 46 47 50 52 54 57 58 59 60 61 62 10021580097379005894
9 1 51 16 40 41 42 43 45 46 47 50 52 54 57 58 59 60 61 62 10021580097379005894
9 1 37 16 40 41 42 43 45 46 47 50 52 54 57 58 59 60 61 62 10021580097379005894
12 3 61 0 47 16 40 41 42 43 45 46 47 50 52 54 57 58 59 60 61 62 6407025818875749280
12 3 47 0 62 16 40 41 42 43 45 46 47 50 52 54 57 58 59 60 61 62 2578137734823177530
3 1 3 15 40 41 42 43 45 46 47 50 52 54 57 58 60 61 62 2861782777207494996
1 3 1 63 4 16 40 41 42 43 45 46 47 50 52 54 57 58 60 61 62 63 11814438091029276985
1 3 2 64 5 17 40 41 42 43 45 46 47 50 52 54 57 58 60 61 62 63 64 13617279169343049005
6 2 0 62 17 40 41 42 43 45 46 47 50 52 54 57 58 60 61 62 63 64 13617279169343049005
8 1 58 17 40 41 42 43 45 46 47 50 52 54 57 58 60 61 62 63 64 13617279169343049005
1 3 2 65 11 18 40 41 42 43 45 46 47 50 52 54 57 58 60 61 62 63 64 65 397509098254760657
9 1 1 18 40 41 42 43 45 46 47 50 52 54 57 58 60 61 62 63 64 65 397509098254760657
8 1 45 18 40 41 42 43 45 46 47 50 52 54 57 58 60 61 62 63 64 65 397509098254760657
11 0 9 40 41 52 54 57 60 63 64 65 1535858859114064819
12 3 41 8 0 9 40 41 52 54 57 60 63 64 65 7069788590352217019
14 1 2 9 40 41 52 54 57 60 63 64 65 7069788590352217019
12 3 41 9 40 9 40 41 52 54 57 60 63 64 65 4851674961335830979
14 1 18446744073709551615 9 40 41 52 54 57 60 63 64 65 4851674961335830979
1 3 1 66 53 10 40 41 52 54 57 60 63 64 65 66 6988772151000966834
1 5 2 67 59 54 60 11 40 41 52 54 57 60 63 64 65 66 67 9530245143451312710
14 1 18446744073709551615 11 40 41 52 54 57 60 63 64 65 66 67 9530245143451312710
3 1 44 11 40 41 52 54 57 60 63 64 65 66 67 9530245143451312710
14 1 8 11 40 41 52 54 57 60 63 64 65 66 67 9530245143451312710
12 3 41 6 65 11 40 41 52 54 57 60 63 64 65 66 67 15866142942105503705
1 12 2 68 62 65 63 40 41 66 63 64 64 67 12 40 41 52 54 57 60 63 64 65 66 67 68 13069753122400177483
12 3 68 8 67 12 40 41 52 54 57 60 63 64 65 66 67 68 13069753122400177483
3 1 4 12 40 41 52 54 57 60 63 64 65 66 67 68 13069753122400177483
13 2 60 41 12 40 41 52 54 57 60 63 64 65 66 67 68 11000894920318440143
1 12 2 69 22 64 57 40 60 57 41 65 40 0 13 40 41 52 54 57 60 63 64 65 66 67 68 69 5074473318406735596
12 3 69 6 57 13 40 41 52 54 57 60 63 64 65 66 67 68 69 8587166676580007572
1 11 2 70 8 54 57 67 67 64 64 0 64 14 40 41 52 54 57 60 63 64 65 66 67 68 69 70 8814102738545307303
1 11 2 71 28 68 57 65 40 63 54 63 63 15 40 41 52 54 57 60 63 64 65 66 67 68 69 70 71 15871468149808987090
13 2 60 40 15 40 41 52 54 57 60 63 64 65 66 67 68 69 70 71 8608549381553563353
13 2 60 41 15 40 41 52 54 57 60 63 64 65 66 67 68 69 70 71 16954152392885385979
14 1 32 15 40 41 52 54 57 60 63 64 65 66 67 68 69 70 71 16954152392885385979
2 2 66 20 15 40 41 52 54 57 60 63 64 65 66 67 68 69 70 71 16954152392885385979
12 3 60 2 66 15 40 41 52 54 57 60 63 64 65 66 67 68 69 70 71 11030011186712505974
1 11 2 72 51 68 65 70 66 57 0 54 64 16 40 41 52 54 57 60 63 64 65 66 67 68 69 70 71 72 10590221419767181222
1 5 3 73 61 52 57 17 40 41 52 54 57 60 63 64 65 66 67 68 69 70 71 72 73 378597390614872887
1 3 3 74 7 18 40 41 52 54 57 60 63 64 65 66 67 68 69 70 71 72 73 74 1748938344708206852
3 1 52 18 40 41 52 54 57 60 63 64 65 66 67 68 69 70 71 72 73 74 1748938344708206852
1 4 3 75 23 60 19 40 41 52 54 57 60 63 64 65 66 67 68 69 70 71 72 73 74 75 18111271014236163271
14 1 33 19 40 41 52 54 57 60 63 64 65 66 67 68 69 70 71 72 73 74 75 18111271014236163271
3 1 28 18 40 41 52 54 57 60 63 64 65 66 67 68 69 70 72 73 74 75 15543636319912288598
3 1 7 17 40 41 52 54 57 60 63 64 65 66 67 68 69 70 72 73 75 16278753766877739419
12 3 60 2 52 17 40 41 52 54 57 60 63 64 65 66 67 68 69 70 72 73 75 13172981114102953649
12 3 67 1 64 17 40 41 52 54 57 60 63 64 65 66 67 68 69 70 72 73 75 1872389019635714413
14 1 32 17 40 41 52 54 57 60 63 64 65 66 67 68 69 70 72 73 75 1872389019635714413
1 10 2 76 41 63 60 72 63 69 70 67 18 40 41 52 54 57 60 63 64 65 66 67 68 69 70 72 73 75 76 1265462163948678026
13 2 60 70 18 40 41 52 54 57 60 63 64 65 66 67 68 69 70 72 73 75 76 9286158154191326815
2 2 52 21 18 40 41 52 54 57 60 63 64 65 66 67 68 69 70 72 73 75 76 9286158154191326815
1 3 1 77 0 19 40 41 52 54 57 60 63 64 65 66 67 68 69 70 72 73 75 76 77 17538735889942495030
4 1 9 19 40 41 52 54 57 60 63 64 65 66 67 68 69 70 72 73 75 76 77 17538735889942495030
11 0 19 40 41 52 54 57 60 63 64 65 66 67 68 69 70 72 73 75 76 77 17538735889942495030
3 1 62 19 40 41 52 54 57 60 63 64 65 66 67 68 69 70 72 73 75 76 77 17538735889942495030
14 1 8 19 40 41 52 54 57 60 63 64 65 66 67 68 69 70 72 73 75 76 77 17538735889942495030
3 1 61 18 40 41 52 54 57 60 63 64 65 66 67 68 69 70 72 75 76 77 5151338545837460969
3 1 53 18 40 41 52 54 57 60 63 64 65 66 67 68 69 70 72 75 76 77 5151338545837460969
3 1 41 17 40 41 52 54 57 60 63 64 65 66 67 68 69 70 72 75 77 14757595522369023598
1 3 1 78 31 18 40 41 52 54 57 60 63 64 65 66 67 68 69 70 72 75 77 78 14749663135615301675
12 3 75 0 0 18 40 41 52 54 57 60 63 64 65 66 67 68 69 70 72 75 77 78 14715966808618576215
1 3 3 79 44 19 40 41 52 54 57 60 63 64 65 66 67 68 69 70 72 75 77 78 79 11084278373314456707
14 1 18446744073709551615 19 40 41 52 54 57 60 63 64 65 66 67 68 69 70 72 75 77 78 79 11084278373314456707
1 11 3 80 36 77 78 77 65 75 69 77 75 20 40 41 52 54 57 60 63 64 65 66 67 68 69 70 72 75 77 78 79 80 17688060900803857651
3 1 36 19 40 41 52 54 57 60 63 64 65 66 67 68 69 70 72 75 77 78 79 11084278373314456707
3 1 19 19 40 41 52 54 57 60 63 64 65 66 67 68 69 70 72 75 77 78 79 11084278373314456707
2 2 66 12 19 40 41 52 54 57 60 63 64 65 66 67 68 69 70 72 75 77 78 79 11084278373314456707
3 1 22 17 40 41 52 54 57 63 64 65 66 67 68 70 72 75 77 78 79 10922459815818536572
3 1 8 17 40 41 52 54 57 63 64 65 66 67 68 70 72 75 77 78 79 10922459815818536572
3 1 11 17 40 41 52 54 57 63 64 65 66 67 68 70 72 75 77 78 79 10922459815818536572
1 3 3 81 34 18 40 41 52 54 57 63 64 65 66 67 68 70 72 75 77 78 79 81 712508316374203540
4 1 16 18 40 41 52 54 57 63 64 65 66 67 68 70 72 75 77 78 79 81 712508316374203540
5 2 1 68 18 40 41 52 54 57 63 64 65 66 67 68 70 72 75 77 78 79 81 712508316374203540
10 0 18 40 41 52 54 57 63 64 65 66 67 68 70 72 75 77 78 79 81 712508316374203540
11 0 18 40 41 52 54 57 63 64 65 66 67 68 70 72 75 77 78 79 81 712508316374203540
1 3 3 82 7 19 40 41 52 54 57 63 64 65 66 67 68 70 72 75 77 78 79 81 82 18082684043388152089
13 2 75 0 19 40 41 52 54 57 63 64 65 66 67 68 70 72 75 77 78 79 81 82 9005325237538613182
1 19 2 83 11 65 68 77 67 70 75 52 77 68 54 72 54 0 57 65 68 20 40 41 52 54 57 63 64 65 66 67 68 70 72 75 77 78 79 81 82 83 13055485192657775177
3 1 51 20 40 41 52 54 57 63 64 65 66 67 68 70 72 75 77 78 79 81 82 83 13055485192657775177
1 10 2 84 18 78 66 72 65 72 67 77 21 40 41 52 54 57 63 64 65 66 67 68 70 72 75 77 78 79 81 82 83 84 7003461339308829969
4 1 8 21 40 41 52 54 57 63 64 65 66 67 68 70 72 75 77 78 79 81 82 83 84 7003461339308829969
11 0 21 40 41 52 54 57 63 64 65 66 67 68 70 72 75 77 78 79 81 82 83 84 7003461339308829969
4 1 8 21 40 41 52 54 57 63 64 65 66 67 68 70 72 75 77 78 79 81 82 83 84 7003461339308829969
1 3 1 85 13 22 40 41 52 54 57 63 64 65 66 67 68 70 72 75 77 78 79 81 82 83 84 85 16556736397054184604
1 3 1 86 24 23 40 41 52 54 57 63 64 65 66 67 68 70 72 75 77 78 79 81 82 83 84 85 86 12924746749037173049
13 2 75 52 23 40 41 52 54 57 63 64 65 66 67 68 70 72 75 77 78 79 81 82 83 84 85 86 16607785890394167682
3 1 12 23 40 41 52 54 57 63 64 65 66 67 68 70 72 75 77 78 79 81 82 83 84 85 86 16607785890394167682
8 1 54 23 40 41 52 54 57 63 64 65 66 67 68 70 72 75 77 78 79 81 82 83 84 85 86 16607785890394167682
11 0 23 40 41 52 54 57 63 64 65 66 67 68 70 72 75 77 78 79 81 82 83 84 85 86 16607785890394167682
3 1 34 22 40 41 52 54 57 63 64 65 66 67 68 70 72 75 77 78 79 82 83 84 85 86 10393786027471708162
1 3 1 87 8 23 40 41 52 54 57 63 64 65 66 67 68 70 72 75 77 78 79 82 83 84 85 86 87 18367444588670304299
1 3 3 88 49 24 40 41 52 54 57 63 64 65 66 67 68 70 72 75 77 78 79 82 83 84 85 86 87 88 10774659673807391226
1 12 3 89 63 68 40 84 52 87 79 85 72 85 25 40 41 52 54 57 63 64 65 66 67 68 70 72 75 77 78 79 82 83 84 85 86 87 88 89 8684440756948073165
14 1 2 25 40 41 52 54 57 63 64 65 66 67 68 70 72 75 77 78 79 82 83 84 85 86 87 88 89 8684440756948073165
3 1 21 25 40 41 52 54 57 63 64 65 66 67 68 70 72 75 77 78 79 82 83 84 85 86 87 88 89 8684440756948073165
1 3 2 90 21 26 40 41 52 54 57 63 64 65 66 67 68 70 72 75 77 78 79 82 83 84 85 86 87 88 89 90 13757232952805169141
3 1 7 25 40 41 52 54 57 63 64 65 66 67 68 70 72 75 77 78 79 83 84 85 86 87 88 89 90 13607532836359667192
12 3 83 14 52 25 40 41 52 54 57 63 64 65 66 67 68 70 72 75 77 78 79 83 84 85 86 87 88 89 90 7334438862684110885
1 19 3 91 28 70 52 84 77 52 54 70 84 87 63 57 78 65 72 88 79 26 40 41 52 54 57 63 64 65 66 67 68 70 72 75 77 78 79 83 84 85 86 87 88 89 90 91 6425285026302246585
12 3 84 6 86 26 40 41 52 54 57 63 64 65 66 67 68 70 72 75 77 78 79 83 84 85 86 87 88 89 90 91 4011843429604662464
3 1 20 26 40 41 52 54 57 63 64 65 66 67 68 70 72 75 77 78 79 83 84 85 86 87 88 89 90 91 4011843429604662464
12 3 91 15 67 26 40 41 52 54 57 63 64 65 66 67 68 70 72 75 77 78 79 83 84 85 86 87 88 89 90 91 4011856623744200996
14 1 0 26 40 41 52 54 57 63 64 65 66 67 68 70 72 75 77 78 79 83 84 85 86 87 88 89 90 91 4011856623744200996
12 3 75 1 89 26 40 41 52 54 57 63 64 65 66 67 68 70 72 75 77 78 79 83 84 85 86 87 88 89 90 91 424093598902120365
14 1 32 26 40 41 52 54 57 63 64 65 66 67 68 70 72 75 77 78 79 83 84 85 86 87 88 89 90 91 424093598902120365
3 1 59 26 40 41 52 54 57 63 64 65 66 67 68 70 72 75 77 78 79 83 84 85 86 87 88 89 90 91 424093598902120365
1 3 1 92 20 27 40 41 52 54 57 63 64 65 66 67 68 70 72 75 77 78 79 83 84 85 86 87 88 89 90 91 92 18102585056649247736
3 1 23 27 40 41 52 54 57 63 64 65 66 67 68 70 72 75 77 78 79 83 84 85 86 87 88 89 90 91 92 18102585056649247736
1 6 3 93 25 72 54 54 28 40 41 52 54 57 63 64 65 66 67 68 70 72 75 77 78 79 83 84 85 86 87 88 89 90 91 92 93 409531321462161551
1 3 2 94 48 29 40 41 52 54 57 63 64 65 66 67 68 70 72 75 77 78 79 83 84 85 86 87 88 89 90 91 92 93 94 2436027738230043515
12 3 91 4 78 29 40 41 52 54 57 63 64 65 66 67 68 70 72 75 77 78 79 83 84 85 86 87 88 89 90 91 92 93 94 13797607973101645905
1 10 2 95 35 77 87 66 65 77 63 77 30 40 41 52 54 57 63 64 65 66 67 68 70 72 75 77 78 79 83 84 85 86 87 88 89 90 91 92 93 94 95 16655497457339768264
3 1 48 29 40 41 52 54 57 63 64 65 66 67 68 70 72 75 77 78 79 83 84 85 86 87 88 89 90 91 92 93 95 17281706703154368136
1 5 2 96 16 84 89 30 40 41 52 54 57 63 64 65 66 67 68 70 72 75 77 78 79 83 84 85 86 87 88 89 90 91 92 93 95 96 10793651589545865041
4 1 9 30 40 41 52 54 57 63 64 65 66 67 68 70 72 75 77 78 79 83 84 85 86 87 88 89 90 91 92 93 95 96 10793651589545865041
12 3 84 1 85 30 40 41 52 54 57 63 64 65 66 67 68 70 72 75 77 78 79 83 84 85 86 87 88 89 90 91 92 93 95 96 16111993129137739952
14 1 32 30 40 41 52 54 57 63 64 65 66 67 68 70 72 75 77 78 79 83 84 85 86 87 88 89 90 91 92 93 95 96 16111993129137739952
3 1 49 30 40 41 52 54 57 63 64 65 66 67 68 70 72 75 77 78 79 83 84 85 86 87 88 89 90 91 92 93 95 96 16111993129137739952
12 3 68 3 92 29 40 52 54 57 63 64 65 66 67 68 70 72 75 77 78 79 83 84 85 86 87 88 89 90 91 92 93 95 96 637815478815298054
3 1 47 29 40 52 54 57 63 64 65 66 67 68 70 72 75 77 78 79 83 84 85 86 87 88 89 90 91 92 93 95 96 637815478815298054
8 1 70 29 40 52 54 57 63 64 65 66 67 68 70 72 75 77 78 79 83 84 85 86 87 88 89 90 91 92 93 95 96 637815478815298054
1 3 1 97 12 30 40 52 54 57 63 64 65 66 67 68 70 72 75 77 78 79 83 84 85 86 87 88 89 90 91 92 93 95 96 97 10165063389453515023
12 3 75 0 65 30 40 52 54 57 63 64 65 66 67 68 70 72 75 77 78 79 83 84 85 86 87 88 89 90 91 92 93 95 96 97 16463618948915488546
6 2 8 5 30 40 52 54 57 63 64 65 66 67 68 70 72 75 77 78 79 83 84 85 86 87 88 89 90 91 92 93 95 96 97 16463618948915488546
5 2 2 87 30 40 52 54 57 63 64 65 66 67 68 70 72 75 77 78 79 83 84 85 86 87 88 89 90 91 92 93 95 96 97 16463618948915488546
1 3 1 98 51 31 40 52 54 57 63 64 65 66 67 68 70 72 75 77 78 79 83 84 85 86 87 88 89 90 91 92 93 95 96 97 98 1817115115488660639
1 10 3 99 23 93 86 0 40 85 77 63 32 40 52 54 57 63 64 65 66 67 68 70 72 75 77 78 79 83 84 85 86 87 88 89 90 91 92 93 95 96 97 98 99 8752818889870923864
3 1 24 32 40 52 54 57 63 64 65 66 67 68 70 72 75 77 78 79 83 84 85 86 87 88 89 90 91 92 93 95 96 97 98 99 8752818889870923864
3 1 63 32 40 52 54 57 63 64 65 66 67 68 70 72 75 77 78 79 83 84 85 86 87 88 89 90 91 92 93 95 96 97 98 99 8752818889870923864
11 0 32 40 52 54 57 63 64 65 66 67 68 70 72 75 77 78 79 83 84 85 86 87 88 89 90 91 92 93 95 96 97 98 99 8752818889870923864
14 1 0 32 40 52 54 57 63 64 65 66 67 68 70 72 75 77 78 79 83 84 85 86 87 88 89 90 91 92 93 95 96 97 98 99 8752818889870923864
1 5 2 100 14 65 79 33 40 52 54 57 63 64 65 66 67 68 70 72 75 77 78 79 83 84 85 86 87 88 89 90 91 92 93 95 96 97 98 99 100 262207454791703314
3 1 8 33 40 52 54 57 63 64 65 66 67 68 70 72 75 77 78 79 83 84 85 86 87 88 89 90 91 92 93 95 96 97 98 99 100 262207454791703314
1 3 1 101 6 34 40 52 54 57 63 64 65 66 67 68 70 72 75 77 78 79 83 84 85 86 87 88 89 90 91 92 93 95 96 97 98 99 100 101 9479600445124353299
4 1 0 34 40 52 54 57 63 64 65 66 67 68 70 72 75 77 78 79 83 84 85 86 87 88 89 90 91 92 93 95 96 97 98 99 100 101 9479600445124353299
3 1 23 33 40 52 54 57 63 64 65 66 67 68 70 72 75 77 78 79 83 84 85 86 87 88 89 90 91 92 93 95 96 97 98 100 101 4617601703497587432
2 2 84 48 33 40 52 54 57 63 64 65 66 67 68 70 72 75 77 78 79 83 84 85 86 87 88 89 90 91 92 93 95 96 97 98 100 101 4617601703497587432
14 1 2 33 40 52 54 57 63 64 65 66 67 68 70 72 75 77 78 79 83 84 85 86 87 88 89 90 91 92 93 95 96 97 98 100 101 4617601703497587432
14 1 0 33 40 52 54 57 63 64 65 66 67 68 70 72 75 77 78 79 83 84 85 86 87 88 89 90 91 92 93 95 96 97 98 100 101 4617601703497587432
1 11 2 102 36 78 64 87 83 0 100 86 65 34 40 52 54 57 63 64 65 66 67 68 70 72 75 77 78 79 83 84 85 86 87 88 89 90 91 92 93 95 96 97 98 100 101 102 7070830348728683201
13 2 93 66 34 40 52 54 57 63 64 65 66 67 68 70 72 75 77 78 79 83 84 85 86 87 88 89 90 91 92 93 95 96 97 98 100 101 102 8648464946529664710
12 3 102 6 83 34 40 52 54 57 63 64 65 66 67 68 70 72 75 77 78 79 83 84 85 86 87 88 89 90 91 92 93 95 96 97 98 100 101 102 8651336870901984167
1 19 3 103 2 92 102 91 85 77 85 66 54 100 65 70 78 75 93 83 102 35 40 52 54 57 63 64 65 66 67 68 70 72 75 77 78 79 83 84 85 86 87 88 89 90 91 92 93 95 96 97 98 100 101 102 103 14875647588587355397
3 1 48 35 40 52 54 57 63 64 65 66 67 68 70 72 75 77 78 79 83 84 85 86 87 88 89 90 91 92 93 95 96 97 98 100 101 102 103 14875647588587355397
3 1 44 35 40 52 54 57 63 64 65 66 67 68 70 72 75 77 78 79 83 84 85 86 87 88 89 90 91 92 93 95 96 97 98 100 101 102 103 14875647588587355397
3 1 36 35 40 52 54 57 63 64 65 66 67 68 70 72 75 77 78 79 83 84 85 86 87 88 89 90 91 92 93 95 96 97 98 100 101 102 103 14875647588587355397
1 4 2 104 7 89 36 40 52 54 57 63 64 65 66 67 68 70 72 75 77 78 79 83 84 85 86 87 88 89 90 91 92 93 95 96 97 98 100 101 102 103 104 9519408575370516393
13 2 91 89 36 40 52 54 57 63 64 65 66 67 68 70 72 75 77 78 79 83 84 85 86 87 88 89 90 91 92 93 95 96 97 98 100 101 102 103 104 4242017695111999633
9 1 51 36 40 52 54 57 63 64 65 66 67 68 70 72 75 77 78 79 83 84 85 86 87 88 89 90 91 92 93 95 96 97 98 100 101 102 103 104 4242017695111999633
12 3 67 1 97 36 40 52 54 57 63 64 65 66 67 68 70 72 75 77 78 79 83 84 85 86 87 88 89 90 91 92 93 95 96 97 98 100 101 102 103 104 12147142900937871042
8 1 67 36 40 52 54 57 63 64 65 66 67 68 70 72 75 77 78 79 83 84 85 86 87 88 89 90 91 92 93 95 96 97 98 100 101 102 103 104 12147142900937871042
1 3 1 105 53 37 40 52 54 57 63 64 65 66 67 68 70 72 75 77 78 79 83 84 85 86 87 88 89 90 91 92 93 95 96 97 98 100 101 102 103 104 105 15943896245459079339
1 6 3 106 33 97 87 89 38 40 52 54 57 63 64 65 66 67 68 70 72 75 77 78 79 83 84 85 86 87 88 89 90 91 92 93 95 96 97 98 100 101 102 103 104 105 106 3243119767285614860
1 3 1 107 41 39 40 52 54 57 63 64 65 66 67 68 70 72 75 77 78 79 83 84 85 86 87 88 89 90 91 92 93 95 96 97 98 100 101 102 103 104 105 106 107 5244949199557357153
8 1 92 39 40 52 54 57 63 64 65 66 67 68 70 72 75 77 78 79 83 84 85 86 87 88 89 90 91 92 93 95 96 97 98 100 101 102 103 104 105 106 107 5244949199557357153
1 5 3 108 61 83 84 40 40 52 54 57 63 64 65 66 67 68 70 72 75 77 78 79 83 84 85 86 87 88 89 90 91 92 93 95 96 97 98 100 101 102 103 104 105 106 107 108 16710110212627266541
13 2 75 106 40 40 52 54 57 63 64 65 66 67 68 70 72 75 77 78 79 83 84 85 86 87 88 89 90 91 92 93 95 96 97 98 100 101 102 103 104 105 106 107 108 6413947672011734296
14 1 18446744073709551615 40 40 52 54 57 63 64 65 66 67 68 70 72 75 77 78 79 83 84 85 86 87 88 89 90 91 92 93 95 96 97 98 100 101 102 103 104 105 106 107 108 6413947672011734296
13 2 88 92 40 40 52 54 57 63 64 65 66 67 68 70 72 75 77 78 79 83 84 85 86 87 88 89 90 91 92 93 95 96 97 98 100 101 102 103 104 105 106 107 108 17061836348387633359
9 1 7 40 40 52 54 57 63 64 65 66 67 68 70 72 75 77 78 79 83 84 85 86 87 88 89 90 91 92 93 95 96 97 98 100 101 102 103 104 105 106 107 108 17061836348387633359
8 1 52 40 40 52 54 57 63 64 65 66 67 68 70 72 75 77 78 79 83 84 85 86 87 88 89 90 91 92 93 95 96 97 98 100 101 102 103 104 105 106 107 108 17061836348387633359
10 0 38 40 52 54 57 63 64 65 66 67 68 70 72 75 77 78 79 83 84 85 86 87 88 89 90 91 92 93 95 96 97 100 101 102 103 105 106 107 108 2813700674065572340
12 3 100 1 83 38 40 52 54 57 63 64 65 66 67 68 70 72 75 77 78 79 83 84 85 86 87 88 89 90 91 92 93 95 96 97 100 101 102 103 105 106 107 108 3328289177455842400
10 0 38 40 52 54 57 63 64 65 66 67 68 70 72 75 77 78 79 83 84 85 86 87 88 89 90 91 92 93 95 96 97 100 101 102 103 105 106 107 108 3328289177455842400
11 0 38 40 52 54 57 63 64 65 66 67 68 70 72 75 77 78 79 83 84 85 86 87 88 89 90 91 92 93 95 96 97 100 101 102 103 105 106 107 108 3328289177455842400
3 1 33 38 40 52 54 57 63 64 65 66 67 68 70 72 75 77 78 79 83 84 85 86 87 88 89 90 91 92 93 95 96 97 100 101 102 103 105 106 107 108 3328289177455842400
14 1 0 38 40 52 54 57 63 64 65 66 67 68 70 72 75 77 78 79 83 84 85 86 87 88 89 90 91 92 93 95 96 97 100 101 102 103 105 106 107 108 3328289177455842400
2 2 54 58 38 40 52 54 57 63 64 65 66 67 68 70 72 75 77 78 79 83 84 85 86 87 88 89 90 91 92 93 95 96 97 100 101 102 103 105 106 107 108 3328289177455842400
4 1 16 38 40 52 54 57 63 64 65 66 67 68 70 72 75 77 78 79 83 84 85 86 87 88 89 90 91 92 93 95 96 97 100 101 102 103 105 106 107 108 3328289177455842400
14 1 18446744073709551615 38 40 52 54 57 63 64 65 66 67 68 70 72 75 77 78 79 83 84 85 86 87 88 89 90 91 92 93 95 96 97 100 101 102 103 105 106 107 108 3328289177455842400
14 1 18446744073709551615 38 40 52 54 57 63 64 65 66 67 68 70 72 75 77 78 79 83 84 85 86 87 88 89 90 91 92 93 95 96 97 100 101 102 103 105 106 107 108 3328289177455842400
1 5 3 109 37 102 101 39 40 52 54 57 63 64 65 66 67 68 70 72 75 77 78 79 83 84 85 86 87 88 89 90 91 92 93 95 96 97 100 101 102 103 105 106 107 108 109 2080440491149808035
9 1 18 39 40 52 54 57 63 64 65 66 67 68 70 72 75 77 78 79 83 84 85 86 87 88 89 90 91 92 93 95 96 97 100 101 102 103 105 106 107 108 109 2080440491149808035
5 2 11 97 39 40 52 54 57 63 64 65 66 67 68 70 72 75 77 78 79 83 84 85 86 87 88 89 90 91 92 93 95 96 97 100 101 102 103 105 106 107 108 109 2080440491149808035
12 3 88 0 78 39 40 52 54 57 63 64 65 66 67 68 70 72 75 77 78 79 83 84 85 86 87 88 89 90 91 92 93 95 96 97 100 101 102 103 105 106 107 108 109 9133958615155286689
9 1 28 39 40 52 54 57 63 64 65 66 67 68 70 72 75 77 78 79 83 84 85 86 87 88 89 90 91 92 93 95 96 97 100 101 102 103 105 106 107 108 109 9133958615155286689
1 3 1 110 4 40 40 52 54 57 63 64 65 66 67 68 70 72 75 77 78 79 83 84 85 86 87 88 89 90 91 92 93 95 96 97 100 101 102 103 105 106 107 108 109 110 6063648692907444976
12 3 93 2 95 40 40 52 54 57 63 64 65 66 67 68 70 72 75 77 78 79 83 84 85 86 87 88 89 90 91 92 93 95 96 97 100 101 102 103 105 106 107 108 109 110 9622531647970000633
3 1 2 39 40 52 54 57 63 64 65 66 67 68 70 72 75 77 78 79 83 84 85 86 87 88 89 90 91 92 93 95 96 97 100 101 102 105 106 107 108 109 110 14480412150091707513
5 2 13 92 39 40 52 54 57 63 64 65 66 67 68 70 72 75 77 78 79 83 84 85 86 87 88 89 90 91 92 93 95 96 97 100 101 102 105 106 107 108 109 110 14480412150091707513
11 0 37 40 52 54 57 63 64 65 66 67 68 70 72 75 77 78 79 83 84 85 86 87 89 90 92 93 95 96 97 100 101 102 105 106 107 108 109 110 17011651195315481365
1 11 2 111 19 97 78 106 67 54 87 65 105 38 40 52 54 57 63 64 65 66 67 68 70 72 75 77 78 79 83 84 85 86 87 89 90 92 93 95 96 97 100 101 102 105 106 107 108 109 110 111 7427736492554446264
3 1 41 37 40 52 54 57 63 64 65 66 67 68 70 72 75 77 78 79 83 84 85 86 87 89 90 92 93 95 96 97 100 101 102 105 106 108 109 110 111 11143436883636005689
13 2 89 97 37 40 52 54 57 63 64 65 66 67 68 70 72 75 77 78 79 83 84 85 86 87 89 90 92 93 95 96 97 100 101 102 105 106 108 109 110 111 1259710176767187811
4 1 0 37 40 52 54 57 63 64 65 66 67 68 70 72 75 77 78 79 83 84 85 86 87 89 90 92 93 95 96 97 100 101 102 105 106 108 109 110 111 1259710176767187811
12 3 67 0 90 37 40 52 54 57 63 64 65 66 67 68 70 72 75 77 78 79 83 84 85 86 87 89 90 92 93 95 96 97 100 101 102 105 106 108 109 110 111 372994128151459943
11 0 37 40 52 54 57 63 64 65 66 67 68 70 72 75 77 78 79 83 84 85 86 87 89 90 92 93 95 96 97 100 101 102 105 106 108 109 110 111 372994128151459943
3 1 13 37 40 52 54 57 63 64 65 66 67 68 70 72 75 77 78 79 83 84 85 86 87 89 90 92 93 95 96 97 100 101 102 105 106 108 109 110 111 372994128151459943
1 6 3 112 33 64 78 87 38 40 52 54 57 63 64 65 66 67 68 70 72 75 77 78 79 83 84 85 86 87 89 90 92 93 95 96 97 100 101 102 105 106 108 109 110 111 112 13457459432938431222
3 1 19 37 40 52 54 57 63 64 65 66 67 68 70 72 75 77 78 79 83 84 85 86 87 89 90 92 93 95 96 97 100 101 102 105 106 108 109 110 112 16661112465351361035
12 3 108 1 101 37 40 52 54 57 63 64 65 66 67 68 70 72 75 77 78 79 83 84 85 86 87 89 90 92 93 95 96 97 100 101 102 105 106 108 109 110 112 3039769579544081210
2 2 75 41 37 40 52 54 57 63 64 65 66 67 68 70 72 75 77 78 79 83 84 85 86 87 89 90 92 93 95 96 97 100 101 102 105 106 108 109 110 112 3039769579544081210
2 2 95 49 37 40 52 54 57 63 64 65 66 67 68 70 72 75 77 78 79 83 84 85 86 87 89 90 92 93 95 96 97 100 101 102 105 106 108 109 110 112 3039769579544081210
14 1 32 37 40 52 54 57 63 64 65 66 67 68 70 72 75 77 78 79 83 84 85 86 87 89 90 92 93 95 96 97 100 101 102 105 106 108 109 110 112 3039769579544081210
2 2 84 13 37 40 52 54 57 63 64 65 66 67 68 70 72 75 77 78 79 83 84 85 86 87 89 90 92 93 95 96 97 100 101 102 105 106 108 109 110 112 3039769579544081210
1 3 1 113 39 38 40 52 54 57 63 64 65 66 67 68 70 72 75 77 78 79 83 84 85 86 87 89 90 92 93 95 96 97 100 101 102 105 106 108 109 110 112 113 5247617977991570723
1 3 1 114 2 39 40 52 54 57 63 64 65 66 67 68 70 72 75 77 78 79 83 84 85 86 87 89 90 92 93 95 96 97 100 101 102 105 106 108 109 110 112 113 114 9487186099193825394
3 1 4 38 40 52 54 57 63 64 65 66 67 68 70 72 75 77 78 79 83 84 85 86 87 89 90 92 93 95 96 97 100 101 102 105 106 108 109 112 113 114 10306431245714849795
1 12 2 115 42 105 84 67 67 106 64 79 40 100 39 40 52 54 57 63 64 65 66 67 68 70 72 75 77 78 79 83 84 85 86 87 89 90 92 93 95 96 97 100 101 102 105 106 108 109 112 113 114 115 15320134448743630270
12 3 89 6 85 39 40 52 54 57 63 64 65 66 67 68 70 72 75 77 78 79 83 84 85 86 87 89 90 92 93 95 96 97 100 101 102 105 106 108 109 112 113 114 115 15320134448743630270
14 1 32 39 40 52 54 57 63 64 65 66 67 68 70 72 75 77 78 79 83 84 85 86 87 89 90 92 93 95 96 97 100 101 102 105 106 108 109 112 113 114 115 15320134448743630270
12 3 89 2 77 39 40 52 54 57 63 64 65 66 67 68 70 72 75 77 78 79 83 84 85 86 87 89 90 92 93 95 96 97 100 101 102 105 106 108 109 112 113 114 115 8264003194291426809
3 1 13 39 40 52 54 57 63 64 65 66 67 68 70 72 75 77 78 79 83 84 85 86 87 89 90 92 93 95 96 97 100 101 102 105 106 108 109 112 113 114 115 8264003194291426809
1 6 3 116 17 57 108 109 40 40 52 54 57 63 64 65 66 67 68 70 72 75 77 78 79 83 84 85 86 87 89 90 92 93 95 96 97 100 101 102 105 106 108 109 112 113 114 115 116 37995468770313767
1 3 2 117 51 41 40 52 54 57 63 64 65 66 67 68 70 72 75 77 78 79 83 84 85 86 87 89 90 92 93 95 96 97 100 101 102 105 106 108 109 112 113 114 115 116 117 15344627391884977123
1 6 2 118 52 52 106 72 42 40 52 54 57 63 64 65 66 67 68 70 72 75 77 78 79 83 84 85 86 87 89 90 92 93 95 96 97 100 101 102 105 106 108 109 112 113 114 115 116 117 118 17780798316835930248
4 1 9 42 40 52 54 57 63 64 65 66 67 68 70 72 75 77 78 79 83 84 85 86 87 89 90 92 93 95 96 97 100 101 102 105 106 108 109 112 113 114 115 116 117 118 17780798316835930248
6 2 8 6 42 40 52 54 57 63 64 65 66 67 68 70 72 75 77 78 79 83 84 85 86 87 89 90 92 93 95 96 97 100 101 102 105 106 108 109 112 113 114 115 116 117 118 17780798316835930248
2 2 95 46 42 40 52 54 57 63 64 65 66 67 68 70 72 75 77 78 79 83 84 85 86 87 89 90 92 93 95 96 97 100 101 102 105 106 108 109 112 113 114 115 116 117 118 17780798316835930248
1 3 3 119 38 43 40 52 54 57 63 64 65 66 67 68 70 72 75 77 78 79 83 84 85 86 87 89 90 92 93 95 96 97 100 101 102 105 106 108 109 112 113 114 115 116 117 118 119 11172365867175972734
1 4 3 120 50 117 44 40 52 54 57 63 64 65 66 67 68 70 72 75 77 78 79 83 84 85 86 87 89 90 92 93 95 96 97 100 101 102 105 106 108 109 112 113 114 115 116 117 118 119 120 5464191735048262921
14 1 32 44 40 52 54 57 63 64 65 66 67 68 70 72 75 77 78 79 83 84 85 86 87 89 90 92 93 95 96 97 100 101 102 105 106 108 109 112 113 114 115 116 117 118 119 120 5464191735048262921
2 2 40 3 44 40 52 54 57 63 64 65 66 67 68 70 72 75 77 78 79 83 84 85 86 87 89 90 92 93 95 96 97 100 101 102 105 106 108 109 112 113 114 115 116 117 118 119 120 5464191735048262921
3 1 37 44 40 52 54 57 63 64 65 66 67 68 70 72 75 77 78 79 83 84 85 86 87 89 90 92 93 95 96 97 100 101 102 105 106 108 109 112 113 114 115 116 117 118 119 120 5464191735048262921
3 1 53 44 40 52 54 57 63 64 65 66 67 68 70 72 75 77 78 79 83 84 85 86 87 89 90 92 93 95 96 97 100 101 102 105 106 108 109 112 113 114 115 116 117 118 119 120 5464191735048262921
10 0 44 40 52 54 57 63 64 65 66 67 68 70 72 75 77 78 79 83 84 85 86 87 89 90 92 93 95 96 97 100 101 102 105 106 108 109 112 113 114 115 116 117 118 119 120 5464191735048262921
1 5 3 121 57 109 86 45 40 52 54 57 63 64 65 66 67 68 70 72 75 77 78 79 83 84 85 86 87 89 90 92 93 95 96 97 100 101 102 105 106 108 109 112 113 114 115 116 117 118 119 120 121 2423527321163348454
6 2 7 41 45 40 52 54 57 63 64 65 66 67 68 70 72 75 77 78 79 83 84 85 86 87 89 90 92 93 95 96 97 100 101 102 105 106 108 109 112 113 114 115 116 117 118 119 120 121 2423527321163348454
10 0 45 40 52 54 57 63 64 65 66 67 68 70 72 75 77 78 79 83 84 85 86 87 89 90 92 93 95 96 97 100 101 102 105 106 108 109 112 113 114 115 116 117 118 119 120 121 2423527321163348454
9 1 14 45 40 52 54 57 63 64 65 66 67 68 70 72 75 77 78 79 83 84 85 86 87 89 90 92 93 95 96 97 100 101 102 105 106 108 109 112 113 114 115 116 117 118 119 120 121 2423527321163348454
12 3 102 3 92 45 40 52 54 57 63 64 65 66 67 68 70 72 75 77 78 79 83 84 85 86 87 89 90 92 93 95 96 97 100 101 102 105 106 108 109 112 113 114 115 116 117 118 119 120 121 3043243149175171127
8 1 84 45 40 52 54 57 63 64 65 66 67 68 70 72 75 77 78 79 83 84 85 86 87 89 90 92 93 95 96 97 100 101 102 105 106 108 109 112 113 114 115 116 117 118 119 120 121 3043243149175171127
4 1 1 45 40 52 54 57 63 64 65 66 67 68 70 72 75 77 78 79 83 84 85 86 87 89 90 92 93 95 96 97 100 101 102 105 106 108 109 112 113 114 115 116 117 118 119 120 121 3043243149175171127
3 1 50 44 40 52 54 57 63 64 65 66 67 68 70 72 75 77 78 79 83 84 85 86 87 89 90 92 93 95 96 97 100 101 102 105 106 108 109 112 113 114 115 116 117 118 119 121 12380657838104774142
3 1 16 43 40 52 54 57 63 64 65 66 67 68 70 72 75 77 78 79 83 84 85 86 87 89 90 92 93 95 97 100 101 102 105 106 108 109 112 113 114 115 116 117 118 119 121 5646141587492597003
13 2 119 63 43 40 52 54 57 63 64 65 66 67 68 70 72 75 77 78 79 83 84 85 86 87 89 90 92 93 95 97 100 101 102 105 106 108 109 112 113 114 115 116 117 118 119 121 9123260360368695295
13 2 108 87 43 40 52 54 57 63 64 65 66 67 68 70 72 75 77 78 79 83 84 85 86 87 89 90 92 93 95 97 100 101 102 105 106 108 109 112 113 114 115 116 117 118 119 121 6083445900928188243
1 10 2 122 14 79 89 92 83 113 101 0 44 40 52 54 57 63 64 65 66 67 68 70 72 75 77 78 79 83 84 85 86 87 89 90 92 93 95 97 100 101 102 105 106 108 109 112 113 114 115 116 117 118 119 121 122 4374605278531910111
1 6 2 123 54 72 57 114 45 40 52 54 57 63 64 65 66 67 68 70 72 75 77 78 79 83 84 85 86 87 89 90 92 93 95 97 100 101 102 105 106 108 109 112 113 114 115 116 117 118 119 121 122 123 14343141625056913813
5 2 0 109 45 40 52 54 57 63 64 65 66 67 68 70 72 75 77 78 79 83 84 85 86 87 89 90 92 93 95 97 100 101 102 105 106 108 109 112 113 114 115 116 117 118 119 121 122 123 14343141625056913813
10 0 45 40 52 54 57 63 64 65 66 67 68 70 72 75 77 78 79 83 84 85 86 87 89 90 92 93 95 97 100 101 102 105 106 108 109 112 113 114 115 116 117 118 119 121 122 123 14343141625056913813
12 3 89 8 66 45 40 52 54 57 63 64 65 66 67 68 70 72 75 77 78 79 83 84 85 86 87 89 90 92 93 95 97 100 101 102 105 106 108 109 112 113 114 115 116 117 118 119 121 122 123 2012673643481353022
8 1 95 45 40 52 54 57 63 64 65 66 67 68 70 72 75 77 78 79 83 84 85 86 87 89 90 92 93 95 97 100 101 102 105 106 108 109 112 113 114 115 116 117 118 119 121 122 123 2012673643481353022
12 3 84 5 63 45 40 52 54 57 63 64 65 66 67 68 70 72 75 77 78 79 83 84 85 86 87 89 90 92 93 95 97 100 101 102 105 106 108 109 112 113 114 115 116 117 118 119 121 122 123 5454530748122803274
1 3 1 124 6 46 40 52 54 57 63 64 65 66 67 68 70 72 75 77 78 79 83 84 85 86 87 89 90 92 93 95 97 100 101 102 105 106 108 109 112 113 114 115 116 117 118 119 121 122 123 124 1887471273212388415
14 1 33 46 40 52 54 57 63 64 65 66 67 68 70 72 75 77 78 79 83 84 85 86 87 89 90 92 93 95 97 100 101 102 105 106 108 109 112 113 114 115 116 117 118 119 121 122 123 124 1887471273212388415
11 0 46 40 52 54 57 63 64 65 66 67 68 70 72 75 77 78 79 83 84 85 86 87 89 90 92 93 95 97 100 101 102 105 106 108 109 112 113 114 115 116 117 118 119 121 122 123 124 1887471273212388415
11 0 46 40 52 54 57 63 64 65 66 67 68 70 72 75 77 78 79 83 84 85 86 87 89 90 92 93 95 97 100 101 102 105 106 108 109 112 113 114 115 116 117 118 119 121 122 123 124 1887471273212388415
1 5 3 125 15 114 115 47 40 52 54 57 63 64 65 66 67 68 70 72 75 77 78 79 83 84 85 86 87 89 90 92 93 95 97 100 101 102 105 106 108 109 112 113 114 115 116 117 118 119 121 122 123 124 125 811771534973803252
3 1 42 47 40 52 54 57 63 64 65 66 67 68 70 72 75 77 78 79 83 84 85 86 87 89 90 92 93 95 97 100 101 102 105 106 108 109 112 113 114 115 116 117 118 119 121 122 123 124 125 811771534973803252
3 1 3 47 40 52 54 57 63 64 65 66 67 68 70 72 75 77 78 79 83 84 85 86 87 89 90 92 93 95 97 100 101 102 105 106 108 109 112 113 114 115 116 117 118 119 121 122 123 124 125 811771534973803252
13 2 93 92 47 40 52 54 57 63 64 65 66 67 68 70 72 75 77 78 79 83 84 85 86 87 89 90 92 93 95 97 100 101 102 105 106 108 109 112 113 114 115 116 117 118 119 121 122 123 124 125 15432254485459993421
1 6 2 126 36 119 124 93 48 40 52 54 57 63 64 65 66 67 68 70 72 75 77 78 79 83 84 85 86 87 89 90 92 93 95 97 100 101 102 105 106 108 109 112 113 114 115 116 117 118 119 121 122 123 124 125 126 14979793856876020386
4 1 1 48 40 52 54 57 63 64 65 66 67 68 70 72 75 77 78 79 83 84 85 86 87 89 90 92 93 95 97 100 101 102 105 106 108 109 112 113 114 115 116 117 118 119 121 122 123 124 125 126 14979793856876020386
2 2 86 16 48 40 52 54 57 63 64 65 66 67 68 70 72 75 77 78 79 83 84 85 86 87 89 90 92 93 95 97 100 101 102 105 106 108 109 112 113 114 115 116 117 118 119 121 122 123 124 125 126 14979793856876020386
4 1 8 48 40 52 54 57 63 64 65 66 67 68 70 72 75 77 78 79 83 84 85 86 87 89 90 92 93 95 97 100 101 102 105 106 108 109 112 113 114 115 116 117 118 119 121 122 123 124 125 126 14979793856876020386
9 1 20 48 40 52 54 57 63 64 65 66 67 68 70 72 75 77 78 79 83 84 85 86 87 89 90 92 93 95 97 100 101 102 105 106 108 109 112 113 114 115 116 117 118 119 121 122 123 124 125 126 14979793856876020386
1 10 3 127 9 75 123 101 40 84 116 114 49 40 52 54 57 63 64 65 66 67 68 70 72 75 77 78 79 83 84 85 86 87 89 90 92 93 95 97 100 101 102 105 106 108 109 112 113 114 115 116 117 118 119 121 122 123 124 125 126 127 7523482423823975024
5 2 5 126 49 40 52 54 57 63 64 65 66 67 68 70 72 75 77 78 79 83 84 85 86 87 89 90 92 93 95 97 100 101 102 105 106 108 109 112 113 114 115 116 117 118 119 121 122 123 124 125 126 127 7523482423823975024
8 1 83 49 40 52 54 57 63 64 65 66 67 68 70 72 75 77 78 79 83 84 85 86 87 89 90 92 93 95 97 100 101 102 105 106 108 109 112 113 114 115 116 117 118 119 121 122 123 124 125 126 127 7523482423823975024
5 2 0 54 49 40 52 54 57 63 64 65 66 67 68 70 72 75 77 78 79 83 84 85 86 87 89 90 92 93 95 97 100 101 102 105 106 108 109 112 113 114 115 116 117 118 119 121 122 123 124 125 126 127 7523482423823975024
3 1 12 49 40 52 54 57 63 64 65 66 67 68 70 72 75 77 78 79 83 84 85 86 87 89 90 92 93 95 97 100 101 102 105 106 108 109 112 113 114 115 116 117 118 119 121 122 123 124 125 126 127 7523482423823975024
1 4 3 128 44 65 50 40 52 54 57 63 64 65 66 67 68 70 72 75 77 78 79 83 84 85 86 87 89 90 92 93 95 97 100 101 102 105 106 108 109 112 113 114 115 116 117 118 119 121 122 123 124 125 126 127 128 7134666959276192059
6 2 3 57 50 40 52 54 57 63 64 65 66 67 68 70 72 75 77 78 79 83 84 85 86 87 89 90 92 93 95 97 100 101 102 105 106 108 109 112 113 114 115 116 117 118 119 121 122 123 124 125 126 127 128 7134666959276192059
1 12 3 129 27 65 123 75 92 119 108 66 123 114 51 40 52 54 57 63 64 65 66 67 68 70 72 75 77 78 79 83 84 85 86 87 89 90 92 93 95 97 100 101 102 105 106 108 109 112 113 114 115 116 117 118 119 121 122 123 124 125 126 127 128 129 8546273835595523993
12 3 67 0 113 51 40 52 54 57 63 64 65 66 67 68 70 72 75 77 78 79 83 84 85 86 87 89 90 92 93 95 97 100 101 102 105 106 108 109 112 113 114 115 116 117 118 119 121 122 123 124 125 126 127 128 129 11002151544970829910
1 12 3 130 60 119 102 109 116 77 83 52 117 68 52 40 52 54 57 63 64 65 66 67 68 70 72 75 77 78 79 83 84 85 86 87 89 90 92 93 95 97 100 101 102 105 106 108 109 112 113 114 115 116 117 118 119 121 122 123 124 125 126 127 128 129 130 12325655896532842453
8 1 78 52 40 52 54 57 63 64 65 66 67 68 70 72 75 77 78 79 83 84 85 86 87 89 90 92 93 95 97 100 101 102 105 106 108 109 112 113 114 115 116 117 118 119 121 122 123 124 125 126 127 128 129 130 12325655896532842453
10 0 52 40 52 54 57 63 64 65 66 67 68 70 72 75 77 78 79 83 84 85 86 87 89 90 92 93 95 97 100 101 102 105 106 108 109 112 113 114 115 116 117 118 119 121 122 123 124 125 126 127 128 129 130 12325655896532842453
3 1 58 52 40 52 54 57 63 64 65 66 67 68 70 72 75 77 78 79 83 84 85 86 87 89 90 92 93 95 97 100 101 102 105 106 108 109 112 113 114 115 116 117 118 119 121 122 123 124 125 126 127 128 129 130 12325655896532842453
7 2 3 43 52 40 52 54 57 63 64 65 66 67 68 70 72 75 77 78 79 83 84 85 86 87 89 90 92 93 95 97 100 101 102 105 106 108 109 112 113 114 115 116 117 118 119 121 122 123 124 125 126 127 128 129 130 12325655896532842453
3 1 36 52 40 52 54 57 63 64 65 66 67 68 70 72 75 77 78 79 83 84 85 86 87 89 90 92 93 95 97 100 101 102 105 106 108 109 112 113 114 115 116 117 118 119 121 122 123 124 125 126 127 128 129 130 12325655896532842453
1 5 3 131 3 70 112 53 40 52 54 57 63 64 65 66 67 68 70 72 75 77 78 79 83 84 85 86 87 89 90 92 93 95 97 100 101 102 105 106 108 109 112 113 114 115 116 117 118 119 121 122 123 124 125 126 127 128 129 130 131 6629125726687015645
8 1 127 53 40 52 54 57 63 64 65 66 67 68 70 72 75 77 78 79 83 84 85 86 87 89 90 92 93 95 97 100 101 102 105 106 108 109 112 113 114 115 116 117 118 119 121 122 123 124 125 126 127 128 129 130 131 6629125726687015645
14 1 8 53 40 52 54 57 63 64 65 66 67 68 70 72 75 77 78 79 83 84 85 86 87 89 90 92 93 95 97 100 101 102 105 106 108 109 112 113 114 115 116 117 118 119 121 122 123 124 125 126 127 128 129 130 131 6629125726687015645
1 11 2 132 50 78 64 57 121 125 52 97 131 54 40 52 54 57 63 64 65 66 67 68 70 72 75 77 78 79 83 84 85 86 87 89 90 92 93 95 97 100 101 102 105 106 108 109 112 113 114 115 116 117 118 119 121 122 123 124 125 126 127 128 129 130 131 132 7676801608205612048
1 3 1 133 58 55 40 52 54 57 63 64 65 66 67 68 70 72 75 77 78 79 83 84 85 86 87 89 90 92 93 95 97 100 101 102 105 106 108 109 112 113 114 115 116 117 118 119 121 122 123 124 125 126 127 128 129 130 131 132 133 16767841772792077269
1 12 3 134 8 108 90 72 77 90 119 114 126 127 56 40 52 54 57 63 64 65 66 67 68 70 72 75 77 78 79 83 84 85 86 87 89 90 92 93 95 97 100 101 102 105 106 108 109 112 113 114 115 116 117 118 119 121 122 123 124 125 126 127 128 129 130 131 132 133 134 3325459177580847684
3 1 60 55 40 52 54 57 63 64 65 66 67 68 70 72 75 77 78 79 83 84 85 86 87 89 90 92 93 95 97 100 101 102 105 106 108 109 112 113 114 115 116 117 118 119 121 122 123 124 125 126 127 128 129 131 132 133 134 8914298794500898177
14 1 8 55 40 52 54 57 63 64 65 66 67 68 70 72 75 77 78 79 83 84 85 86 87 89 90 92 93 95 97 100 101 102 105 106 108 109 112 113 114 115 116 117 118 119 121 122 123 124 125 126 127 128 129 131 132 133 134 8914298794500898177
14 1 18446744073709551615 55 40 52 54 57 63 64 65 66 67 68 70 72 75 77 78 79 83 84 85 86 87 89 90 92 93 95 97 100 101 102 105 106 108 109 112 113 114 115 116 117 118 119 121 122 123 124 125 126 127 128 129 131 132 133 134 8914298794500898177
5 2 2 67 55 40 52 54 57 63 64 65 66 67 68 70 72 75 77 78 79 83 84 85 86 87 89 90 92 93 95 97 100 101 102 105 106 108 109 112 113 114 115 116 117 118 119 121 122 123 124 125 126 127 128 129 131 132 133 134 8914298794500898177
3 1 33 55 40 52 54 57 63 64 65 66 67 68 70 72 75 77 78 79 83 84 85 86 87 89 90 92 93 95 97 100 101 102 105 106 108 109 112 113 114 115 116 117 118 119 121 122 123 124 125 126 127 128 129 131 132 133 134 8914298794500898177
14 1 32 55 40 52 54 57 63 64 65 66 67 68 70 72 75 77 78 79 83 84 85 86 87 89 90 92 93 95 97 100 101 102 105 106 108 109 112 113 114 115 116 117 118 119 121 122 123 124 125 126 127 128 129 131 132 133 134 8914298794500898177
8 1 63 55 40 52 54 57 63 64 65 66 67 68 70 72 75 77 78 79 83 84 85 86 87 89 90 92 93 95 97 100 101 102 105 106 108 109 112 113 114 115 116 117 118 119 121 122 123 124 125 126 127 128 129 131 132 133 134 8914298794500898177
5 2 6 63 55 40 52 54 57 63 64 65 66 67 68 70 72 75 77 78 79 83 84 85 86 87 89 90 92 93 95 97 100 101 102 105 106 108 109 112 113 114 115 116 117 118 119 121 122 123 124 125 126 127 128 129 131 132 133 134 8914298794500898177
11 0 55 40 52 54 57 63 64 65 66 67 68 70 72 75 77 78 79 83 84 85 86 87 89 90 92 93 95 97 100 101 102 105 106 108 109 112 113 114 115 116 117 118 119 121 122 123 124 125 126 127 128 129 131 132 133 134 8914298794500898177
8 1 133 55 40 52 54 57 63 64 65 66 67 68 70 72 75 77 78 79 83 84 85 86 87 89 90 92 93 95 97 100 101 102 105 106 108 109 112 113 114 115 116 117 118 119 121 122 123 124 125 126 127 128 129 131 132 133 134 8914298794500898177
5 2 0 93 55 40 52 54 57 63 64 65 66 67 68 70 72 75 77 78 79 83 84 85 86 87 89 90 92 93 95 97 100 101 102 105 106 108 109 112 113 114 115 116 117 118 119 121 122 123 124 125 126 127 128 129 131 132 133 134 8914298794500898177
3 1 21 55 40 52 54 57 63 64 65 66 67 68 70 72 75 77 78 79 83 84 85 86 87 89 90 92 93 95 97 100 101 102 105 106 108 109 112 113 114 115 116 117 118 119 121 122 123 124 125 126 127 128 129 131 132 133 134 8914298794500898177
8 1 57 55 40 52 54 57 63 64 65 66 67 68 70 72 75 77 78 79 83 84 85 86 87 89 90 92 93 95 97 100 101 102 105 106 108 109 112 113 114 115 116 117 118 119 121 122 123 124 125 126 127 128 129 131 132 133 134 8914298794500898177
9 1 38 55 40 52 54 57 63 64 65 66 67 68 70 72 75 77 78 79 83 84 85 86 87 89 90 92 93 95 97 100 101 102 105 106 108 109 112 113 114 115 116 117 118 119 121 122 123 124 125 126 127 128 129 131 132 133 134 8914298794500898177
14 1 8 55 40 52 54 57 63 64 65 66 67 68 70 72 75 77 78 79 83 84 85 86 87 89 90 92 93 95 97 100 101 102 105 106 108 109 112 113 114 115 116 117 118 119 121 122 123 124 125 126 127 128 129 131 132 133 134 8914298794500898177
3 1 46 55 40 52 54 57 63 64 65 66 67 68 70 72 75 77 78 79 83 84 85 86 87 89 90 92 93 95 97 100 101 102 105 106 108 109 112 113 114 115 116 117 118 119 121 122 123 124 125 126 127 128 129 131 132 133 134 8914298794500898177
12 3 100 1 67 55 40 52 54 57 63 64 65 66 67 68 70 72 75 77 78 79 83 84 85 86 87 89 90 92 93 95 97 100 101 102 105 106 108 109 112 113 114 115 116 117 118 119 121 122 123 124 125 126 127 128 129 131 132 133 134 1104956465625747057
1 11 3 135 5 95 93 108 128 40 113 114 65 56 40 52 54 57 63 64 65 66 67 68 70 72 75 77 78 79 83 84 85 86 87 89 90 92 93 95 97 100 101 102 105 106 108 109 112 113 114 115 116 117 118 119 121 122 123 124 125 126 127 128 129 131 132 133 134 135 18377292411231891071
5 2 0 64 56 40 52 54 57 63 64 65 66 67 68 70 72 75 77 78 79 83 84 85 86 87 89 90 92 93 95 97 100 101 102 105 106 108 109 112 113 114 115 116 117 118 119 121 122 123 124 125 126 127 128 129 131 132 133 134 135 18377292411231891071
3 1 16 56 40 52 54 57 63 64 65 66 67 68 70 72 75 77 78 79 83 84 85 86 87 89 90 92 93 95 97 100 101 102 105 106 108 109 112 113 114 115 116 117 118 119 121 122 123 124 125 126 127 128 129 131 132 133 134 135 18377292411231891071
4 1 9 56 40 52 54 57 63 64 65 66 67 68 70 72 75 77 78 79 83 84 85 86 87 89 90 92 93 95 97 100 101 102 105 106 108 109 112 113 114 115 116 117 118 119 121 122 123 124 125 126 127 128 129 131 132 133 134 135 18377292411231891071
14 1 33 56 40 52 54 57 63 64 65 66 67 68 70 72 75 77 78 79 83 84 85 86 87 89 90 92 93 95 97 100 101 102 105 106 108 109 112 113 114 115 116 117 118 119 121 122 123 124 125 126 127 128 129 131 132 133 134 135 18377292411231891071
4 1 9 56 40 52 54 57 63 64 65 66 67 68 70 72 75 77 78 79 83 84 85 86 87 89 90 92 93 95 97 100 101 102 105 106 108 109 112 113 114 115 116 117 118 119 121 122 123 124 125 126 127 128 129 131 132 133 134 135 18377292411231891071
1 4 2 136 57 133 57 40 52 54 57 63 64 65 66 67 68 70 72 75 77 78 79 83 84 85 86 87 89 90 92 93 95 97 100 101 102 105 106 108 109 112 113 114 115 116 117 118 119 121 122 123 124 125 126 127 128 129 131 132 133 134 135 136 13676161175543195123
8 1 89 57 40 52 54 57 63 64 65 66 67 68 70 72 75 77 78 79 83 84 85 86 87 89 90 92 93 95 97 100 101 102 105 106 108 109 112 113 114 115 116 117 118 119 121 122 123 124 125 126 127 128 129 131 132 133 134 135 136 13676161175543195123
8 1 131 57 40 52 54 57 63 64 65 66 67 68 70 72 75 77 78 79 83 84 85 86 87 89 90 92 93 95 97 100 101 102 105 106 108 109 112 113 114 115 116 117 118 119 121 122 123 124 125 126 127 128 129 131 132 133 134 135 136 13676161175543195123
9 1 0 57 40 52 54 57 63 64 65 66 67 68 70 72 75 77 78 79 83 84 85 86 87 89 90 92 93 95 97 100 101 102 105 106 108 109 112 113 114 115 116 117 118 119 121 122 123 124 125 126 127 128 129 131 132 133 134 135 136 13676161175543195123
1 11 2 137 33 75 67 136 114 67 114 64 93 58 40 52 54 57 63 64 65 66 67 68 70 72 75 77 78 79 83 84 85 86 87 89 90 92 93 95 97 100 101 102 105 106 108 109 112 113 114 115 116 117 118 119 121 122 123 124 125 126 127 128 129 131 132 133 134 135 136 137 15937558198671037201
8 1 97 58 40 52 54 57 63 64 65 66 67 68 70 72 75 77 78 79 83 84 85 86 87 89 90 92 93 95 97 100 101 102 105 106 108 109 112 113 114 115 116 117 118 119 121 122 123 124 125 126 127 128 129 131 132 133 134 135 136 137 15937558198671037201
4 1 2 58 40 52 54 57 63 64 65 66 67 68 70 72 75 77 78 79 83 84 85 86 87 89 90 92 93 95 97 100 101 102 105 106 108 109 112 113 114 115 116 117 118 119 121 122 123 124 125 126 127 128 129 131 132 133 134 135 136 137 15937558198671037201
3 1 50 57 40 52 54 57 63 64 65 66 67 68 70 72 75 77 78 79 83 84 85 86 87 89 90 92 93 95 97 100 101 102 105 106 108 109 112 113 114 115 116 117 118 119 121 122 123 124 125 126 127 128 129 131 133 134 135 136 137 4902997839851871752
11 0 57 40 52 54 57 63 64 65 66 67 68 70 72 75 77 78 79 83 84 85 86 87 89 90 92 93 95 97 100 101 102 105 106 108 109 112 113 114 115 116 117 118 119 121 122 123 124 125 126 127 128 129 131 133 134 135 136 137 4902997839851871752
14 1 33 57 40 52 54 57 63 64 65 66 67 68 70 72 75 77 78 79 83 84 85 86 87 89 90 92 93 95 97 100 101 102 105 106 108 109 112 113 114 115 116 117 118 119 121 122 123 124 125 126 127 128 129 131 133 134 135 136 137 4902997839851871752
1 6 3 138 41 131 128 79 58 40 52 54 57 63 64 65 66 67 68 70 72 75 77 78 79 83 84 85 86 87 89 90 92 93 95 97 100 101 102 105 106 108 109 112 113 114 115 116 117 118 119 121 122 123 124 125 126 127 128 129 131 133 134 135 136 137 138 6335932561193567520
9 1 17 58 40 52 54 57 63 64 65 66 67 68 70 72 75 77 78 79 83 84 85 86 87 89 90 92 93 95 97 100 101 102 105 106 108 109 112 113 114 115 116 117 118 119 121 122 123 124 125 126 127 128 129 131 133 134 135 136 137 138 6335932561193567520
5 2 1 57 58 40 52 54 57 63 64 65 66 67 68 70 72 75 77 78 79 83 84 85 86 87 89 90 92 93 95 97 100 101 102 105 106 108 109 112 113 114 115 116 117 118 119 121 122 123 124 125 126 127 128 129 131 133 134 135 136 137 138 6335932561193567520
12 3 100 1 83 58 40 52 54 57 63 64 65 66 67 68 70 72 75 77 78 79 83 84 85 86 87 89 90 92 93 95 97 100 101 102 105 106 108 109 112 113 114 115 116 117 118 119 121 122 123 124 125 126 127 128 129 131 133 134 135 136 137 138 13391954648492404688
1 3 1 139 29 59 40 52 54 57 63 64 65 66 67 68 70 72 75 77 78 79 83 84 85 86 87 89 90 92 93 95 97 100 101 102 105 106 108 109 112 113 114 115 116 117 118 119 121 122 123 124 125 126 127 128 129 131 133 134 135 136 137 138 139 10790459294022545293
9 1 57 59 40 52 54 57 63 64 65 66 67 68 70 72 75 77 78 79 83 84 85 86 87 89 90 92 93 95 97 100 101 102 105 106 108 109 112 113 114 115 116 117 118 119 121 122 123 124 125 126 127 128 129 131 133 134 135 136 137 138 139 10790459294022545293
6 2 4 14 59 40 52 54 57 63 64 65 66 67 68 70 72 75 77 78 79 83 84 85 86 87 89 90 92 93 95 97 100 101 102 105 106 108 109 112 113 114 115 116 117 118 119 121 122 123 124 125 126 127 128 129 131 133 134 135 136 137 138 139 10790459294022545293
1 3 1 140 26 60 40 52 54 57 63 64 65 66 67 68 70 72 75 77 78 79 83 84 85 86 87 89 90 92 93 95 97 100 101 102 105 106 108 109 112 113 114 115 116 117 118 119 121 122 123 124 125 126 127 128 129 131 133 134 135 136 137 138 139 140 2816515814389475640
12 3 135 4 54 60 40 52 54 57 63 64 65 66 67 68 70 72 75 77 78 79 83 84 85 86 87 89 90 92 93 95 97 100 101 102 105 106 108 109 112 113 114 115 116 117 118 119 121 122 123 124 125 126 127 128 129 131 133 134 135 136 137 138 139 140 2643244118926531110
1 4 3 141 34 112 61 40 52 54 57 63 64 65 66 67 68 70 72 75 77 78 79 83 84 85 86 87 89 90 92 93 95 97 100 101 102 105 106 108 109 112 113 114 115 116 117 118 119 121 122 123 124 125 126 127 128 129 131 133 134 135 136 137 138 139 140 141 3433104981351241887
3 1 26 60 40 52 54 57 63 64 65 66 67 68 70 72 75 77 78 79 83 84 85 86 87 89 90 92 93 95 97 100 101 102 105 106 108 109 112 113 114 115 116 117 118 119 121 122 123 124 125 126 127 128 129 131 133 134 135 136 137 138 139 141 9694285708263330970
8 1 67 60 40 52 54 57 63 64 65 66 67 68 70 72 75 77 78 79 83 84 85 86 87 89 90 92 93 95 97 100 101 102 105 106 108 109 112 113 114 115 116 117 118 119 121 122 123 124 125 126 127 128 129 131 133 134 135 136 137 138 139 141 9694285708263330970
14 1 8 60 40 52 54 57 63 64 65 66 67 68 70 72 75 77 78 79 83 84 85 86 87 89 90 92 93 95 97 100 101 102 105 106 108 109 112 113 114 115 116 117 118 119 121 122 123 124 125 126 127 128 129 131 133 134 135 136 137 138 139 141 9694285708263330970
4 1 16 60 40 52 54 57 63 64 65 66 67 68 70 72 75 77 78 79 83 84 85 86 87 89 90 92 93 95 97 100 101 102 105 106 108 109 112 113 114 115 116 117 118 119 121 122 123 124 125 126 127 128 129 131 133 134 135 136 137 138 139 141 9694285708263330970
14 1 0 60 40 52 54 57 63 64 65 66 67 68 70 72 75 77 78 79 83 84 85 86 87 89 90 92 93 95 97 100 101 102 105 106 108 109 112 113 114 115 116 117 118 119 121 122 123 124 125 126 127 128 129 131 133 134 135 136 137 138 139 141 9694285708263330970
3 1 34 59 40 52 54 57 63 64 65 66 67 68 70 72 75 77 78 79 83 84 85 86 87 89 90 92 93 95 97 100 101 102 105 106 108 109 112 113 114 115 116 117 118 119 121 122 123 124 125 126 127 128 129 131 133 134 135 136 137 138 139 2103232239591407027
1 3 3 142 60 60 40 52 54 57 63 64 65 66 67 68 70 72 75 77 78 79 83 84 85 86 87 89 90 92 93 95 97 100 101 102 105 106 108 109 112 113 114 115 116 117 118 119 121 122 123 124 125 126 127 128 129 131 133 134 135 136 137 138 139 142 16110417702286083140
13 2 134 97 60 40 52 54 57 63 64 65 66 67 68 70 72 75 77 78 79 83 84 85 86 87 89 90 92 93 95 97 100 101 102 105 106 108 109 112 113 114 115 116 117 118 119 121 122 123 124 125 126 127 128 129 131 133 134 135 136 137 138 139 142 11356123539715861226
1 3 1 143 22 61 40 52 54 57 63 64 65 66 67 68 70 72 75 77 78 79 83 84 85 86 87 89 90 92 93 95 97 100 101 102 105 106 108 109 112 113 114 115 116 117 118 119 121 122 123 124 125 126 127 128 129 131 133 134 135 136 137 138 139 142 143 11212332131867909059
1 5 3 144 14 114 106 62 40 52 54 57 63 64 65 66 67 68 70 72 75 77 78 79 83 84 85 86 87 89 90 92 93 95 97 100 101 102 105 106 108 109 112 113 114 115 116 117 118 119 121 122 123 124 125 126 127 128 129 131 133 134 135 136 137 138 139 142 143 144 848573004695129672
3 1 33 61 40 52 54 57 63 64 65 66 67 68 70 72 75 77 78 79 83 84 85 86 87 89 90 92 93 95 97 100 101 102 105 106 108 109 112 113 114 115 116 117 118 119 121 122 123 124 125 126 127 128 129 131 133 134 135 136 138 139 142 143 144 12621105789717481050
1 3 1 145 38 62 40 52 54 57 63 64 65 66 67 68 70 72 75 77 78 79 83 84 85 86 87 89 90 92 93 95 97 100 101 102 105 106 108 109 112 113 114 115 116 117 118 119 121 122 123 124 125 126 127 128 129 131 133 134 135 136 138 139 142 143 144 145 10048941819409291203
8 1 89 62 40 52 54 57 63 64 65 66 67 68 70 72 75 77 78 79 83 84 85 86 87 89 90 92 93 95 97 100 101 102 105 106 108 109 112 113 114 115 116 117 118 119 121 122 123 124 125 126 127 128 129 131 133 134 135 136 138 139 142 143 144 145 10048941819409291203
6 2 11 14 62 40 52 54 57 63 64 65 66 67 68 70 72 75 77 78 79 83 84 85 86 87 89 90 92 93 95 97 100 101 102 105 106 108 109 112 113 114 115 116 117 118 119 121 122 123 124 125 126 127 128 129 131 133 134 135 136 138 139 142 143 144 145 10048941819409291203
7 2 11 0 62 40 52 54 57 63 64 65 66 67 68 70 72 75 77 78 79 83 84 85 86 87 89 90 92 93 95 97 100 101 102 105 106 108 109 112 113 114 115 116 117 118 119 121 122 123 124 125 126 127 128 129 131 133 134 135 136 138 139 142 143 144 145 10048941819409291203
8 1 54 62 40 52 54 57 63 64 65 66 67 68 70 72 75 77 78 79 83 84 85 86 87 89 90 92 93 95 97 100 101 102 105 106 108 109 112 113 114 115 116 117 118 119 121 122 123 124 125 126 127 128 129 131 133 134 135 136 138 139 142 143 144 145 10048941819409291203
1 3 2 146 1 63 40 52 54 57 63 64 65 66 67 68 70 72 75 77 78 79 83 84 85 86 87 89 90 92 93 95 97 100 101 102 105 106 108 109 112 113 114 115 116 117 118 119 121 122 123 124 125 126 127 128 129 131 133 134 135 136 138 139 142 143 144 145 146 5716572442027007791
2 2 127 14 63 40 52 54 57 63 64 65 66 67 68 70 72 75 77 78 79 83 84 85 86 87 89 90 92 93 95 97 100 101 102 105 106 108 109 112 113 114 115 116 117 118 119 121 122 123 124 125 126 127 128 129 131 133 134 135 136 138 139 142 143 144 145 146 5716572442027007791
9 1 58 63 40 52 54 57 63 64 65 66 67 68 70 72 75 77 78 79 83 84 85 86 87 89 90 92 93 95 97 100 101 102 105 106 108 109 112 113 114 115 116 117 118 119 121 122 123 124 125 126 127 128 129 131 133 134 135 136 138 139 142 143 144 145 146 5716572442027007791
1 3 1 147 59 64 40 52 54 57 63 64 65 66 67 68 70 72 75 77 78 79 83 84 85 86 87 89 90 92 93 95 97 100 101 102 105 106 108 109 112 113 114 115 116 117 118 119 121 122 123 124 125 126 127 128 129 131 133 134 135 136 138 139 142 143 144 145 146 147 15685713136806019866
1 3 1 148 53 65 40 52 54 57 63 64 65 66 67 68 70 72 75 77 78 79 83 84 85 86 87 89 90 92 93 95 97 100 101 102 105 106 108 109 112 113 114 115 116 117 118 119 121 122 123 124 125 126 127 128 129 131 133 134 135 136 138 139 142 143 144 145 146 147 148 14286528192876486671
3 1 9 65 40 52 54 57 63 64 65 66 67 68 70 72 75 77 78 79 83 84 85 86 87 89 90 92 93 95 97 100 101 102 105 106 108 109 112 113 114 115 116 117 118 119 121 122 123 124 125 126 127 128 129 131 133 134 135 136 138 139 142 143 144 145 146 147 148 14286528192876486671
8 1 148 65 40 52 54 57 63 64 65 66 67 68 70 72 75 77 78 79 83 84 85 86 87 89 90 92 93 95 97 100 101 102 105 106 108 109 112 113 114 115 116 117 118 119 121 122 123 124 125 126 127 128 129 131 133 134 135 136 138 139 142 143 144 145 146 147 148 14286528192876486671
11 0 65 40 52 54 57 63 64 65 66 67 68 70 72 75 77 78 79 83 84 85 86 87 89 90 92 93 95 97 100 101 102 105 106 108 109 112 113 114 115 116 117 118 119 121 122 123 124 125 126 127 128 129 131 133 134 135 136 138 139 142 143 144 145 146 147 148 14286528192876486671
3 1 27 64 40 52 54 57 63 64 65 66 67 68 70 72 75 77 78 79 83 84 85 86 87 89 90 92 93 95 97 100 101 102 105 106 108 109 112 113 114 115 116 117 118 119 121 122 123 124 125 126 127 128 131 133 134 135 136 138 139 142 143 144 145 146 147 148 7125750370007111877
6 2 1 8 64 40 52 54 57 63 64 65 66 67 68 70 72 75 77 78 79 83 84 85 86 87 89 90 92 93 95 97 100 101 102 105 106 108 109 112 113 114 115 116 117 118 119 121 122 123 124 125 126 127 128 131 133 134 135 136 138 139 142 143 144 145 146 147 148 7125750370007111877
5 2 2 92 64 40 52 54 57 63 64 65 66 67 68 70 72 75 77 78 79 83 84 85 86 87 89 90 92 93 95 97 100 101 102 105 106 108 109 112 113 114 115 116 117 118 119 121 122 123 124 125 126 127 128 131 133 134 135 136 138 139 142 143 144 145 146 147 148 7125750370007111877
7 2 4 32 64 40 52 54 57 63 64 65 66 67 68 70 72 75 77 78 79 83 84 85 86 87 89 90 92 93 95 97 100 101 102 105 106 108 109 112 113 114 115 116 117 118 119 121 122 123 124 125 126 127 128 131 133 134 135 136 138 139 142 143 144 145 146 147 148 7125750370007111877
5 2 6 144 64 40 52 54 57 63 64 65 66 67 68 70 72 75 77 78 79 83 84 85 86 87 89 90 92 93 95 97 100 101 102 105 106 108 109 112 113 114 115 116 117 118 119 121 122 123 124 125 126 127 128 131 133 134 135 136 138 139 142 143 144 145 146 147 148 7125750370007111877
4 1 0 64 40 52 54 57 63 64 65 66 67 68 70 72 75 77 78 79 83 84 85 86 87 89 90 92 93 95 97 100 101 102 105 106 108 109 112 113 114 115 116 117 118 119 121 122 123 124 125 126 127 128 131 133 134 135 136 138 139 142 143 144 145 146 147 148 7125750370007111877
8 1 54 64 40 52 54 57 63 64 65 66 67 68 70 72 75 77 78 79 83 84 85 86 87 89 90 92 93 95 97 100 101 102 105 106 108 109 112 113 114 115 116 117 118 119 121 122 123 124 125 126 127 128 131 133 134 135 136 138 139 142 143 144 145 146 147 148 7125750370007111877
1 12 3 149 55 121 121 67 134 92 147 148 145 139 65 40 52 54 57 63 64 65 66 67 68 70 72 75 77 78 79 83 84 85 86 87 89 90 92 93 95 97 100 101 102 105 106 108 109 112 113 114 115 116 117 118 119 121 122 123 124 125 126 127 128 131 133 134 135 136 138 139 142 143 144 145 146 147 148 149 15324897899768193382
1 10 2 150 50 128 108 106 116 40 63 142 66 40 52 54 57 63 64 65 66 67 68 70 72 75 77 78 79 83 84 85 86 87 89 90 92 93 95 97 100 101 102 105 106 108 109 112 113 114 115 116 117 118 119 121 122 123 124 125 126 127 128 131 133 134 135 136 138 139 142 143 144 145 146 147 148 149 150 14919798708940412930
11 0 66 40 52 54 57 63 64 65 66 67 68 70 72 75 77 78 79 83 84 85 86 87 89 90 92 93 95 97 100 101 102 105 106 108 109 112 113 114 115 116 117 118 119 121 122 123 124 125 126 127 128 131 133 134 135 136 138 139 142 143 144 145 146 147 148 149 150 14919798708940412930
2 2 150 48 66 40 52 54 57 63 64 65 66 67 68 70 72 75 77 78 79 83 84 85 86 87 89 90 92 93 95 97 100 101 102 105 106 108 109 112 113 114 115 116 117 118 119 121 122 123 124 125 126 127 128 131 133 134 135 136 138 139 142 143 144 145 146 147 148 149 150 14919798708940412930
1 19 3 151 9 119 84 127 136 64 77 123 40 106 64 116 126 40 118 121 116 67 40 52 54 57 63 64 65 66 67 68 70 72 75 77 78 79 83 84 85 86 87 89 90 92 93 95 97 100 101 102 105 106 108 109 112 113 114 115 116 117 118 119 121 122 123 124 125 126 127 128 131 133 134 135 136 138 139 142 143 144 145 146 147 148 149 150 151 14039652169941376079
1 4 3 152 17 119 68 40 52 54 57 63 64 65 66 67 68 70 72 75 77 78 79 83 84 85 86 87 89 90 92 93 95 97 100 101 102 105 106 108 109 112 113 114 115 116 117 118 119 121 122 123 124 125 126 127 128 131 133 134 135 136 138 139 142 143 144 145 146 147 148 149 150 151 152 9300852539652908490
7 2 6 8 68 40 52 54 57 63 64 65 66 67 68 70 72 75 77 78 79 83 84 85 86 87 89 90 92 93 95 97 100 101 102 105 106 108 109 112 113 114 115 116 117 118 119 121 122 123 124 125 126 127 128 131 133 134 135 136 138 139 142 143 144 145 146 147 148 149 150 151 152 9300852539652908490
1 10 3 153 21 133 121 101 54 90 148 124 69 40 52 54 57 63 64 65 66 67 68 70 72 75 77 78 79 83 84 85 86 87 89 90 92 93 95 97 100 101 102 105 106 108 109 112 113 114 115 116 117 118 119 121 122 123 124 125 126 127 128 131 133 134 135 136 138 139 142 143 144 145 146 147 148 149 150 151 152 153 1482544681529422548
3 1 48 69 40 52 54 57 63 64 65 66 67 68 70 72 75 77 78 79 83 84 85 86 87 89 90 92 93 95 97 100 101 102 105 106 108 109 112 113 114 115 116 117 118 119 121 122 123 124 125 126 127 128 131 133 134 135 136 138 139 142 143 144 145 146 147 148 149 150 151 152 153 1482544681529422548
10 0 69 40 52 54 57 63 64 65 66 67 68 70 72 75 77 78 79 83 84 85 86 87 89 90 92 93 95 97 100 101 102 105 106 108 109 112 113 114 115 116 117 118 119 121 122 123 124 125 126 127 128 131 133 134 135 136 138 139 142 143 144 145 146 147 148 149 150 151 152 153 1482544681529422548
8 1 144 69 40 52 54 57 63 64 65 66 67 68 70 72 75 77 78 79 83 84 85 86 87 89 90 92 93 95 97 100 101 102 105 106 108 109 112 113 114 115 116 117 118 119 121 122 123 124 125 126 127 128 131 133 134 135 136 138 139 142 143 144 145 146 147 148 149 150 151 152 153 1482544681529422548
1 3 1 154 28 70 40 52 54 57 63 64 65 66 67 68 70 72 75 77 78 79 83 84 85 86 87 89 90 92 93 95 97 100 101 102 105 106 108 109 112 113 114 115 116 117 118 119 121 122 123 124 125 126 127 128 131 133 134 135 136 138 139 142 143 144 145 146 147 148 149 150 151 152 153 154 1475459282946885473
2 2 64 42 70 40 52 54 57 63 64 65 66 67 68 70 72 75 77 78 79 83 84 85 86 87 89 90 92 93 95 97 100 101 102 105 106 108 109 112 113 114 115 116 117 118 119 121 122 123 124 125 126 127 128 131 133 134 135 136 138 139 142 143 144 145 146 147 148 149 150 151 152 153 154 1475459282946885473
2 2 101 19 70 40 52 54 57 63 64 65 66 67 68 70 72 75 77 78 79 83 84 85 86 87 89 90 92 93 95 97 100 101 102 105 106 108 109 112 113 114 115 116 117 118 119 121 122 123 124 125 126 127 128 131 133 134 135 136 138 139 142 143 144 145 146 147 148 149 150 151 152 153 154 1475459282946885473
12 3 127 1 126 70 40 52 54 57 63 64 65 66 67 68 70 72 75 77 78 79 83 84 85 86 87 89 90 92 93 95 97 100 101 102 105 106 108 109 112 113 114 115 116 117 118 119 121 122 123 124 125 126 127 128 131 133 134 135 136 138 139 142 143 144 145 146 147 148 149 150 151 152 153 154 9278276872716819112
5 2 2 115 70 40 52 54 57 63 64 65 66 67 68 70 72 75 77 78 79 83 84 85 86 87 89 90 92 93 95 97 100 101 102 105 106 108 109 112 113 114 115 116 117 118 119 121 122 123 124 125 126 127 128 131 133 134 135 136 138 139 142 143 144 145 146 147 148 149 150 151 152 153 154 9278276872716819112
12 3 125 1 0 70 40 52 54 57 63 64 65 66 67 68 70 72 75 77 78 79 83 84 85 86 87 89 90 92 93 95 97 100 101 102 105 106 108 109 112 113 114 115 116 117 118 119 121 122 123 124 125 126 127 128 131 133 134 135 136 138 139 142 143 144 145 146 147 148 149 150 151 152 153 154 14641712347990709347
8 1 148 70 40 52 54 57 63 64 65 66 67 68 70 72 75 77 78 79 83 84 85 86 87 89 90 92 93 95 97 100 101 102 105 106 108 109 112 113 114 115 116 117 118 119 121 122 123 124 125 126 127 128 131 133 134 135 136 138 139 142 143 144 145 146 147 148 149 150 151 152 153 154 14641712347990709347
1 5 3 155 33 54 125 71 40 52 54 57 63 64 65 66 67 68 70 72 75 77 78 79 83 84 85 86 87 89 90 92 93 95 97 100 101 102 105 106 108 109 112 113 114 115 116 117 118 119 121 122 123 124 125 126 127 128 131 133 134 135 136 138 139 142 143 144 145 146 147 148 149 150 151 152 153 154 155 17427265711528726992
9 1 35 71 40 52 54 57 63 64 65 66 67 68 70 72 75 77 78 79 83 84 85 86 87 89 90 92 93 95 97 100 101 102 105 106 108 109 112 113 114 115 116 117 118 119 121 122 123 124 125 126 127 128 131 133 134 135 136 138 139 142 143 144 145 146 147 148 149 150 151 152 153 154 155 17427265711528726992
8 1 147 71 40 52 54 57 63 64 65 66 67 68 70 72 75 77 78 79 83 84 85 86 87 89 90 92 93 95 97 100 101 102 105 106 108 109 112 113 114 115 116 117 118 119 121 122 123 124 125 126 127 128 131 133 134 135 136 138 139 142 143 144 145 146 147 148 149 150 151 152 153 154 155 17427265711528726992
3 1 9 69 40 52 54 57 63 64 65 66 67 68 70 72 75 77 78 79 83 84 85 86 87 89 90 92 93 95 97 100 101 102 105 106 108 109 112 113 114 115 116 117 118 119 121 122 123 124 125 126 127 128 131 133 134 135 138 139 142 143 144 145 146 147 148 149 150 152 153 154 155 15616176736583484901
5 2 4 112 69 40 52 54 57 63 64 65 66 67 68 70 72 75 77 78 79 83 84 85 86 87 89 90 92 93 95 97 100 101 102 105 106 108 109 112 113 114 115 116 117 118 119 121 122 123 124 125 126 127 128 131 133 134 135 138 139 142 143 144 145 146 147 148 149 150 152 153 154 155 15616176736583484901
10 0 69 40 52 54 57 63 64 65 66 67 68 70 72 75 77 78 79 83 84 85 86 87 89 90 92 93 95 97 100 101 102 105 106 108 109 112 113 114 115 116 117 118 119 121 122 123 124 125 126 127 128 131 133 134 135 138 139 142 143 144 145 146 147 148 149 150 152 153 154 155 15616176736583484901
14 1 18446744073709551615 69 40 52 54 57 63 64 65 66 67 68 70 72 75 77 78 79 83 84 85 86 87 89 90 92 93 95 97 100 101 102 105 106 108 109 112 113 114 115 116 117 118 119 121 122 123 124 125 126 127 128 131 133 134 135 138 139 142 143 144 145 146 147 148 149 150 152 153 154 155 15616176736583484901
3 1 6 69 40 52 54 57 63 64 65 66 67 68 70 72 75 77 78 79 83 84 85 86 87 89 90 92 93 95 97 100 101 102 105 106 108 109 112 113 114 115 116 117 118 119 121 122 123 124 125 126 127 128 131 133 134 135 138 139 142 143 144 145 146 147 148 149 150 152 153 154 155 15616176736583484901
6 2 7 14 69 40 52 54 57 63 64 65 66 67 68 70 72 75 77 78 79 83 84 85 86 87 89 90 92 93 95 97 100 101 102 105 106 108 109 112 113 114 115 116 117 118 119 121 122 123 124 125 126 127 128 131 133 134 135 138 139 142 143 144 145 146 147 148 149 150 152 153 154 155 15616176736583484901
8 1 101 69 40 52 54 57 63 64 65 66 67 68 70 72 75 77 78 79 83 84 85 86 87 89 90 92 93 95 97 100 101 102 105 106 108 109 112 113 114 115 116 117 118 119 121 122 123 124 125 126 127 128 131 133 134 135 138 139 142 143 144 145 146 147 148 149 150 152 153 154 155 15616176736583484901
5 2 4 138 69 40 52 54 57 63 64 65 66 67 68 70 72 75 77 78 79 83 84 85 86 87 89 90 92 93 95 97 100 101 102 105 106 108 109 112 113 114 115 116 117 118 119 121 122 123 124 125 126 127 128 131 133 134 135 138 139 142 143 144 145 146 147 148 149 150 152 153 154 155 15616176736583484901
4 1 1 69 40 52 54 57 63 64 65 66 67 68 70 72 75 77 78 79 83 84 85 86 87 89 90 92 93 95 97 100 101 102 105 106 108 109 112 113 114 115 116 117 118 119 121 122 123 124 125 126 127 128 131 133 134 135 138 139 142 143 144 145 146 147 148 149 150 152 153 154 155 15616176736583484901
14 1 0 69 40 52 54 57 63 64 65 66 67 68 70 72 75 77 78 79 83 84 85 86 87 89 90 92 93 95 97 100 101 102 105 106 108 109 112 113 114 115 116 117 118 119 121 122 123 124 125 126 127 128 131 133 134 135 138 139 142 143 144 145 146 147 148 149 150 152 153 154 155 15616176736583484901
6 2 0 17 69 40 52 54 57 63 64 65 66 67 68 70 72 75 77 78 79 83 84 85 86 87 89 90 92 93 95 97 100 101 102 105 106 108 109 112 113 114 115 116 117 118 119 121 122 123 124 125 126 127 128 131 133 134 135 138 139 142 143 144 145 146 147 148 149 150 152 153 154 155 15616176736583484901
3 1 3 69 40 52 54 57 63 64 65 66 67 68 70 72 75 77 78 79 83 84 85 86 87 89 90 92 93 95 97 100 101 102 105 106 108 109 112 113 114 115 116 117 118 119 121 122 123 124 125 126 127 128 131 133 134 135 138 139 142 143 144 145 146 147 148 149 150 152 153 154 155 15616176736583484901
1 3 1 156 3 70 40 52 54 57 63 64 65 66 67 68 70 72 75 77 78 79 83 84 85 86 87 89 90 92 93 95 97 100 101 102 105 106 108 109 112 113 114 115 116 117 118 119 121 122 123 124 125 126 127 128 131 133 134 135 138 139 142 143 144 145 146 147 148 149 150 152 153 154 155 156 15069471791099912464
12 3 72 0 117 70 40 52 54 57 63 64 65 66 67 68 70 72 75 77 78 79 83 84 85 86 87 89 90 92 93 95 97 100 101 102 105 106 108 109 112 113 114 115 116 117 118 119 121 122 123 124 125 126 127 128 131 133 134 135 138 139 142 143 144 145 146 147 148 149 150 152 153 154 155 156 17147176631280432609
1 3 1 157 4 71 40 52 54 57 63 64 65 66 67 68 70 72 75 77 78 79 83 84 85 86 87 89 90 92 93 95 97 100 101 102 105 106 108 109 112 113 114 115 116 117 118 119 121 122 123 124 125 126 127 128 131 133 134 135 138 139 142 143 144 145 146 147 148 149 150 152 153 154 155 156 157 5727609494961211004
14 1 32 71 40 52 54 57 63 64 65 66 67 68 70 72 75 77 78 79 83 84 85 86 87 89 90 92 93 95 97 100 101 102 105 106 108 109 112 113 114 115 116 117 118 119 121 122 123 124 125 126 127 128 131 133 134 135 138 139 142 143 144 145 146 147 148 149 150 152 153 154 155 156 157 5727609494961211004
3 1 42 71 40 52 54 57 63 64 65 66 67 68 70 72 75 77 78 79 83 84 85 86 87 89 90 92 93 95 97 100 101 102 105 106 108 109 112 113 114 115 116 117 118 119 121 122 123 124 125 126 127 128 131 133 134 135 138 139 142 143 144 145 146 147 148 149 150 152 153 154 155 156 157 5727609494961211004
14 1 32 71 40 52 54 57 63 64 65 66 67 68 70 72 75 77 78 79 83 84 85 86 87 89 90 92 93 95 97 100 101 102 105 106 108 109 112 113 114 115 116 117 118 119 121 122 123 124 125 126 127 128 131 133 134 135 138 139 142 143 144 145 146 147 148 149 150 152 153 154 155 156 157 5727609494961211004
14 1 32 71 40 52 54 57 63 64 65 66 67 68 70 72 75 77 78 79 83 84 85 86 87 89 90 92 93 95 97 100 101 102 105 106 108 109 112 113 114 115 116 117 118 119 121 122 123 124 125 126 127 128 131 133 134 135 138 139 142 143 144 145 146 147 148 149 150 152 153 154 155 156 157 5727609494961211004
1 6 2 158 34 109 114 156 72 40 52 54 57 63 64 65 66 67 68 70 72 75 77 78 79 83 84 85 86 87 89 90 92 93 95 97 100 101 102 105 106 108 109 112 113 114 115 116 117 118 119 121 122 123 124 125 126 127 128 131 133 134 135 138 139 142 143 144 145 146 147 148 149 150 152 153 154 155 156 157 158 14517325523499687158
3 1 29 72 40 52 54 57 63 64 65 66 67 68 70 72 75 77 78 79 83 84 85 86 87 89 90 92 93 95 97 100 101 102 105 106 108 109 112 113 114 115 116 117 118 119 121 122 123 124 125 126 127 128 131 133 134 135 138 139 142 143 144 145 146 147 148 149 150 152 153 154 155 156 157 158 14517325523499687158
1 3 1 159 24 73 40 52 54 57 63 64 65 66 67 68 70 72 75 77 78 79 83 84 85 86 87 89 90 92 93 95 97 100 101 102 105 106 108 109 112 113 114 115 116 117 118 119 121 122 123 124 125 126 127 128 131 133 134 135 138 139 142 143 144 145 146 147 148 149 150 152 153 154 155 156 157 158 159 5473156221390886199
14 1 1 73 40 52 54 57 63 64 65 66 67 68 70 72 75 77 78 79 83 84 85 86 87 89 90 92 93 95 97 100 101 102 105 106 108 109 112 113 114 115 116 117 118 119 121 122 123 124 125 126 127 128 131 133 134 135 138 139 142 143 144 145 146 147 148 149 150 152 153 154 155 156 157 158 159 5473156221390886199
5 2 0 57 72 40 52 54 57 63 64 65 66 67 68 70 72 75 77 78 79 83 84 85 86 87 89 90 92 93 95 97 100 101 102 105 106 108 109 112 113 114 115 116 117 118 119 121 122 123 124 125 126 127 128 131 133 134 135 138 139 142 143 144 145 146 147 148 149 150 153 154 155 156 157 158 159 9218346364412141646
3 1 39 72 40 52 54 57 63 64 65 66 67 68 70 72 75 77 78 79 83 84 85 86 87 89 90 92 93 95 97 100 101 102 105 106 108 109 112 113 114 115 116 117 118 119 121 122 123 124 125 126 127 128 131 133 134 135 138 139 142 143 144 145 146 147 148 149 150 153 154 155 156 157 158 159 9218346364412141646
8 1 79 72 40 52 54 57 63 64 65 66 67 68 70 72 75 77 78 79 83 84 85 86 87 89 90 92 93 95 97 100 101 102 105 106 108 109 112 113 114 115 116 117 118 119 121 122 123 124 125 126 127 128 131 133 134 135 138 139 142 143 144 145 146 147 148 149 150 153 154 155 156 157 158 159 9218346364412141646
14 1 32 72 40 52 54 57 63 64 65 66 67 68 70 72 75 77 78 79 83 84 85 86 87 89 90 92 93 95 97 100 101 102 105 106 108 109 112 113 114 115 116 117 118 119 121 122 123 124 125 126 127 128 131 133 134 135 138 139 142 143 144 145 146 147 148 149 150 153 154 155 156 157 158 159 9218346364412141646
1 4 3 160 14 90 73 40 52 54 57 63 64 65 66 67 68 70 72 75 77 78 79 83 84 85 86 87 89 90 92 93 95 97 100 101 102 105 106 108 109 112 113 114 115 116 117 118 119 121 122 123 124 125 126 127 128 131 133 134 135 138 139 142 143 144 145 146 147 148 149 150 153 154 155 156 157 158 159 160 6384205173789642124
2 2 90 20 73 40 52 54 57 63 64 65 66 67 68 70 72 75 77 78 79 83 84 85 86 87 89 90 92 93 95 97 100 101 102 105 106 108 109 112 113 114 115 116 117 118 119 121 122 123 124 125 126 127 128 131 133 134 135 138 139 142 143 144 145 146 147 148 149 150 153 154 155 156 157 158 159 160 6384205173789642124
1 3 1 161 57 74 40 52 54 57 63 64 65 66 67 68 70 72 75 77 78 79 83 84 85 86 87 89 90 92 93 95 97 100 101 102 105 106 108 109 112 113 114 115 116 117 118 119 121 122 123 124 125 126 127 128 131 133 134 135 138 139 142 143 144 145 146 147 148 149 150 153 154 155 156 157 158 159 160 161 6256284774401996097
3 1 15 74 40 52 54 57 63 64 65 66 67 68 70 72 75 77 78 79 83 84 85 86 87 89 90 92 93 95 97 100 101 102 105 106 108 109 112 113 114 115 116 117 118 119 121 122 123 124 125 126 127 128 131 133 134 135 138 139 142 143 144 145 146 147 148 149 150 153 154 155 156 157 158 159 160 161 6256284774401996097
1 5 2 162 47 101 63 75 40 52 54 57 63 64 65 66 67 68 70 72 75 77 78 79 83 84 85 86 87 89 90 92 93 95 97 100 101 102 105 106 108 109 112 113 114 115 116 117 118 119 121 122 123 124 125 126 127 128 131 133 134 135 138 139 142 143 144 145 146 147 148 149 150 153 154 155 156 157 158 159 160 161 162 13004347129508227091
3 1 43 75 40 52 54 57 63 64 65 66 67 68 70 72 75 77 78 79 83 84 85 86 87 89 90 92 93 95 97 100 101 102 105 106 108 109 112 113 114 115 116 117 118 119 121 122 123 124 125 126 127 128 131 133 134 135 138 139 142 143 144 145 146 147 148 149 150 153 154 155 156 157 158 159 160 161 162 13004347129508227091
14 1 32 75 40 52 54 57 63 64 65 66 67 68 70 72 75 77 78 79 83 84 85 86 87 89 90 92 93 95 97 100 101 102 105 106 108 109 112 113 114 115 116 117 118 119 121 122 123 124 125 126 127 128 131 133 134 135 138 139 142 143 144 145 146 147 148 149 150 153 154 155 156 157 158 159 160 161 162 13004347129508227091
1 6 2 163 7 101 90 78 76 40 52 54 57 63 64 65 66 67 68 70 72 75 77 78 79 83 84 85 86 87 89 90 92 93 95 97 100 101 102 105 106 108 109 112 113 114 115 116 117 118 119 121 122 123 124 125 126 127 128 131 133 134 135 138 139 142 143 144 145 146 147 148 149 150 153 154 155 156 157 158 159 160 161 162 163 15759308184379837573
1 3 1 164 48 77 40 52 54 57 63 64 65 66 67 68 70 72 75 77 78 79 83 84 85 86 87 89 90 92 93 95 97 100 101 102 105 106 108 109 112 113 114 115 116 117 118 119 121 122 123 124 125 126 127 128 131 133 134 135 138 139 142 143 144 145 146 147 148 149 150 153 154 155 156 157 158 159 160 161 162 163 164 18130886376305888416
13 2 93 70 77 40 52 54 57 63 64 65 66 67 68 70 72 75 77 78 79 83 84 85 86 87 89 90 92 93 95 97 100 101 102 105 106 108 109 112 113 114 115 116 117 118 119 121 122 123 124 125 126 127 128 131 133 134 135 138 139 142 143 144 145 146 147 148 149 150 153 154 155 156 157 158 159 160 161 162 163 164 12537321819795393501
13 2 112 114 77 40 52 54 57 63 64 65 66 67 68 70 72 75 77 78 79 83 84 85 86 87 89 90 92 93 95 97 100 101 102 105 106 108 109 112 113 114 115 116 117 118 119 121 122 123 124 125 126 127 128 131 133 134 135 138 139 142 143 144 145 146 147 148 149 150 153 154 155 156 157 158 159 160 161 162 163 164 16290283413122674428
12 3 115 6 155 77 40 52 54 57 63 64 65 66 67 68 70 72 75 77 78 79 83 84 85 86 87 89 90 92 93 95 97 100 101 102 105 106 108 109 112 113 114 115 116 117 118 119 121 122 123 124 125 126 127 128 131 133 134 135 138 139 142 143 144 145 146 147 148 149 150 153 154 155 156 157 158 159 160 161 162 163 164 4298067706324017696
2 2 63 56 77 40 52 54 57 63 64 65 66 67 68 70 72 75 77 78 79 83 84 85 86 87 89 90 92 93 95 97 100 101 102 105 106 108 109 112 113 114 115 116 117 118 119 121 122 123 124 125 126 127 128 131 133 134 135 138 139 142 143 144 145 146 147 148 149 150 153 154 155 156 157 158 159 160 161 162 163 164 4298067706324017696
3 1 21 76 40 52 54 57 63 64 65 66 67 68 70 72 75 77 78 79 83 84 85 86 87 89 90 92 93 95 97 100 101 102 105 106 108 109 112 113 114 115 116 117 118 119 121 122 123 124 125 126 127 128 131 133 134 135 138 139 142 143 144 145 146 147 148 149 150 154 155 156 157 158 159 160 161 162 163 164 15297555898086816590
3 1 44 76 40 52 54 57 63 64 65 66 67 68 70 72 75 77 78 79 83 84 85 86 87 89 90 92 93 95 97 100 101 102 105 106 108 109 112 113 114 115 116 117 118 119 121 122 123 124 125 126 127 128 131 133 134 135 138 139 142 143 144 145 146 147 148 149 150 154 155 156 157 158 159 160 161 162 163 164 15297555898086816590
11 0 76 40 52 54 57 63 64 65 66 67 68 70 72 75 77 78 79 83 84 85 86 87 89 90 92 93 95 97 100 101 102 105 106 108 109 112 113 114 115 116 117 118 119 121 122 123 124 125 126 127 128 131 133 134 135 138 139 142 143 144 145 146 147 148 149 150 154 155 156 157 158 159 160 161 162 163 164 15297555898086816590
8 1 127 76 40 52 54 57 63 64 65 66 67 68 70 72 75 77 78 79 83 84 85 86 87 89 90 92 93 95 97 100 101 102 105 106 108 109 112 113 114 115 116 117 118 119 121 122 123 124 125 126 127 128 131 133 134 135 138 139 142 143 144 145 146 147 148 149 150 154 155 156 157 158 159 160 161 162 163 164 15297555898086816590
7 2 7 10 76 40 52 54 57 63 64 65 66 67 68 70 72 75 77 78 79 83 84 85 86 87 89 90 92 93 95 97 100 101 102 105 106 108 109 112 113 114 115 116 117 118 119 121 122 123 124 125 126 127 128 131 133 134 135 138 139 142 143 144 145 146 147 148 149 150 154 155 156 157 158 159 160 161 162 163 164 15297555898086816590
10 0 76 40 52 54 57 63 64 65 66 67 68 70 72 75 77 78 79 83 84 85 86 87 89 90 92 93 95 97 100 101 102 105 106 108 109 112 113 114 115 116 117 118 119 121 122 123 124 125 126 127 128 131 133 134 135 138 139 142 143 144 145 146 147 148 149 150 154 155 156 157 158 159 160 161 162 163 164 15297555898086816590
2 2 148 26 76 40 52 54 57 63 64 65 66 67 68 70 72 75 77 78 79 83 84 85 86 87 89 90 92 93 95 97 100 101 102 105 106 108 109 112 113 114 115 116 117 118 119 121 122 123 124 125 126 127 128 131 133 134 135 138 139 142 143 144 145 146 147 148 149 150 154 155 156 157 158 159 160 161 162 163 164 15297555898086816590
1 4 3 165 12 102 77 40 52 54 57 63 64 65 66 67 68 70 72 75 77 78 79 83 84 85 86 87 89 90 92 93 95 97 100 101 102 105 106 108 109 112 113 114 115 116 117 118 119 121 122 123 124 125 126 127 128 131 133 134 135 138 139 142 143 144 145 146 147 148 149 150 154 155 156 157 158 159 160 161 162 163 164 165 9001884186001108009
13 2 128 112 77 40 52 54 57 63 64 65 66 67 68 70 72 75 77 78 79 83 84 85 86 87 89 90 92 93 95 97 100 101 102 105 106 108 109 112 113 114 115 116 117 118 119 121 122 123 124 125 126 127 128 131 133 134 135 138 139 142 143 144 145 146 147 148 149 150 154 155 156 157 158 159 160 161 162 163 164 165 7180748922931127132
9 1 31 77 40 52 54 57 63 64 65 66 67 68 70 72 75 77 78 79 83 84 85 86 87 89 90 92 93 95 97 100 101 102 105 106 108 109 112 113 114 115 116 117 118 119 121 122 123 124 125 126 127 128 131 133 134 135 138 139 142 143 144 145 146 147 148 149 150 154 155 156 157 158 159 160 161 162 163 164 165 7180748922931127132
3 1 41 77 40 52 54 57 63 64 65 66 67 68 70 72 75 77 78 79 83 84 85 86 87 89 90 92 93 95 97 100 101 102 105 106 108 109 112 113 114 115 116 117 118 119 121 122 123 124 125 126 127 128 131 133 134 135 138 139 142 143 144 145 146 147 148 149 150 154 155 156 157 158 159 160 161 162 163 164 165 7180748922931127132
10 0 77 40 52 54 57 63 64 65 66 67 68 70 72 75 77 78 79 83 84 85 86 87 89 90 92 93 95 97 100 101 102 105 106 108 109 112 113 114 115 116 117 118 119 121 122 123 124 125 126 127 128 131 133 134 135 138 139 142 143 144 145 146 147 148 149 150 154 155 156 157 158 159 160 161 162 163 164 165 7180748922931127132
8 1 125 77 40 52 54 57 63 64 65 66 67 68 70 72 75 77 78 79 83 84 85 86 87 89 90 92 93 95 97 100 101 102 105 106 108 109 112 113 114 115 116 117 118 119 121 122 123 124 125 126 127 128 131 133 134 135 138 139 142 143 144 145 146 147 148 149 150 154 155 156 157 158 159 160 161 162 163 164 165 7180748922931127132
4 1 2 77 40 52 54 57 63 64 65 66 67 68 70 72 75 77 78 79 83 84 85 86 87 89 90 92 93 95 97 100 101 102 105 106 108 109 112 113 114 115 116 117 118 119 121 122 123 124 125 126 127 128 131 133 134 135 138 139 142 143 144 145 146 147 148 149 150 154 155 156 157 158 159 160 161 162 163 164 165 7180748922931127132
10 0 77 40 52 54 57 63 64 65 66 67 68 70 72 75 77 78 79 83 84 85 86 87 89 90 92 93 95 97 100 101 102 105 106 108 109 112 113 114 115 116 117 118 119 121 122 123 124 125 126 127 128 131 133 134 135 138 139 142 143 144 145 146 147 148 149 150 154 155 156 157 158 159 160 161 162 163 164 165 7180748922931127132
8 1 154 77 40 52 54 57 63 64 65 66 67 68 70 72 75 77 78 79 83 84 85 86 87 89 90 92 93 95 97 100 101 102 105 106 108 109 112 113 114 115 116 117 118 119 121 122 123 124 125 126 127 128 131 133 134 135 138 139 142 143 144 145 146 147 148 149 150 154 155 156 157 158 159 160 161 162 163 164 165 7180748922931127132
14 1 2 77 40 52 54 57 63 64 65 66 67 68 70 72 75 77 78 79 83 84 85 86 87 89 90 92 93 95 97 100 101 102 105 106 108 109 112 113 114 115 116 117 118 119 121 122 123 124 125 126 127 128 131 133 134 135 138 139 142 143 144 145 146 147 148 149 150 154 155 156 157 158 159 160 161 162 163 164 165 7180748922931127132
1 5 2 166 16 115 160 78 40 52 54 57 63 64 65 66 67 68 70 72 75 77 78 79 83 84 85 86 87 89 90 92 93 95 97 100 101 102 105 106 108 109 112 113 114 115 116 117 118 119 121 122 123 124 125 126 127 128 131 133 134 135 138 139 142 143 144 145 146 147 148 149 150 154 155 156 157 158 159 160 161 162 163 164 165 166 9586944457283577869
5 2 0 87 78 40 52 54 57 63 64 65 66 67 68 70 72 75 77 78 79 83 84 85 86 87 89 90 92 93 95 97 100 101 102 105 106 108 109 112 113 114 115 116 117 118 119 121 122 123 124 125 126 127 128 131 133 134 135 138 139 142 143 144 145 146 147 148 149 150 154 155 156 157 158 159 160 161 162 163 164 165 166 9586944457283577869
8 1 86 78 40 52 54 57 63 64 65 66 67 68 70 72 75 77 78 79 83 84 85 86 87 89 90 92 93 95 97 100 101 102 105 106 108 109 112 113 114 115 116 117 118 119 121 122 123 124 125 126 127 128 131 133 134 135 138 139 142 143 144 145 146 147 148 149 150 154 155 156 157 158 159 160 161 162 163 164 165 166 9586944457283577869
1 3 1 167 13 79 40 52 54 57 63 64 65 66 67 68 70 72 75 77 78 79 83 84 85 86 87 89 90 92 93 95 97 100 101 102 105 106 108 109 112 113 114 115 116 117 118 119 121 122 123 124 125 126 127 128 131 133 134 135 138 139 142 143 144 145 146 147 148 149 150 154 155 156 157 158 159 160 161 162 163 164 165 166 167 15719940914506752036
6 2 1 20 79 40 52 54 57 63 64 65 66 67 68 70 72 75 77 78 79 83 84 85 86 87 89 90 92 93 95 97 100 101 102 105 106 108 109 112 113 114 115 116 117 118 119 121 122 123 124 125 126 127 128 131 133 134 135 138 139 142 143 144 145 146 147 148 149 150 154 155 156 157 158 159 160 161 162 163 164 165 166 167 15719940914506752036
11 0 79 40 52 54 57 63 64 65 66 67 68 70 72 75 77 78 79 83 84 85 86 87 89 90 92 93 95 97 100 101 102 105 106 108 109 112 113 114 115 116 117 118 119 121 122 123 124 125 126 127 128 131 133 134 135 138 139 142 143 144 145 146 147 148 149 150 154 155 156 157 158 159 160 161 162 163 164 165 166 167 15719940914506752036
6 2 5 12 79 40 52 54 57 63 64 65 66 67 68 70 72 75 77 78 79 83 84 85 86 87 89 90 92 93 95 97 100 101 102 105 106 108 109 112 113 114 115 116 117 118 119 121 122 123 124 125 126 127 128 131 133 134 135 138 139 142 143 144 145 146 147 148 149 150 154 155 156 157 158 159 160 161 162 163 164 165 166 167 15719940914506752036
3 1 54 78 40 52 54 57 63 64 65 66 67 68 70 72 75 77 78 79 83 84 85 86 87 89 90 92 93 95 97 100 101 102 105 106 108 109 112 113 114 115 116 117 118 119 121 122 124 125 126 127 128 131 133 134 135 138 139 142 143 144 145 146 147 148 149 150 154 155 156 157 158 159 160 161 162 163 164 165 166 167 9005103185588892690
3 1 4 77 40 52 54 57 63 64 65 66 67 68 70 72 75 77 78 79 83 84 85 86 87 89 90 92 93 95 97 100 101 102 105 106 108 109 112 113 114 115 116 117 118 119 121 122 124 125 126 127 128 131 133 134 135 138 139 142 143 144 145 146 147 148 149 150 154 155 156 158 159 160 161 162 163 164 165 166 167 3707039165568885287
10 0 77 40 52 54 57 63 64 65 66 67 68 70 72 75 77 78 79 83 84 85 86 87 89 90 92 93 95 97 100 101 102 105 106 108 109 112 113 114 115 116 117 118 119 121 122 124 125 126 127 128 131 133 134 135 138 139 142 143 144 145 146 147 148 149 150 154 155 156 158 159 160 161 162 163 164 165 166 167 3707039165568885287
1 11 3 168 6 143 75 85 117 66 90 147 158 78 40 52 54 57 63 64 65 66 67 68 70 72 75 77 78 79 83 84 85 86 87 89 90 92 93 95 97 100 101 102 105 106 108 109 112 113 114 115 116 117 118 119 121 122 124 125 126 127 128 131 133 134 135 138 139 142 143 144 145 146 147 148 149 150 154 155 156 158 159 160 161 162 163 164 165 166 167 168 9082511938728045183
14 1 33 78 40 52 54 57 63 64 65 66 67 68 70 72 75 77 78 79 83 84 85 86 87 89 90 92 93 95 97 100 101 102 105 106 108 109 112 113 114 115 116 117 118 119 121 122 124 125 126 127 128 131 133 134 135 138 139 142 143 144 145 146 147 148 149 150 154 155 156 158 159 160 161 162 163 164 165 166 167 168 9082511938728045183
1 11 3 169 31 125 150 124 150 126 121 78 90 79 40 52 54 57 63 64 65 66 67 68 70 72 75 77 78 79 83 84 85 86 87 89 90 92 93 95 97 100 101 102 105 106 108 109 112 113 114 115 116 117 118 119 121 122 124 125 126 127 128 131 133 134 135 138 139 142 143 144 145 146 147 148 149 150 154 155 156 158 159 160 161 162 163 164 165 166 167 168 169 1902713576675076645
14 1 2 79 40 52 54 57 63 64 65 66 67 68 70 72 75 77 78 79 83 84 85 86 87 89 90 92 93 95 97 100 101 102 105 106 108 109 112 113 114 115 116 117 118 119 121 122 124 125 126 127 128 131 133 134 135 138 139 142 143 144 145 146 147 148 149 150 154 155 156 158 159 160 161 162 163 164 165 166 167 168 169 1902713576675076645
5 2 3 65 79 40 52 54 57 63 64 65 66 67 68 70 72 75 77 78 79 83 84 85 86 87 89 90 92 93 95 97 100 101 102 105 106 108 109 112 113 114 115 116 117 118 119 121 122 124 125 126 127 128 131 133 134 135 138 139 142 143 144 145 146 147 148 149 150 154 155 156 158 159 160 161 162 163 164 165 166 167 168 169 1902713576675076645
2 2 116 29 79 40 52 54 57 63 64 65 66 67 68 70 72 75 77 78 79 83 84 85 86 87 89 90 92 93 95 97 100 101 102 105 106 108 109 112 113 114 115 116 117 118 119 121 122 124 125 126 127 128 131 133 134 135 138 139 142 143 144 145 146 147 148 149 150 154 155 156 158 159 160 161 162 163 164 165 166 167 168 169 1902713576675076645
5 2 6 105 79 40 52 54 57 63 64 65 66 67 68 70 72 75 77 78 79 83 84 85 86 87 89 90 92 93 95 97 100 101 102 105 106 108 109 112 113 114 115 116 117 118 119 121 122 124 125 126 127 128 131 133 134 135 138 139 142 143 144 145 146 147 148 149 150 154 155 156 158 159 160 161 162 163 164 165 166 167 168 169 1902713576675076645
4 1 0 79 40 52 54 57 63 64 65 66 67 68 70 72 75 77 78 79 83 84 85 86 87 89 90 92 93 95 97 100 101 102 105 106 108 109 112 113 114 115 116 117 118 119 121 122 124 125 126 127 128 131 133 134 135 138 139 142 143 144 145 146 147 148 149 150 154 155 156 158 159 160 161 162 163 164 165 166 167 168 169 1902713576675076645
2 2 115 54 79 40 52 54 57 63 64 65 66 67 68 70 72 75 77 78 79 83 84 85 86 87 89 90 92 93 95 97 100 101 102 105 106 108 109 112 113 114 115 116 117 118 119 121 122 124 125 126 127 128 131 133 134 135 138 139 142 143 144 145 146 147 148 149 150 154 155 156 158 159 160 161 162 163 164 165 166 167 168 169 1902713576675076645
12 3 67 0 85 79 40 52 54 57 63 64 65 66 67 68 70 72 75 77 78 79 83 84 85 86 87 89 90 92 93 95 97 100 101 102 105 106 108 109 112 113 114 115 116 117 118 119 121 122 124 125 126 127 128 131 133 134 135 138 139 142 143 144 145 146 147 148 149 150 154 155 156 158 159 160 161 162 163 164 165 166 167 168 169 8556661840566559513
1 3 1 170 35 80 40 52 54 57 63 64 65 66 67 68 70 72 75 77 78 79 83 84 85 86 87 89 90 92 93 95 97 100 101 102 105 106 108 109 112 113 114 115 116 117 118 119 121 122 124 125 126 127 128 131 133 134 135 138 139 142 143 144 145 146 147 148 149 150 154 155 156 158 159 160 161 162 163 164 165 166 167 168 169 170 11116201984269122816
9 1 26 80 40 52 54 57 63 64 65 66 67 68 70 72 75 77 78 79 83 84 85 86 87 89 90 92 93 95 97 100 101 102 105 106 108 109 112 113 114 115 116 117 118 119 121 122 124 125 126 127 128 131 133 134 135 138 139 142 143 144 145 146 147 148 149 150 154 155 156 158 159 160 161 162 163 164 165 166 167 168 169 170 11116201984269122816
1 3 1 171 21 81 40 52 54 57 63 64 65 66 67 68 70 72 75 77 78 79 83 84 85 86 87 89 90 92 93 95 97 100 101 102 105 106 108 109 112 113 114 115 116 117 118 119 121 122 124 125 126 127 128 131 133 134 135 138 139 142 143 144 145 146 147 148 149 150 154 155 156 158 159 160 161 162 163 164 165 166 167 168 169 170 171 1781550770216911037
1 12 2 172 12 142 164 154 146 90 154 124 93 139 82 40 52 54 57 63 64 65 66 67 68 70 72 75 77 78 79 83 84 85 86 87 89 90 92 93 95 97 100 101 102 105 106 108 109 112 113 114 115 116 117 118 119 121 122 124 125 126 127 128 131 133 134 135 138 139 142 143 144 145 146 147 148 149 150 154 155 156 158 159 160 161 162 163 164 165 166 167 168 169 170 171 172 17889745035115663904
3 1 16 81 40 52 54 57 63 64 65 66 67 68 70 72 75 77 78 79 83 84 85 86 87 89 90 92 93 95 97 100 101 102 105 106 108 109 112 113 114 115 116 117 118 119 121 122 124 125 126 127 128 131 133 134 135 138 139 142 143 144 145 146 147 148 149 150 154 155 156 158 159 160 161 162 163 164 165 167 168 169 170 171 172 9629657970074843343
2 2 85 17 81 40 52 54 57 63 64 65 66 67 68 70 72 75 77 78 79 83 84 85 86 87 89 90 92 93 95 97 100 101 102 105 106 108 109 112 113 114 115 116 117 118 119 121 122 124 125 126 127 128 131 133 134 135 138 139 142 143 144 145 146 147 148 149 150 154 155 156 158 159 160 161 162 163 164 165 167 168 169 170 171 172 9629657970074843343
1 3 1 173 20 82 40 52 54 57 63 64 65 66 67 68 70 72 75 77 78 79 83 84 85 86 87 89 90 92 93 95 97 100 101 102 105 106 108 109 112 113 114 115 116 117 118 119 121 122 124 125 126 127 128 131 133 134 135 138 139 142 143 144 145 146 147 148 149 150 154 155 156 158 159 160 161 162 163 164 165 167 168 169 170 171 172 173 14669554136546828390
8 1 126 82 40 52 54 57 63 64 65 66 67 68 70 72 75 77 78 79 83 84 85 86 87 89 90 92 93 95 97 100 101 102 105 106 108 109 112 113 114 115 116 117 118 119 121 122 124 125 126 127 128 131 133 134 135 138 139 142 143 144 145 146 147 148 149 150 154 155 156 158 159 160 161 162 163 164 165 167 168 169 170 171 172 173 14669554136546828390
1 3 1 174 39 83 40 52 54 57 63 64 65 66 67 68 70 72 75 77 78 79 83 84 85 86 87 89 90 92 93 95 97 100 101 102 105 106 108 109 112 113 114 115 116 117 118 119 121 122 124 125 126 127 128 131 133 134 135 138 139 142 143 144 145 146 147 148 149 150 154 155 156 158 159 160 161 162 163 164 165 167 168 169 170 171 172 173 174 16573820453868491043
1 6 3 175 63 97 70 142 84 40 52 54 57 63 64 65 66 67 68 70 72 75 77 78 79 83 84 85 86 87 89 90 92 93 95 97 100 101 102 105 106 108 109 112 113 114 115 116 117 118 119 121 122 124 125 126 127 128 131 133 134 135 138 139 142 143 144 145 146 147 148 149 150 154 155 156 158 159 160 161 162 163 164 165 167 168 169 170 171 172 173 174 175 11363731804516020905
1 11 3 176 9 87 163 52 97 117 147 160 57 85 40 52 54 57 63 64 65 66 67 68 70 72 75 77 78 79 83 84 85 86 87 89 90 92 93 95 97 100 101 102 105 106 108 109 112 113 114 115 116 117 118 119 121 122 124 125 126 127 128 131 133 134 135 138 139 142 143 144 145 146 147 148 149 150 154 155 156 158 159 160 161 162 163 164 165 167 168 169 170 171 172 173 174 175 176 11533007469187054466
11 0 85 40 52 54 57 63 64 65 66 67 68 70 72 75 77 78 79 83 84 85 86 87 89 90 92 93 95 97 100 101 102 105 106 108 109 112 113 114 115 116 117 118 119 121 122 124 125 126 127 128 131 133 134 135 138 139 142 143 144 145 146 147 148 149 150 154 155 156 158 159 160 161 162 163 164 165 167 168 169 170 171 172 173 174 175 176 11533007469187054466
8 1 162 85 40 52 54 57 63 64 65 66 67 68 70 72 75 77 78 79 83 84 85 86 87 89 90 92 93 95 97 100 101 102 105 106 108 109 112 113 114 115 116 117 118 119 121 122 124 125 126 127 128 131 133 134 135 138 139 142 143 144 145 146 147 148 149 150 154 155 156 158 159 160 161 162 163 164 165 167 168 169 170 171 172 173 174 175 176 11533007469187054466
4 1 1 85 40 52 54 57 63 64 65 66 67 68 70 72 75 77 78 79 83 84 85 86 87 89 90 92 93 95 97 100 101 102 105 106 108 109 112 113 114 115 116 117 118 119 121 122 124 125 126 127 128 131 133 134 135 138 139 142 143 144 145 146 147 148 149 150 154 155 156 158 159 160 161 162 163 164 165 167 168 169 170 171 172 173 174 175 176 11533007469187054466
8 1 67 85 40 52 54 57 63 64 65 66 67 68 70 72 75 77 78 79 83 84 85 86 87 89 90 92 93 95 97 100 101 102 105 106 108 109 112 113 114 115 116 117 118 119 121 122 124 125 126 127 128 131 133 134 135 138 139 142 143 144 145 146 147 148 149 150 154 155 156 158 159 160 161 162 163 164 165 167 168 169 170 171 172 173 174 175 176 11533007469187054466
9 1 25 85 40 52 54 57 63 64 65 66 67 68 70 72 75 77 78 79 83 84 85 86 87 89 90 92 93 95 97 100 101 102 105 106 108 109 112 113 114 115 116 117 118 119 121 122 124 125 126 127 128 131 133 134 135 138 139 142 143 144 145 146 147 148 149 150 154 155 156 158 159 160 161 162 163 164 165 167 168 169 170 171 172 173 174 175 176 11533007469187054466
12 3 162 1 116 85 40 52 54 57 63 64 65 66 67 68 70 72 75 77 78 79 83 84 85 86 87 89 90 92 93 95 97 100 101 102 105 106 108 109 112 113 114 115 116 117 118 119 121 122 124 125 126 127 128 131 133 134 135 138 139 142 143 144 145 146 147 148 149 150 154 155 156 158 159 160 161 162 163 164 165 167 168 169 170 171 172 173 174 175 176 4195999017815936453
5 2 0 147 85 40 52 54 57 63 64 65 66 67 68 70 72 75 77 78 79 83 84 85 86 87 89 90 92 93 95 97 100 101 102 105 106 108 109 112 113 114 115 116 117 118 119 121 122 124 125 126 127 128 131 133 134 135 138 139 142 143 144 145 146 147 148 149 150 154 155 156 158 159 160 161 162 163 164 165 167 168 169 170 171 172 173 174 175 176 4195999017815936453
3 1 35 84 40 52 54 57 63 64 65 66 67 68 70 72 75 77 78 79 83 84 85 86 87 89 90 92 93 95 97 100 101 102 105 106 108 109 112 113 114 115 116 117 118 119 121 122 124 125 126 127 128 131 133 134 135 138 139 142 143 144 145 146 147 148 149 150 154 155 156 158 159 160 161 162 163 164 165 167 168 169 171 172 173 174 175 176 13805394365133167688
1 4 2 177 62 176 85 40 52 54 57 63 64 65 66 67 68 70 72 75 77 78 79 83 84 85 86 87 89 90 92 93 95 97 100 101 102 105 106 108 109 112 113 114 115 116 117 118 119 121 122 124 125 126 127 128 131 133 134 135 138 139 142 143 144 145 146 147 148 149 150 154 155 156 158 159 160 161 162 163 164 165 167 168 169 171 172 173 174 175 176 177 5272709001168333793
3 1 1 85 40 52 54 57 63 64 65 66 67 68 70 72 75 77 78 79 83 84 85 86 87 89 90 92 93 95 97 100 101 102 105 106 108 109 112 113 114 115 116 117 118 119 121 122 124 125 126 127 128 131 133 134 135 138 139 142 143 144 145 146 147 148 149 150 154 155 156 158 159 160 161 162 163 164 165 167 168 169 171 172 173 174 175 176 177 5272709001168333793
1 6 2 178 30 117 108 106 86 40 52 54 57 63 64 65 66 67 68 70 72 75 77 78 79 83 84 85 86 87 89 90 92 93 95 97 100 101 102 105 106 108 109 112 113 114 115 116 117 118 119 121 122 124 125 126 127 128 131 133 134 135 138 139 142 143 144 145 146 147 148 149 150 154 155 156 158 159 160 161 162 163 164 165 167 168 169 171 172 173 174 175 176 177 178 6833246156492983413
8 1 138 86 40 52 54 57 63 64 65 66 67 68 70 72 75 77 78 79 83 84 85 86 87 89 90 92 93 95 97 100 101 102 105 106 108 109 112 113 114 115 116 117 118 119 121 122 124 125 126 127 128 131 133 134 135 138 139 142 143 144 145 146 147 148 149 150 154 155 156 158 159 160 161 162 163 164 165 167 168 169 171 172 173 174 175 176 177 178 6833246156492983413
14 1 2 86 40 52 54 57 63 64 65 66 67 68 70 72 75 77 78 79 83 84 85 86 87 89 90 92 93 95 97 100 101 102 105 106 108 109 112 113 114 115 116 117 118 119 121 122 124 125 126 127 128 131 133 134 135 138 139 142 143 144 145 146 147 148 149 150 154 155 156 158 159 160 161 162 163 164 165 167 168 169 171 172 173 174 175 176 177 178 6833246156492983413
1 10 3 179 37 64 77 139 139 169 97 112 87 40 52 54 57 63 64 65 66 67 68 70 72 75 77 78 79 83 84 85 86 87 89 90 92 93 95 97 100 101 102 105 106 108 109 112 113 114 115 116 117 118 119 121 122 124 125 126 127 128 131 133 134 135 138 139 142 143 144 145 146 147 148 149 150 154 155 156 158 159 160 161 162 163 164 165 167 168 169 171 172 173 174 175 176 177 178 179 18408195255450640065
7 2 0 58 87 40 52 54 57 63 64 65 66 67 68 70 72 75 77 78 79 83 84 85 86 87 89 90 92 93 95 97 100 101 102 105 106 108 109 112 113 114 115 116 117 118 119 121 122 124 125 126 127 128 131 133 134 135 138 139 142 143 144 145 146 147 148 149 150 154 155 156 158 159 160 161 162 163 164 165 167 168 169 171 172 173 174 175 176 177 178 179 18408195255450640065
3 1 56 87 40 52 54 57 63 64 65 66 67 68 70 72 75 77 78 79 83 84 85 86 87 89 90 92 93 95 97 100 101 102 105 106 108 109 112 113 114 115 116 117 118 119 121 122 124 125 126 127 128 131 133 134 135 138 139 142 143 144 145 146 147 148 149 150 154 155 156 158 159 160 161 162 163 164 165 167 168 169 171 172 173 174 175 176 177 178 179 18408195255450640065
3 1 62 86 40 52 54 57 63 64 65 66 67 68 70 72 75 77 78 79 83 84 85 86 87 89 90 92 93 95 97 100 101 102 105 106 108 109 112 113 114 115 116 117 118 119 121 122 124 125 126 127 128 131 133 134 135 138 139 142 143 144 145 146 147 148 149 150 154 155 156 158 159 160 161 162 163 164 165 167 168 169 171 172 173 174 175 176 178 179 2117522091627802170
1 5 2 180 41 124 72 87 40 52 54 57 63 64 65 66 67 68 70 72 75 77 78 79 83 84 85 86 87 89 90 92 93 95 97 100 101 102 105 106 108 109 112 113 114 115 116 117 118 119 121 122 124 125 126 127 128 131 133 134 135 138 139 142 143 144 145 146 147 148 149 150 154 155 156 158 159 160 161 162 163 164 165 167 168 169 171 172 173 174 175 176 178 179 180 7542345212131331240
11 0 87 40 52 54 57 63 64 65 66 67 68 70 72 75 77 78 79 83 84 85 86 87 89 90 92 93 95 97 100 101 102 105 106 108 109 112 113 114 115 116 117 118 119 121 122 124 125 126 127 128 131 133 134 135 138 139 142 143 144 145 146 147 148 149 150 154 155 156 158 159 160 161 162 163 164 165 167 168 169 171 172 173 174 175 176 178 179 180 7542345212131331240
8 1 163 87 40 52 54 57 63 64 65 66 67 68 70 72 75 77 78 79 83 84 85 86 87 89 90 92 93 95 97 100 101 102 105 106 108 109 112 113 114 115 116 117 118 119 121 122 124 125 126 127 128 131 133 134 135 138 139 142 143 144 145 146 147 148 149 150 154 155 156 158 159 160 161 162 163 164 165 167 168 169 171 172 173 174 175 176 178 179 180 7542345212131331240
12 3 106 1 97 87 40 52 54 57 63 64 65 66 67 68 70 72 75 77 78 79 83 84 85 86 87 89 90 92 93 95 97 100 101 102 105 106 108 109 112 113 114 115 116 117 118 119 121 122 124 125 126 127 128 131 133 134 135 138 139 142 143 144 145 146 147 148 149 150 154 155 156 158 159 160 161 162 163 164 165 167 168 169 171 172 173 174 175 176 178 179 180 15932393222747099042
1 6 2 181 15 57 173 105 88 40 52 54 57 63 64 65 66 67 68 70 72 75 77 78 79 83 84 85 86 87 89 90 92 93 95 97 100 101 102 105 106 108 109 112 113 114 115 116 117 118 119 121 122 124 125 126 127 128 131 133 134 135 138 139 142 143 144 145 146 147 148 149 150 154 155 156 158 159 160 161 162 163 164 165 167 168 169 171 172 173 174 175 176 178 179 180 181 13094793901237759292
12 3 75 3 57 88 40 52 54 57 63 64 65 66 67 68 70 72 75 77 78 79 83 84 85 86 87 89 90 92 93 95 97 100 101 102 105 106 108 109 112 113 114 115 116 117 118 119 121 122 124 125 126 127 128 131 133 134 135 138 139 142 143 144 145 146 147 148 149 150 154 155 156 158 159 160 161 162 163 164 165 167 168 169 171 172 173 174 175 176 178 179 180 181 9463282622875651911
5 2 7 118 88 40 52 54 57 63 64 65 66 67 68 70 72 75 77 78 79 83 84 85 86 87 89 90 92 93 95 97 100 101 102 105 106 108 109 112 113 114 115 116 117 118 119 121 122 124 125 126 127 128 131 133 134 135 138 139 142 143 144 145 146 147 148 149 150 154 155 156 158 159 160 161 162 163 164 165 167 168 169 171 172 173 174 175 176 178 179 180 181 9463282622875651911
8 1 89 88 40 52 54 57 63 64 65 66 67 68 70 72 75 77 78 79 83 84 85 86 87 89 90 92 93 95 97 100 101 102 105 106 108 109 112 113 114 115 116 117 118 119 121 122 124 125 126 127 128 131 133 134 135 138 139 142 143 144 145 146 147 148 149 150 154 155 156 158 159 160 161 162 163 164 165 167 168 169 171 172 173 174 175 176 178 179 180 181 9463282622875651911
5 2 7 131 88 40 52 54 57 63 64 65 66 67 68 70 72 75 77 78 79 83 84 85 86 87 89 90 92 93 95 97 100 101 102 105 106 108 109 112 113 114 115 116 117 118 119 121 122 124 125 126 127 128 131 133 134 135 138 139 142 143 144 145 146 147 148 149 150 154 155 156 158 159 160 161 162 163 164 165 167 168 169 171 172 173 174 175 176 178 179 180 181 9463282622875651911
14 1 8 88 40 52 54 57 63 64 65 66 67 68 70 72 75 77 78 79 83 84 85 86 87 89 90 92 93 95 97 100 101 102 105 106 108 109 112 113 114 115 116 117 118 119 121 122 124 125 126 127 128 131 133 134 135 138 139 142 143 144 145 146 147 148 149 150 154 155 156 158 159 160 161 162 163 164 165 167 168 169 171 172 173 174 175 176 178 179 180 181 9463282622875651911
9 1 51 88 40 52 54 57 63 64 65 66 67 68 70 72 75 77 78 79 83 84 85 86 87 89 90 92 93 95 97 100 101 102 105 106 108 109 112 113 114 115 116 117 118 119 121 122 124 125 126 127 128 131 133 134 135 138 139 142 143 144 145 146 147 148 149 150 154 155 156 158 159 160 161 162 163 164 165 167 168 169 171 172 173 174 175 176 178 179 180 181 9463282622875651911
12 3 135 5 87 88 40 52 54 57 63 64 65 66 67 68 70 72 75 77 78 79 83 84 85 86 87 89 90 92 93 95 97 100 101 102 105 106 108 109 112 113 114 115 116 117 118 119 121 122 124 125 126 127 128 131 133 134 135 138 139 142 143 144 145 146 147 148 149 150 154 155 156 158 159 160 161 162 163 164 165 167 168 169 171 172 173 174 175 176 178 179 180 181 11798548789731439141
14 1 18446744073709551615 88 40 52 54 57 63 64 65 66 67 68 70 72 75 77 78 79 83 84 85 86 87 89 90 92 93 95 97 100 101 102 105 106 108 109 112 113 114 115 116 117 118 119 121 122 124 125 126 127 128 131 133 134 135 138 139 142 143 144 145 146 147 148 149 150 154 155 156 158 159 160 161 162 163 164 165 167 168 169 171 172 173 174 175 176 178 179 180 181 11798548789731439141
12 3 126 1 124 88 40 52 54 57 63 64 65 66 67 68 70 72 75 77 78 79 83 84 85 86 87 89 90 92 93 95 97 100 101 102 105 106 108 109 112 113 114 115 116 117 118 119 121 122 124 125 126 127 128 131 133 134 135 138 139 142 143 144 145 146 147 148 149 150 154 155 156 158 159 160 161 162 163 164 165 167 168 169 171 172 173 174 175 176 178 179 180 181 11798548789731439141
2 2 175 56 88 40 52 54 57 63 64 65 66 67 68 70 72 75 77 78 79 83 84 85 86 87 89 90 92 93 95 97 100 101 102 105 106 108 109 112 113 114 115 116 117 118 119 121 122 124 125 126 127 128 131 133 134 135 138 139 142 143 144 145 146 147 148 149 150 154 155 156 158 159 160 161 162 163 164 165 167 168 169 171 172 173 174 175 176 178 179 180 181 11798548789731439141
3 1 7 88 40 52 54 57 63 64 65 66 67 68 70 72 75 77 78 79 83 84 85 86 87 89 90 92 93 95 97 100 101 102 105 106 108 109 112 113 114 115 116 117 118 119 121 122 124 125 126 127 128 131 133 134 135 138 139 142 143 144 145 146 147 148 149 150 154 155 156 158 159 160 161 162 163 164 165 167 168 169 171 172 173 174 175 176 178 179 180 181 11798548789731439141
8 1 125 88 40 52 54 57 63 64 65 66 67 68 70 72 75 77 78 79 83 84 85 86 87 89 90 92 93 95 97 100 101 102 105 106 108 109 112 113 114 115 116 117 118 119 121 122 124 125 126 127 128 131 133 134 135 138 139 142 143 144 145 146 147 148 149 150 154 155 156 158 159 160 161 162 163 164 165 167 168 169 171 172 173 174 175 176 178 179 180 181 11798548789731439141
1 3 1 182 18 89 40 52 54 57 63 64 65 66 67 68 70 72 75 77 78 79 83 84 85 86 87 89 90 92 93 95 97 100 101 102 105 106 108 109 112 113 114 115 116 117 118 119 121 122 124 125 126 127 128 131 133 134 135 138 139 142 143 144 145 146 147 148 149 150 154 155 156 158 159 160 161 162 163 164 165 167 168 169 171 172 173 174 175 176 178 179 180 181 182 13388215107615067348
8 1 64 89 40 52 54 57 63 64 65 66 67 68 70 72 75 77 78 79 83 84 85 86 87 89 90 92 93 95 97 100 101 102 105 106 108 109 112 113 114 115 116 117 118 119 121 122 124 125 126 127 128 131 133 134 135 138 139 142 143 144 145 146 147 148 149 150 154 155 156 158 159 160 161 162 163 164 165 167 168 169 171 172 173 174 175 176 178 179 180 181 182 13388215107615067348
4 1 9 89 40 52 54 57 63 64 65 66 67 68 70 72 75 77 78 79 83 84 85 86 87 89 90 92 93 95 97 100 101 102 105 106 108 109 112 113 114 115 116 117 118 119 121 122 124 125 126 127 128 131 133 134 135 138 139 142 143 144 145 146 147 148 149 150 154 155 156 158 159 160 161 162 163 164 165 167 168 169 171 172 173 174 175 176 178 179 180 181 182 13388215107615067348
3 1 14 89 40 52 54 57 63 64 65 66 67 68 70 72 75 77 78 79 83 84 85 86 87 89 90 92 93 95 97 100 101 102 105 106 108 109 112 113 114 115 116 117 118 119 121 122 124 125 126 127 128 131 133 134 135 138 139 142 143 144 145 146 147 148 149 150 154 155 156 158 159 160 161 162 163 164 165 167 168 169 171 172 173 174 175 176 178 179 180 181 182 13388215107615067348
5 2 7 147 89 40 52 54 57 63 64 65 66 67 68 70 72 75 77 78 79 83 84 85 86 87 89 90 92 93 95 97 100 101 102 105 106 108 109 112 113 114 115 116 117 118 119 121 122 124 125 126 127 128 131 133 134 135 138 139 142 143 144 145 146 147 148 149 150 154 155 156 158 159 160 161 162 163 164 165 167 168 169 171 172 173 174 175 176 178 179 180 181 182 13388215107615067348
14 1 32 89 40 52 54 57 63 64 65 66 67 68 70 72 75 77 78 79 83 84 85 86 87 89 90 92 93 95 97 100 101 102 105 106 108 109 112 113 114 115 116 117 118 119 121 122 124 125 126 127 128 131 133 134 135 138 139 142 143 144 145 146 147 148 149 150 154 155 156 158 159 160 161 162 163 164 165 167 168 169 171 172 173 174 175 176 178 179 180 181 182 13388215107615067348
2 2 171 4 89 40 52 54 57 63 64 65 66 67 68 70 72 75 77 78 79 83 84 85 86 87 89 90 92 93 95 97 100 101 102 105 106 108 109 112 113 114 115 116 117 118 119 121 122 124 125 126 127 128 131 133 134 135 138 139 142 143 144 145 146 147 148 149 150 154 155 156 158 159 160 161 162 163 164 165 167 168 169 171 172 173 174 175 176 178 179 180 181 182 13388215107615067348
8 1 176 89 40 52 54 57 63 64 65 66 67 68 70 72 75 77 78 79 83 84 85 86 87 89 90 92 93 95 97 100 101 102 105 106 108 109 112 113 114 115 116 117 118 119 121 122 124 125 126 127 128 131 133 134 135 138 139 142 143 144 145 146 147 148 149 150 154 155 156 158 159 160 161 162 163 164 165 167 168 169 171 172 173 174 175 176 178 179 180 181 182 13388215107615067348
1 6 3 183 40 133 145 78 90 40 52 54 57 63 64 65 66 67 68 70 72 75 77 78 79 83 84 85 86 87 89 90 92 93 95 97 100 101 102 105 106 108 109 112 113 114 115 116 117 118 119 121 122 124 125 126 127 128 131 133 134 135 138 139 142 143 144 145 146 147 148 149 150 154 155 156 158 159 160 161 162 163 164 165 167 168 169 171 172 173 174 175 176 178 179 180 181 182 183 1388985844640607377
3 1 10 90 40 52 54 57 63 64 65 66 67 68 70 72 75 77 78 79 83 84 85 86 87 89 90 92 93 95 97 100 101 102 105 106 108 109 112 113 114 115 116 117 118 119 121 122 124 125 126 127 128 131 133 134 135 138 139 142 143 144 145 146 147 148 149 150 154 155 156 158 159 160 161 162 163 164 165 167 168 169 171 172 173 174 175 176 178 179 180 181 182 183 1388985844640607377
1 5 2 184 51 90 171 91 40 52 54 57 63 64 65 66 67 68 70 72 75 77 78 79 83 84 85 86 87 89 90 92 93 95 97 100 101 102 105 106 108 109 112 113 114 115 116 117 118 119 121 122 124 125 126 127 128 131 133 134 135 138 139 142 143 144 145 146 147 148 149 150 154 155 156 158 159 160 161 162 163 164 165 167 168 169 171 172 173 174 175 176 178 179 180 181 182 183 184 15715148971369605360
3 1 19 91 40 52 54 57 63 64 65 66 67 68 70 72 75 77 78 79 83 84 85 86 87 89 90 92 93 95 97 100 101 102 105 106 108 109 112 113 114 115 116 117 118 119 121 122 124 125 126 127 128 131 133 134 135 138 139 142 143 144 145 146 147 148 149 150 154 155 156 158 159 160 161 162 163 164 165 167 168 169 171 172 173 174 175 176 178 179 180 181 182 183 184 15715148971369605360
5 2 6 145 91 40 52 54 57 63 64 65 66 67 68 70 72 75 77 78 79 83 84 85 86 87 89 90 92 93 95 97 100 101 102 105 106 108 109 112 113 114 115 116 117 118 119 121 122 124 125 126 127 128 131 133 134 135 138 139 142 143 144 145 146 147 148 149 150 154 155 156 158 159 160 161 162 163 164 165 167 168 169 171 172 173 174 175 176 178 179 180 181 182 183 184 15715148971369605360
8 1 155 91 40 52 54 57 63 64 65 66 67 68 70 72 75 77 78 79 83 84 85 86 87 89 90 92 93 95 97 100 101 102 105 106 108 109 112 113 114 115 116 117 118 119 121 122 124 125 126 127 128 131 133 134 135 138 139 142 143 144 145 146 147 148 149 150 154 155 156 158 159 160 161 162 163 164 165 167 168 169 171 172 173 174 175 176 178 179 180 181 182 183 184 15715148971369605360
5 2 4 87 91 40 52 54 57 63 64 65 66 67 68 70 72 75 77 78 79 83 84 85 86 87 89 90 92 93 95 97 100 101 102 105 106 108 109 112 113 114 115 116 117 118 119 121 122 124 125 126 127 128 131 133 134 135 138 139 142 143 144 145 146 147 148 149 150 154 155 156 158 159 160 161 162 163 164 165 167 168 169 171 172 173 174 175 176 178 179 180 181 182 183 184 15715148971369605360
9 1 56 91 40 52 54 57 63 64 65 66 67 68 70 72 75 77 78 79 83 84 85 86 87 89 90 92 93 95 97 100 101 102 105 106 108 109 112 113 114 115 116 117 118 119 121 122 124 125 126 127 128 131 133 134 135 138 139 142 143 144 145 146 147 148 149 150 154 155 156 158 159 160 161 162 163 164 165 167 168 169 171 172 173 174 175 176 178 179 180 181 182 183 184 15715148971369605360
9 1 29 91 40 52 54 57 63 64 65 66 67 68 70 72 75 77 78 79 83 84 85 86 87 89 90 92 93 95 97 100 101 102 105 106 108 109 112 113 114 115 116 117 118 119 121 122 124 125 126 127 128 131 133 134 135 138 139 142 143 144 145 146 147 148 149 150 154 155 156 158 159 160 161 162 163 164 165 167 168 169 171 172 173 174 175 176 178 179 180 181 182 183 184 15715148971369605360
5 2 3 113 91 40 52 54 57 63 64 65 66 67 68 70 72 75 77 78 79 83 84 85 86 87 89 90 92 93 95 97 100 101 102 105 106 108 109 112 113 114 115 116 117 118 119 121 122 124 125 126 127 128 131 133 134 135 138 139 142 143 144 145 146 147 148 149 150 154 155 156 158 159 160 161 162 163 164 165 167 168 169 171 172 173 174 175 176 178 179 180 181 182 183 184 15715148971369605360
12 3 95 6 0 91 40 52 54 57 63 64 65 66 67 68 70 72 75 77 78 79 83 84 85 86 87 89 90 92 93 95 97 100 101 102 105 106 108 109 112 113 114 115 116 117 118 119 121 122 124 125 126 127 128 131 133 134 135 138 139 142 143 144 145 146 147 148 149 150 154 155 156 158 159 160 161 162 163 164 165 167 168 169 171 172 173 174 175 176 178 179 180 181 182 183 184 4827107141084669231
3 1 9 91 40 52 54 57 63 64 65 66 67 68 70 72 75 77 78 79 83 84 85 86 87 89 90 92 93 95 97 100 101 102 105 106 108 109 112 113 114 115 116 117 118 119 121 122 124 125 126 127 128 131 133 134 135 138 139 142 143 144 145 146 147 148 149 150 154 155 156 158 159 160 161 162 163 164 165 167 168 169 171 172 173 174 175 176 178 179 180 181 182 183 184 4827107141084669231
8 1 128 91 40 52 54 57 63 64 65 66 67 68 70 72 75 77 78 79 83 84 85 86 87 89 90 92 93 95 97 100 101 102 105 106 108 109 112 113 114 115 116 117 118 119 121 122 124 125 126 127 128 131 133 134 135 138 139 142 143 144 145 146 147 148 149 150 154 155 156 158 159 160 161 162 163 164 165 167 168 169 171 172 173 174 175 176 178 179 180 181 182 183 184 4827107141084669231
12 3 172 2 154 91 40 52 54 57 63 64 65 66 67 68 70 72 75 77 78 79 83 84 85 86 87 89 90 92 93 95 97 100 101 102 105 106 108 109 112 113 114 115 116 117 118 119 121 122 124 125 126 127 128 131 133 134 135 138 139 142 143 144 145 146 147 148 149 150 154 155 156 158 159 160 161 162 163 164 165 167 168 169 171 172 173 174 175 176 178 179 180 181 182 183 184 4827107141084669231
6 2 7 47 91 40 52 54 57 63 64 65 66 67 68 70 72 75 77 78 79 83 84 85 86 87 89 90 92 93 95 97 100 101 102 105 106 108 109 112 113 114 115 116 117 118 119 121 122 124 125 126 127 128 131 133 134 135 138 139 142 143 144 145 146 147 148 149 150 154 155 156 158 159 160 161 162 163 164 165 167 168 169 171 172 173 174 175 176 178 179 180 181 182 183 184 4827107141084669231
5 2 7 125 91 40 52 54 57 63 64 65 66 67 68 70 72 75 77 78 79 83 84 85 86 87 89 90 92 93 95 97 100 101 102 105 106 108 109 112 113 114 115 116 117 118 119 121 122 124 125 126 127 128 131 133 134 135 138 139 142 143 144 145 146 147 148 149 150 154 155 156 158 159 160 161 162 163 164 165 167 168 169 171 172 173 174 175 176 178 179 180 181 182 183 184 4827107141084669231
1 3 1 185 9 92 40 52 54 57 63 64 65 66 67 68 70 72 75 77 78 79 83 84 85 86 87 89 90 92 93 95 97 100 101 102 105 106 108 109 112 113 114 115 116 117 118 119 121 122 124 125 126 127 128 131 133 134 135 138 139 142 143 144 145 146 147 148 149 150 154 155 156 158 159 160 161 162 163 164 165 167 168 169 171 172 173 174 175 176 178 179 180 181 182 183 184 185 10119670973619634966
13 2 93 72 92 40 52 54 57 63 64 65 66 67 68 70 72 75 77 78 79 83 84 85 86 87 89 90 92 93 95 97 100 101 102 105 106 108 109 112 113 114 115 116 117 118 119 121 122 124 125 126 127 128 131 133 134 135 138 139 142 143 144 145 146 147 148 149 150 154 155 156 158 159 160 161 162 163 164 165 167 168 169 171 172 173 174 175 176 178 179 180 181 182 183 184 185 10715027710091999639
5 2 6 83 92 40 52 54 57 63 64 65 66 67 68 70 72 75 77 78 79 83 84 85 86 87 89 90 92 93 95 97 100 101 102 105 106 108 109 112 113 114 115 116 117 118 119 121 122 124 125 126 127 128 131 133 134 135 138 139 142 143 144 145 146 147 148 149 150 154 155 156 158 159 160 161 162 163 164 165 167 168 169 171 172 173 174 175 176 178 179 180 181 182 183 184 185 10715027710091999639
8 1 133 92 40 52 54 57 63 64 65 66 67 68 70 72 75 77 78 79 83 84 85 86 87 89 90 92 93 95 97 100 101 102 105 106 108 109 112 113 114 115 116 117 118 119 121 122 124 125 126 127 128 131 133 134 135 138 139 142 143 144 145 146 147 148 149 150 154 155 156 158 159 160 161 162 163 164 165 167 168 169 171 172 173 174 175 176 178 179 180 181 182 183 184 185 10715027710091999639
1 19 2 186 46 155 165 57 165 92 165 143 148 128 114 122 89 167 109 90 54 93 40 52 54 57 63 64 65 66 67 68 70 72 75 77 78 79 83 84 85 86 87 89 90 92 93 95 97 100 101 102 105 106 108 109 112 113 114 115 116 117 118 119 121 122 124 125 126 127 128 131 133 134 135 138 139 142 143 144 145 146 147 148 149 150 154 155 156 158 159 160 161 162 163 164 165 167 168 169 171 172 173 174 175 176 178 179 180 181 182 183 184 185 186 4434680691901950314
14 1 18446744073709551615 93 40 52 54 57 63 64 65 66 67 68 70 72 75 77 78 79 83 84 85 86 87 89 90 92 93 95 97 100 101 102 105 106 108 109 112 113 114 115 116 117 118 119 121 122 124 125 126 127 128 131 133 134 135 138 139 142 143 144 145 146 147 148 149 150 154 155 156 158 159 160 161 162 163 164 165 167 168 169 171 172 173 174 175 176 178 179 180 181 182 183 184 185 186 4434680691901950314
12 3 75 1 185 93 40 52 54 57 63 64 65 66 67 68 70 72 75 77 78 79 83 84 85 86 87 89 90 92 93 95 97 100 101 102 105 106 108 109 112 113 114 115 116 117 118 119 121 122 124 125 126 127 128 131 133 134 135 138 139 142 143 144 145 146 147 148 149 150 154 155 156 158 159 160 161 162 163 164 165 167 168 169 171 172 173 174 175 176 178 179 180 181 182 183 184 185 186 4698244874844742538
8 1 118 93 40 52 54 57 63 64 65 66 67 68 70 72 75 77 78 79 83 84 85 86 87 89 90 92 93 95 97 100 101 102 105 106 108 109 112 113 114 115 116 117 118 119 121 122 124 125 126 127 128 131 133 134 135 138 139 142 143 144 145 146 147 148 149 150 154 155 156 158 159 160 161 162 163 164 165 167 168 169 171 172 173 174 175 176 178 179 180 181 182 183 184 185 186 4698244874844742538
8 1 121 93 40 52 54 57 63 64 65 66 67 68 70 72 75 77 78 79 83 84 85 86 87 89 90 92 93 95 97 100 101 102 105 106 108 109 112 113 114 115 116 117 118 119 121 122 124 125 126 127 128 131 133 134 135 138 139 142 143 144 145 146 147 148 149 150 154 155 156 158 159 160 161 162 163 164 165 167 168 169 171 172 173 174 175 176 178 179 180 181 182 183 184 185 186 4698244874844742538
13 2 93 138 93 40 52 54 57 63 64 65 66 67 68 70 72 75 77 78 79 83 84 85 86 87 89 90 92 93 95 97 100 101 102 105 106 108 109 112 113 114 115 116 117 118 119 121 122 124 125 126 127 128 131 133 134 135 138 139 142 143 144 145 146 147 148 149 150 154 155 156 158 159 160 161 162 163 164 165 167 168 169 171 172 173 174 175 176 178 179 180 181 182 183 184 185 186 15480218576758716355
14 1 33 93 40 52 54 57 63 64 65 66 67 68 70 72 75 77 78 79 83 84 85 86 87 89 90 92 93 95 97 100 101 102 105 106 108 109 112 113 114 115 116 117 118 119 121 122 124 125 126 127 128 131 133 134 135 138 139 142 143 144 145 146 147 148 149 150 154 155 156 158 159 160 161 162 163 164 165 167 168 169 171 172 173 174 175 176 178 179 180 181 182 183 184 185 186 15480218576758716355
8 1 113 93 40 52 54 57 63 64 65 66 67 68 70 72 75 77 78 79 83 84 85 86 87 89 90 92 93 95 97 100 101 102 105 106 108 109 112 113 114 115 116 117 118 119 121 122 124 125 126 127 128 131 133 134 135 138 139 142 143 144 145 146 147 148 149 150 154 155 156 158 159 160 161 162 163 164 165 167 168 169 171 172 173 174 175 176 178 179 180 181 182 183 184 185 186 15480218576758716355
8 1 146 93 40 52 54 57 63 64 65 66 67 68 70 72 75 77 78 79 83 84 85 86 87 89 90 92 93 95 97 100 101 102 105 106 108 109 112 113 114 115 116 117 118 119 121 122 124 125 126 127 128 131 133 134 135 138 139 142 143 144 145 146 147 148 149 150 154 155 156 158 159 160 161 162 163 164 165 167 168 169 171 172 173 174 175 176 178 179 180 181 182 183 184 185 186 15480218576758716355
3 1 50 93 40 52 54 57 63 64 65 66 67 68 70 72 75 77 78 79 83 84 85 86 87 89 90 92 93 95 97 100 101 102 105 106 108 109 112 113 114 115 116 117 118 119 121 122 124 125 126 127 128 131 133 134 135 138 139 142 143 144 145 146 147 148 149 150 154 155 156 158 159 160 161 162 163 164 165 167 168 169 171 172 173 174 175 176 178 179 180 181 182 183 184 185 186 15480218576758716355
1 3 1 187 36 94 40 52 54 57 63 64 65 66 67 68 70 72 75 77 78 79 83 84 85 86 87 89 90 92 93 95 97 100 101 102 105 106 108 109 112 113 114 115 116 117 118 119 121 122 124 125 126 127 128 131 133 134 135 138 139 142 143 144 145 146 147 148 149 150 154 155 156 158 159 160 161 162 163 164 165 167 168 169 171 172 173 174 175 176 178 179 180 181 182 183 184 185 186 187 8603644533748435430
5 2 6 169 94 40 52 54 57 63 64 65 66 67 68 70 72 75 77 78 79 83 84 85 86 87 89 90 92 93 95 97 100 101 102 105 106 108 109 112 113 114 115 116 117 118 119 121 122 124 125 126 127 128 131 133 134 135 138 139 142 143 144 145 146 147 148 149 150 154 155 156 158 159 160 161 162 163 164 165 167 168 169 171 172 173 174 175 176 178 179 180 181 182 183 184 185 186 187 8603644533748435430
13 2 176 147 94 40 52 54 57 63 64 65 66 67 68 70 72 75 77 78 79 83 84 85 86 87 89 90 92 93 95 97 100 101 102 105 106 108 109 112 113 114 115 116 117 118 119 121 122 124 125 126 127 128 131 133 134 135 138 139 142 143 144 145 146 147 148 149 150 154 155 156 158 159 160 161 162 163 164 165 167 168 169 171 172 173 174 175 176 178 179 180 181 182 183 184 185 186 187 6155121238272368978
9 1 12 94 40 52 54 57 63 64 65 66 67 68 70 72 75 77 78 79 83 84 85 86 87 89 90 92 93 95 97 100 101 102 105 106 108 109 112 113 114 115 116 117 118 119 121 122 124 125 126 127 128 131 133 134 135 138 139 142 143 144 145 146 147 148 149 150 154 155 156 158 159 160 161 162 163 164 165 167 168 169 171 172 173 174 175 176 178 179 180 181 182 183 184 185 186 187 6155121238272368978
3 1 13 94 40 52 54 57 63 64 65 66 67 68 70 72 75 77 78 79 83 84 85 86 87 89 90 92 93 95 97 100 101 102 105 106 108 109 112 113 114 115 116 117 118 119 121 122 124 125 126 127 128 131 133 134 135 138 139 142 143 144 145 146 147 148 149 150 154 155 156 158 159 160 161 162 163 164 165 167 168 169 171 172 173 174 175 176 178 179 180 181 182 183 184 185 186 187 6155121238272368978
11 0 90 40 52 54 57 63 64 65 66 67 68 70 72 75 77 78 79 83 84 85 86 87 89 90 92 93 95 97 100 101 102 105 106 108 109 112 113 114 115 116 117 118 119 121 122 124 125 126 127 128 131 133 134 135 138 139 142 143 144 145 147 148 149 150 154 155 156 158 159 161 162 163 164 165 167 168 169 171 173 174 175 178 179 180 181 182 183 184 185 186 187 8580793104000687564
1 6 3 188 56 100 97 144 91 40 52 54 57 63 64 65 66 67 68 70 72 75 77 78 79 83 84 85 86 87 89 90 92 93 95 97 100 101 102 105 106 108 109 112 113 114 115 116 117 118 119 121 122 124 125 126 127 128 131 133 134 135 138 139 142 143 144 145 147 148 149 150 154 155 156 158 159 161 162 163 164 165 167 168 169 171 173 174 175 178 179 180 181 182 183 184 185 186 187 188 11237064847122956919
1 3 1 189 12 92 40 52 54 57 63 64 65 66 67 68 70 72 75 77 78 79 83 84 85 86 87 89 90 92 93 95 97 100 101 102 105 106 108 109 112 113 114 115 116 117 118 119 121 122 124 125 126 127 128 131 133 134 135 138 139 142 143 144 145 147 148 149 150 154 155 156 158 159 161 162 163 164 165 167 168 169 171 173 174 175 178 179 180 181 182 183 184 185 186 187 188 189 13716926978108992430
10 0 90 40 52 54 57 63 64 65 66 67 68 70 72 75 77 78 79 83 84 85 86 87 89 90 92 93 95 97 100 101 102 105 106 108 109 112 113 114 115 116 117 118 119 121 122 124 125 126 127 128 131 133 134 135 138 139 142 143 144 145 147 148 149 150 154 155 156 158 159 161 164 165 167 168 169 171 173 174 175 178 179 180 181 182 183 184 185 186 187 188 189 2319515308374801157
14 1 8 90 40 52 54 57 63 64 65 66 67 68 70 72 75 77 78 79 83 84 85 86 87 89 90 92 93 95 97 100 101 102 105 106 108 109 112 113 114 115 116 117 118 119 121 122 124 125 126 127 128 131 133 134 135 138 139 142 143 144 145 147 148 149 150 154 155 156 158 159 161 164 165 167 168 169 171 173 174 175 178 179 180 181 182 183 184 185 186 187 188 189 2319515308374801157
1 11 2 190 50 112 131 40 128 149 143 115 115 91 40 52 54 57 63 64 65 66 67 68 70 72 75 77 78 79 83 84 85 86 87 89 90 92 93 95 97 100 101 102 105 106 108 109 112 113 114 115 116 117 118 119 121 122 124 125 126 127 128 131 133 134 135 138 139 142 143 144 145 147 148 149 150 154 155 156 158 159 161 164 165 167 168 169 171 173 174 175 178 179 180 181 182 183 184 185 186 187 188 189 190 14861477135361203954
11 0 91 40 52 54 57 63 64 65 66 67 68 70 72 75 77 78 79 83 84 85 86 87 89 90 92 93 95 97 100 101 102 105 106 108 109 112 113 114 115 116 117 118 119 121 122 124 125 126 127 128 131 133 134 135 138 139 142 143 144 145 147 148 149 150 154 155 156 158 159 161 164 165 167 168 169 171 173 174 175 178 179 180 181 182 183 184 185 186 187 188 189 190 14861477135361203954
3 1 30 90 40 52 54 57 63 64 65 66 67 68 70 72 75 77 78 79 83 84 85 86 87 89 90 92 93 95 97 100 101 102 105 106 108 109 112 113 114 115 116 117 118 119 121 122 124 125 126 127 128 131 133 134 135 138 139 142 143 144 145 147 148 149 150 154 155 156 158 159 161 164 165 167 168 169 171 173 174 175 179 180 181 182 183 184 185 186 187 188 189 190 15193592236166463286
1 3 1 191 43 91 40 52 54 57 63 64 65 66 67 68 70 72 75 77 78 79 83 84 85 86 87 89 90 92 93 95 97 100 101 102 105 106 108 109 112 113 114 115 116 117 118 119 121 122 124 125 126 127 128 131 133 134 135 138 139 142 143 144 145 147 148 149 150 154 155 156 158 159 161 164 165 167 168 169 171 173 174 175 179 180 181 182 183 184 185 186 187 188 189 190 191 5438732853716298167
1 5 2 192 47 144 75 92 40 52 54 57 63 64 65 66 67 68 70 72 75 77 78 79 83 84 85 86 87 89 90 92 93 95 97 100 101 102 105 106 108 109 112 113 114 115 116 117 118 119 121 122 124 125 126 127 128 131 133 134 135 138 139 142 143 144 145 147 148 149 150 154 155 156 158 159 161 164 165 167 168 169 171 173 174 175 179 180 181 182 183 184 185 186 187 188 189 190 191 192 15205998387007815952
1 11 3 193 27 117 150 186 165 181 121 192 169 93 40 52 54 57 63 64 65 66 67 68 70 72 75 77 78 79 83 84 85 86 87 89 90 92 93 95 97 100 101 102 105 106 108 109 112 113 114 115 116 117 118 119 121 122 124 125 126 127 128 131 133 134 135 138 139 142 143 144 145 147 148 149 150 154 155 156 158 159 161 164 165 167 168 169 171 173 174 175 179 180 181 182 183 184 185 186 187 188 189 190 191 192 193 15724841928488827079
9 1 53 93 40 52 54 57 63 64 65 66 67 68 70 72 75 77 78 79 83 84 85 86 87 89 90 92 93 95 97 100 101 102 105 106 108 109 112 113 114 115 116 117 118 119 121 122 124 125 126 127 128 131 133 134 135 138 139 142 143 144 145 147 148 149 150 154 155 156 158 159 161 164 165 167 168 169 171 173 174 175 179 180 181 182 183 184 185 186 187 188 189 190 191 192 193 15724841928488827079
8 1 119 93 40 52 54 57 63 64 65 66 67 68 70 72 75 77 78 79 83 84 85 86 87 89 90 92 93 95 97 100 101 102 105 106 108 109 112 113 114 115 116 117 118 119 121 122 124 125 126 127 128 131 133 134 135 138 139 142 143 144 145 147 148 149 150 154 155 156 158 159 161 164 165 167 168 169 171 173 174 175 179 180 181 182 183 184 185 186 187 188 189 190 191 192 193 15724841928488827079
8 1 189 93 40 52 54 57 63 64 65 66 67 68 70 72 75 77 78 79 83 84 85 86 87 89 90 92 93 95 97 100 101 102 105 106 108 109 112 113 114 115 116 117 118 119 121 122 124 125 126 127 128 131 133 134 135 138 139 142 143 144 145 147 148 149 150 154 155 156 158 159 161 164 165 167 168 169 171 173 174 175 179 180 181 182 183 184 185 186 187 188 189 190 191 192 193 15724841928488827079
11 0 93 40 52 54 57 63 64 65 66 67 68 70 72 75 77 78 79 83 84 85 86 87 89 90 92 93 95 97 100 101 102 105 106 108 109 112 113 114 115 116 117 118 119 121 122 124 125 126 127 128 131 133 134 135 138 139 142 143 144 145 147 148 149 150 154 155 156 158 159 161 164 165 167 168 169 171 173 174 175 179 180 181 182 183 184 185 186 187 188 189 190 191 192 193 15724841928488827079
9 1 20 93 40 52 54 57 63 64 65 66 67 68 70 72 75 77 78 79 83 84 85 86 87 89 90 92 93 95 97 100 101 102 105 106 108 109 112 113 114 115 116 117 118 119 121 122 124 125 126 127 128 131 133 134 135 138 139 142 143 144 145 147 148 149 150 154 155 156 158 159 161 164 165 167 168 169 171 173 174 175 179 180 181 182 183 184 185 186 187 188 189 190 191 192 193 15724841928488827079
1 3 1 194 53 94 40 52 54 57 63 64 65 66 67 68 70 72 75 77 78 79 83 84 85 86 87 89 90 92 93 95 97 100 101 102 105 106 108 109 112 113 114 115 116 117 118 119 121 122 124 125 126 127 128 131 133 134 135 138 139 142 143 144 145 147 148 149 150 154 155 156 158 159 161 164 165 167 168 169 171 173 174 175 179 180 181 182 183 184 185 186 187 188 189 190 191 192 193 194 5720231984534824022
1 6 3 195 7 64 118 179 95 40 52 54 57 63 64 65 66 67 68 70 72 75 77 78 79 83 84 85 86 87 89 90 92 93 95 97 100 101 102 105 106 108 109 112 113 114 115 116 117 118 119 121 122 124 125 126 127 128 131 133 134 135 138 139 142 143 144 145 147 148 149 150 154 155 156 158 159 161 164 165 167 168 169 171 173 174 175 179 180 181 182 183 184 185 186 187 188 189 190 191 192 193 194 195 8635752748569212040
3 1 39 94 40 52 54 57 63 64 65 66 67 68 70 72 75 77 78 79 83 84 85 86 87 89 90 92 93 95 97 100 101 102 105 106 108 109 112 113 114 115 116 117 118 119 121 122 124 125 126 127 128 131 133 134 135 138 139 142 143 144 145 147 148 149 150 154 155 156 158 159 161 164 165 167 168 169 171 173 175 179 180 181 182 183 184 185 186 187 188 189 190 191 192 193 194 195 16793776989637916769
14 1 2 94 40 52 54 57 63 64 65 66 67 68 70 72 75 77 78 79 83 84 85 86 87 89 90 92 93 95 97 100 101 102 105 106 108 109 112 113 114 115 116 117 118 119 121 122 124 125 126 127 128 131 133 134 135 138 139 142 143 144 145 147 148 149 150 154 155 156 158 159 161 164 165 167 168 169 171 173 175 179 180 181 182 183 184 185 186 187 188 189 190 191 192 193 194 195 16793776989637916769
4 1 2 94 40 52 54 57 63 64 65 66 67 68 70 72 75 77 78 79 83 84 85 86 87 89 90 92 93 95 97 100 101 102 105 106 108 109 112 113 114 115 116 117 118 119 121 122 124 125 126 127 128 131 133 134 135 138 139 142 143 144 145 147 148 149 150 154 155 156 158 159 161 164 165 167 168 169 171 173 175 179 180 181 182 183 184 185 186 187 188 189 190 191 192 193 194 195 16793776989637916769
5 2 1 95 94 40 52 54 57 63 64 65 66 67 68 70 72 75 77 78 79 83 84 85 86 87 89 90 92 93 95 97 100 101 102 105 106 108 109 112 113 114 115 116 117 118 119 121 122 124 125 126 127 128 131 133 134 135 138 139 142 143 144 145 147 148 149 150 154 155 156 158 159 161 164 165 167 168 169 171 173 175 179 180 181 182 183 184 185 186 187 188 189 190 191 192 193 194 195 16793776989637916769
3 1 21 94 40 52 54 57 63 64 65 66 67 68 70 72 75 77 78 79 83 84 85 86 87 89 90 92 93 95 97 100 101 102 105 106 108 109 112 113 114 115 116 117 118 119 121 122 124 125 126 127 128 131 133 134 135 138 139 142 143 144 145 147 148 149 150 154 155 156 158 159 161 164 165 167 168 169 171 173 175 179 180 181 182 183 184 185 186 187 188 189 190 191 192 193 194 195 16793776989637916769
3 1 40 93 40 52 54 57 63 64 65 66 67 68 70 72 75 77 78 79 83 84 85 86 87 89 90 92 93 95 97 100 101 102 105 106 108 109 112 113 114 115 116 117 118 119 121 122 124 125 126 127 128 131 133 134 135 138 139 142 143 144 145 147 148 149 150 154 155 156 158 159 161 164 165 167 168 169 171 173 175 179 180 181 182 184 185 186 187 188 189 190 191 192 193 194 195 12155994343412726230
12 3 127 6 191 93 40 52 54 57 63 64 65 66 67 68 70 72 75 77 78 79 83 84 85 86 87 89 90 92 93 95 97 100 101 102 105 106 108 109 112 113 114 115 116 117 118 119 121 122 124 125 126 127 128 131 133 134 135 138 139 142 143 144 145 147 148 149 150 154 155 156 158 159 161 164 165 167 168 169 171 173 175 179 180 181 182 184 185 186 187 188 189 190 191 192 193 194 195 11459731176347693223
1 3 1 196 30 94 40 52 54 57 63 64 65 66 67 68 70 72 75 77 78 79 83 84 85 86 87 89 90 92 93 95 97 100 101 102 105 106 108 109 112 113 114 115 116 117 118 119 121 122 124 125 126 127 128 131 133 134 135 138 139 142 143 144 145 147 148 149 150 154 155 156 158 159 161 164 165 167 168 169 171 173 175 179 180 181 182 184 185 186 187 188 189 190 191 192 193 194 195 196 7380184936616776538
6 2 1 56 94 40 52 54 57 63 64 65 66 67 68 70 72 75 77 78 79 83 84 85 86 87 89 90 92 93 95 97 100 101 102 105 106 108 109 112 113 114 115 116 117 118 119 121 122 124 125 126 127 128 131 133 134 135 138 139 142 143 144 145 147 148 149 150 154 155 156 158 159 161 164 165 167 168 169 171 173 175 179 180 181 182 184 185 186 187 188 189 190 191 192 193 194 195 196 7380184936616776538
13 2 144 100 94 40 52 54 57 63 64 65 66 67 68 70 72 75 77 78 79 83 84 85 86 87 89 90 92 93 95 97 100 101 102 105 106 108 109 112 113 114 115 116 117 118 119 121 122 124 125 126 127 128 131 133 134 135 138 139 142 143 144 145 147 148 149 150 154 155 156 158 159 161 164 165 167 168 169 171 173 175 179 180 181 182 184 185 186 187 188 189 190 191 192 193 194 195 196 5080888030970605743
2 2 67 62 94 40 52 54 57 63 64 65 66 67 68 70 72 75 77 78 79 83 84 85 86 87 89 90 92 93 95 97 100 101 102 105 106 108 109 112 113 114 115 116 117 118 119 121 122 124 125 126 127 128 131 133 134 135 138 139 142 143 144 145 147 148 149 150 154 155 156 158 159 161 164 165 167 168 169 171 173 175 179 180 181 182 184 185 186 187 188 189 190 191 192 193 194 195 196 5080888030970605743
3 1 37 94 40 52 54 57 63 64 65 66 67 68 70 72 75 77 78 79 83 84 85 86 87 89 90 92 93 95 97 100 101 102 105 106 108 109 112 113 114 115 116 117 118 119 121 122 124 125 126 127 128 131 133 134 135 138 139 142 143 144 145 147 148 149 150 154 155 156 158 159 161 164 165 167 168 169 171 173 175 179 180 181 182 184 185 186 187 188 189 190 191 192 193 194 195 196 5080888030970605743
1 10 3 197 14 72 139 0 122 70 134 85 95 40 52 54 57 63 64 65 66 67 68 70 72 75 77 78 79 83 84 85 86 87 89 90 92 93 95 97 100 101 102 105 106 108 109 112 113 114 115 116 117 118 119 121 122 124 125 126 127 128 131 133 134 135 138 139 142 143 144 145 147 148 149 150 154 155 156 158 159 161 164 165 167 168 169 171 173 175 179 180 181 182 184 185 186 187 188 189 190 191 192 193 194 195 196 197 8902465108939285066
9 1 14 95 40 52 54 57 63 64 65 66 67 68 70 72 75 77 78 79 83 84 85 86 87 89 90 92 93 95 97 100 101 102 105 106 108 109 112 113 114 115 116 117 118 119 121 122 124 125 126 127 128 131 133 134 135 138 139 142 143 144 145 147 148 149 150 154 155 156 158 159 161 164 165 167 168 169 171 173 175 179 180 181 182 184 185 186 187 188 189 190 191 192 193 194 195 196 197 8902465108939285066
13 2 121 84 95 40 52 54 57 63 64 65 66 67 68 70 72 75 77 78 79 83 84 85 86 87 89 90 92 93 95 97 100 101 102 105 106 108 109 112 113 114 115 116 117 118 119 121 122 124 125 126 127 128 131 133 134 135 138 139 142 143 144 145 147 148 149 150 154 155 156 158 159 161 164 165 167 168 169 171 173 175 179 180 181 182 184 185 186 187 188 189 190 191 192 193 194 195 196 197 1303492853652484931
11 0 93 40 52 54 57 63 64 65 66 67 68 70 72 75 77 78 79 83 84 85 86 87 89 90 92 93 95 97 100 101 102 105 106 108 109 112 113 114 115 116 117 118 119 121 122 124 125 126 127 128 131 133 134 135 138 139 142 143 144 145 147 148 149 150 154 155 156 158 159 161 164 165 167 168 169 171 173 175 179 180 181 182 184 185 186 187 189 190 191 192 193 194 195 196 4331131239090662423
10 0 92 40 52 54 57 63 64 65 66 67 68 70 72 75 77 78 79 83 84 85 86 87 89 90 92 93 95 97 100 101 102 105 106 108 109 112 113 114 115 116 117 118 119 121 122 124 125 126 127 128 131 134 135 138 139 142 143 144 145 147 148 149 150 154 155 156 158 159 161 164 165 167 168 169 171 173 175 179 180 181 182 184 185 186 187 189 190 191 192 193 194 195 196 12894078951124966030
3 1 53 91 40 52 54 57 63 64 65 66 67 68 70 72 75 77 78 79 83 84 85 86 87 89 90 92 93 95 97 100 101 102 105 106 108 109 112 113 114 115 116 117 118 119 121 122 124 125 126 127 128 131 134 135 138 139 142 143 144 145 147 148 149 150 154 155 156 158 159 161 164 165 167 168 169 171 173 175 179 180 181 182 184 185 186 187 189 190 191 192 193 195 196 17358511434709451379
6 2 0 18 91 40 52 54 57 63 64 65 66 67 68 70 72 75 77 78 79 83 84 85 86 87 89 90 92 93 95 97 100 101 102 105 106 108 109 112 113 114 115 116 117 118 119 121 122 124 125 126 127 128 131 134 135 138 139 142 143 144 145 147 148 149 150 154 155 156 158 159 161 164 165 167 168 169 171 173 175 179 180 181 182 184 185 186 187 189 190 191 192 193 195 196 17358511434709451379
1 3 1 198 18 92 40 52 54 57 63 64 65 66 67 68 70 72 75 77 78 79 83 84 85 86 87 89 90 92 93 95 97 100 101 102 105 106 108 109 112 113 114 115 116 117 118 119 121 122 124 125 126 127 128 131 134 135 138 139 142 143 144 145 147 148 149 150 154 155 156 158 159 161 164 165 167 168 169 171 173 175 179 180 181 182 184 185 186 187 189 190 191 192 193 195 196 198 10879622292915406642
9 1 12 92 40 52 54 57 63 64 65 66 67 68 70 72 75 77 78 79 83 84 85 86 87 89 90 92 93 95 97 100 101 102 105 106 108 109 112 113 114 115 116 117 118 119 121 122 124 125 126 127 128 131 134 135 138 139 142 143 144 145 147 148 149 150 154 155 156 158 159 161 164 165 167 168 169 171 173 175 179 180 181 182 184 185 186 187 189 190 191 192 193 195 196 198 10879622292915406642
1 3 1 199 37 93 40 52 54 57 63 64 65 66 67 68 70 72 75 77 78 79 83 84 85 86 87 89 90 92 93 95 97 100 101 102 105 106 108 109 112 113 114 115 116 117 118 119 121 122 124 125 126 127 128 131 134 135 138 139 142 143 144 145 147 148 149 150 154 155 156 158 159 161 164 165 167 168 169 171 173 175 179 180 181 182 184 185 186 187 189 190 191 192 193 195 196 198 199 9237276170593601083
5 2 0 142 92 40 52 54 57 63 64 65 66 67 68 70 72 75 77 78 79 83 84 85 86 87 89 90 92 93 95 97 100 101 102 105 106 108 109 112 113 114 115 116 117 118 119 121 122 124 125 126 127 128 131 134 135 138 139 142 143 144 145 147 148 149 150 154 155 156 158 159 161 164 165 167 168 169 171 173 175 179 180 181 184 185 186 187 189 190 191 192 193 195 196 198 199 8822756361938138536
1 11 2 200 40 175 83 52 124 89 100 102 193 93 40 52 54 57 63 64 65 66 67 68 70 72 75 77 78 79 83 84 85 86 87 89 90 92 93 95 97 100 101 102 105 106 108 109 112 113 114 115 116 117 118 119 121 122 124 125 126 127 128 131 134 135 138 139 142 143 144 145 147 148 149 150 154 155 156 158 159 161 164 165 167 168 169 171 173 175 179 180 181 184 185 186 187 189 190 191 192 193 195 196 198 199 200 11319691000242079842
5 2 0 57 93 40 52 54 57 63 64 65 66 67 68 70 72 75 77 78 79 83 84 85 86 87 89 90 92 93 95 97 100 101 102 105 106 108 109 112 113 114 115 116 117 118 119 121 122 124 125 126 127 128 131 134 135 138 139 142 143 144 145 147 148 149 150 154 155 156 158 159 161 164 165 167 168 169 171 173 175 179 180 181 184 185 186 187 189 190 191 192 193 195 196 198 199 200 11319691000242079842
6 2 0 9 93 40 52 54 57 63 64 65 66 67 68 70 72 75 77 78 79 83 84 85 86 87 89 90 92 93 95 97 100 101 102 105 106 108 109 112 113 114 115 116 117 118 119 121 122 124 125 126 127 128 131 134 135 138 139 142 143 144 145 147 148 149 150 154 155 156 158 159 161 164 165 167 168 169 171 173 175 179 180 181 184 185 186 187 189 190 191 192 193 195 196 198 199 200 11319691000242079842
9 1 49 93 40 52 54 57 63 64 65 66 67 68 70 72 75 77 78 79 83 84 85 86 87 89 90 92 93 95 97 100 101 102 105 106 108 109 112 113 114 115 116 117 118 119 121 122 124 125 126 127 128 131 134 135 138 139 142 143 144 145 147 148 149 150 154 155 156 158 159 161 164 165 167 168 169 171 173 175 179 180 181 184 185 186 187 189 190 191 192 193 195 196 198 199 200 11319691000242079842
5 2 0 95 93 40 52 54 57 63 64 65 66 67 68 70 72 75 77 78 79 83 84 85 86 87 89 90 92 93 95 97 100 101 102 105 106 108 109 112 113 114 115 116 117 118 119 121 122 124 125 126 127 128 131 134 135 138 139 142 143 144 145 147 148 149 150 154 155 156 158 159 161 164 165 167 168 169 171 173 175 179 180 181 184 185 186 187 189 190 191 192 193 195 196 198 199 200 11319691000242079842
4 1 16 93 40 52 54 57 63 64 65 66 67 68 70 72 75 77 78 79 83 84 85 86 87 89 90 92 93 95 97 100 101 102 105 106 108 109 112 113 114 115 116 117 118 119 121 122 124 125 126 127 128 131 134 135 138 139 142 143 144 145 147 148 149 150 154 155 156 158 159 161 164 165 167 168 169 171 173 175 179 180 181 184 185 186 187 189 190 191 192 193 195 196 198 199 200 11319691000242079842
1 11 2 201 19 66 128 148 54 159 147 93 199 94 40 52 54 57 63 64 65 66 67 68 70 72 75 77 78 79 83 84 85 86 87 89 90 92 93 95 97 100 101 102 105 106 108 109 112 113 114 115 116 117 118 119 121 122 124 125 126 127 128 131 134 135 138 139 142 143 144 145 147 148 149 150 154 155 156 158 159 161 164 165 167 168 169 171 173 175 179 180 181 184 185 186 187 189 190 191 192 193 195 196 198 199 200 201 1469815163450501028
1 3 3 202 23 95 40 52 54 57 63 64 65 66 67 68 70 72 75 77 78 79 83 84 85 86 87 89 90 92 93 95 97 100 101 102 105 106 108 109 112 113 114 115 116 117 118 119 121 122 124 125 126 127 128 131 134 135 138 139 142 143 144 145 147 148 149 150 154 155 156 158 159 161 164 165 167 168 169 171 173 175 179 180 181 184 185 186 187 189 190 191 192 193 195 196 198 199 200 201 202 12264692225321572177
14 1 2 95 40 52 54 57 63 64 65 66 67 68 70 72 75 77 78 79 83 84 85 86 87 89 90 92 93 95 97 100 101 102 105 106 108 109 112 113 114 115 116 117 118 119 121 122 124 125 126 127 128 131 134 135 138 139 142 143 144 145 147 148 149 150 154 155 156 158 159 161 164 165 167 168 169 171 173 175 179 180 181 184 185 186 187 189 190 191 192 193 195 196 198 199 200 201 202 12264692225321572177
8 1 93 95 40 52 54 57 63 64 65 66 67 68 70 72 75 77 78 79 83 84 85 86 87 89 90 92 93 95 97 100 101 102 105 106 108 109 112 113 114 115 116 117 118 119 121 122 124 125 126 127 128 131 134 135 138 139 142 143 144 145 147 148 149 150 154 155 156 158 159 161 164 165 167 168 169 171 173 175 179 180 181 184 185 186 187 189 190 191 192 193 195 196 198 199 200 201 202 12264692225321572177
1 3 1 203 12 96 40 52 54 57 63 64 65 66 67 68 70 72 75 77 78 79 83 84 85 86 87 89 90 92 93 95 97 100 101 102 105 106 108 109 112 113 114 115 116 117 118 119 121 122 124 125 126 127 128 131 134 135 138 139 142 143 144 145 147 148 149 150 154 155 156 158 159 161 164 165 167 168 169 171 173 175 179 180 181 184 185 186 187 189 190 191 192 193 195 196 198 199 200 201 202 203 17994087612175609576
11 0 96 40 52 54 57 63 64 65 66 67 68 70 72 75 77 78 79 83 84 85 86 87 89 90 92 93 95 97 100 101 102 105 106 108 109 112 113 114 115 116 117 118 119 121 122 124 125 126 127 128 131 134 135 138 139 142 143 144 145 147 148 149 150 154 155 156 158 159 161 164 165 167 168 169 171 173 175 179 180 181 184 185 186 187 189 190 191 192 193 195 196 198 199 200 201 202 203 17994087612175609576
3 1 7 94 40 52 54 57 63 64 65 66 67 68 70 72 75 77 78 79 83 84 85 86 87 89 90 92 93 95 97 100 101 102 105 106 108 109 112 113 114 115 116 117 118 119 121 122 124 125 126 127 128 131 134 135 138 139 142 143 144 145 147 148 149 150 154 155 156 158 159 161 164 165 167 168 169 171 173 175 180 181 184 185 186 187 189 190 191 192 193 196 198 199 200 201 202 203 1287105448582440638
8 1 201 94 40 52 54 57 63 64 65 66 67 68 70 72 75 77 78 79 83 84 85 86 87 89 90 92 93 95 97 100 101 102 105 106 108 109 112 113 114 115 116 117 118 119 121 122 124 125 126 127 128 131 134 135 138 139 142 143 144 145 147 148 149 150 154 155 156 158 159 161 164 165 167 168 169 171 173 175 180 181 184 185 186 187 189 190 191 192 193 196 198 199 200 201 202 203 1287105448582440638
5 2 0 191 94 40 52 54 57 63 64 65 66 67 68 70 72 75 77 78 79 83 84 85 86 87 89 90 92 93 95 97 100 101 102 105 106 108 109 112 113 114 115 116 117 118 119 121 122 124 125 126 127 128 131 134 135 138 139 142 143 144 145 147 148 149 150 154 155 156 158 159 161 164 165 167 168 169 171 173 175 180 181 184 185 186 187 189 190 191 192 193 196 198 199 200 201 202 203 1287105448582440638
3 1 15 94 40 52 54 57 63 64 65 66 67 68 70 72 75 77 78 79 83 84 85 86 87 89 90 92 93 95 97 100 101 102 105 106 108 109 112 113 114 115 116 117 118 119 121 122 124 125 126 127 128 131 134 135 138 139 142 143 144 145 147 148 149 150 154 155 156 158 159 161 164 165 167 168 169 171 173 175 180 181 184 185 186 187 189 190 191 192 193 196 198 199 200 201 202 203 1287105448582440638
10 0 93 40 52 54 57 63 64 65 66 67 68 70 72 75 77 78 79 83 84 85 86 87 89 90 92 93 95 97 100 101 102 105 106 108 109 112 113 114 115 116 117 118 119 121 122 124 125 126 127 128 131 134 135 138 139 142 143 144 145 147 148 149 150 154 155 156 158 159 161 164 165 167 168 169 171 173 175 180 181 184 185 186 187 190 191 192 193 196 198 199 200 201 202 203 9229678240970955163
4 1 16 93 40 52 54 57 63 64 65 66 67 68 70 72 75 77 78 79 83 84 85 86 87 89 90 92 93 95 97 100 101 102 105 106 108 109 112 113 114 115 116 117 118 119 121 122 124 125 126 127 128 131 134 135 138 139 142 143 144 145 147 148 149 150 154 155 156 158 159 161 164 165 167 168 169 171 173 175 180 181 184 185 186 187 190 191 192 193 196 198 199 200 201 202 203 9229678240970955163
4 1 8 93 40 52 54 57 63 64 65 66 67 68 70 72 75 77 78 79 83 84 85 86 87 89 90 92 93 95 97 100 101 102 105 106 108 109 112 113 114 115 116 117 118 119 121 122 124 125 126 127 128 131 134 135 138 139 142 143 144 145 147 148 149 150 154 155 156 158 159 161 164 165 167 168 169 171 173 175 180 181 184 185 186 187 190 191 192 193 196 198 199 200 201 202 203 9229678240970955163
10 0 93 40 52 54 57 63 64 65 66 67 68 70 72 75 77 78 79 83 84 85 86 87 89 90 92 93 95 97 100 101 102 105 106 108 109 112 113 114 115 116 117 118 119 121 122 124 125 126 127 128 131 134 135 138 139 142 143 144 145 147 148 149 150 154 155 156 158 159 161 164 165 167 168 169 171 173 175 180 181 184 185 186 187 190 191 192 193 196 198 199 200 201 202 203 9229678240970955163
10 0 93 40 52 54 57 63 64 65 66 67 68 70 72 75 77 78 79 83 84 85 86 87 89 90 92 93 95 97 100 101 102 105 106 108 109 112 113 114 115 116 117 118 119 121 122 124 125 126 127 128 131 134 135 138 139 142 143 144 145 147 148 149 150 154 155 156 158 159 161 164 165 167 168 169 171 173 175 180 181 184 185 186 187 190 191 192 193 196 198 199 200 201 202 203 9229678240970955163
4 1 9 93 40 52 54 57 63 64 65 66 67 68 70 72 75 77 78 79 83 84 85 86 87 89 90 92 93 95 97 100 101 102 105 106 108 109 112 113 114 115 116 117 118 119 121 122 124 125 126 127 128 131 134 135 138 139 142 143 144 145 147 148 149 150 154 155 156 158 159 161 164 165 167 168 169 171 173 175 180 181 184 185 186 187 190 191 192 193 196 198 199 200 201 202 203 9229678240970955163
1 3 1 204 9 94 40 52 54 57 63 64 65 66 67 68 70 72 75 77 78 79 83 84 85 86 87 89 90 92 93 95 97 100 101 102 105 106 108 109 112 113 114 115 116 117 118 119 121 122 124 125 126 127 128 131 134 135 138 139 142 143 144 145 147 148 149 150 154 155 156 158 159 161 164 165 167 168 169 171 173 175 180 181 184 185 186 187 190 191 192 193 196 198 199 200 201 202 203 204 9851192310324958990
1 3 1 205 20 95 40 52 54 57 63 64 65 66 67 68 70 72 75 77 78 79 83 84 85 86 87 89 90 92 93 95 97 100 101 102 105 106 108 109 112 113 114 115 116 117 118 119 121 122 124 125 126 127 128 131 134 135 138 139 142 143 144 145 147 148 149 150 154 155 156 158 159 161 164 165 167 168 169 171 173 175 180 181 184 185 186 187 190 191 192 193 196 198 199 200 201 202 203 204 205 183226469177965503
14 1 1 95 40 52 54 57 63 64 65 66 67 68 70 72 75 77 78 79 83 84 85 86 87 89 90 92 93 95 97 100 101 102 105 106 108 109 112 113 114 115 116 117 118 119 121 122 124 125 126 127 128 131 134 135 138 139 142 143 144 145 147 148 149 150 154 155 156 158 159 161 164 165 167 168 169 171 173 175 180 181 184 185 186 187 190 191 192 193 196 198 199 200 201 202 203 204 205 183226469177965503
12 3 128 1 159 95 40 52 54 57 63 64 65 66 67 68 70 72 75 77 78 79 83 84 85 86 87 89 90 92 93 95 97 100 101 102 105 106 108 109 112 113 114 115 116 117 118 119 121 122 124 125 126 127 128 131 134 135 138 139 142 143 144 145 147 148 149 150 154 155 156 158 159 161 164 165 167 168 169 171 173 175 180 181 184 185 186 187 190 191 192 193 196 198 199 200 201 202 203 204 205 17439958846423985202
5 2 1 64 95 40 52 54 57 63 64 65 66 67 68 70 72 75 77 78 79 83 84 85 86 87 89 90 92 93 95 97 100 101 102 105 106 108 109 112 113 114 115 116 117 118 119 121 122 124 125 126 127 128 131 134 135 138 139 142 143 144 145 147 148 149 150 154 155 156 158 159 161 164 165 167 168 169 171 173 175 180 181 184 185 186 187 190 191 192 193 196 198 199 200 201 202 203 204 205 17439958846423985202
1 3 3 206 7 96 40 52 54 57 63 64 65 66 67 68 70 72 75 77 78 79 83 84 85 86 87 89 90 92 93 95 97 100 101 102 105 106 108 109 112 113 114 115 116 117 118 119 121 122 124 125 126 127 128 131 134 135 138 139 142 143 144 145 147 148 149 150 154 155 156 158 159 161 164 165 167 168 169 171 173 175 180 181 184 185 186 187 190 191 192 193 196 198 199 200 201 202 203 204 205 206 9271560753145413071
8 1 113 96 40 52 54 57 63 64 65 66 67 68 70 72 75 77 78 79 83 84 85 86 87 89 90 92 93 95 97 100 101 102 105 106 108 109 112 113 114 115 116 117 118 119 121 122 124 125 126 127 128 131 134 135 138 139 142 143 144 145 147 148 149 150 154 155 156 158 159 161 164 165 167 168 169 171 173 175 180 181 184 185 186 187 190 191 192 193 196 198 199 200 201 202 203 204 205 206 9271560753145413071
8 1 83 96 40 52 54 57 63 64 65 66 67 68 70 72 75 77 78 79 83 84 85 86 87 89 90 92 93 95 97 100 101 102 105 106 108 109 112 113 114 115 116 117 118 119 121 122 124 125 126 127 128 131 134 135 138 139 142 143 144 145 147 148 149 150 154 155 156 158 159 161 164 165 167 168 169 171 173 175 180 181 184 185 186 187 190 191 192 193 196 198 199 200 201 202 203 204 205 206 9271560753145413071
2 2 199 39 96 40 52 54 57 63 64 65 66 67 68 70 72 75 77 78 79 83 84 85 86 87 89 90 92 93 95 97 100 101 102 105 106 108 109 112 113 114 115 116 117 118 119 121 122 124 125 126 127 128 131 134 135 138 139 142 143 144 145 147 148 149 150 154 155 156 158 159 161 164 165 167 168 169 171 173 175 180 181 184 185 186 187 190 191 192 193 196 198 199 200 201 202 203 204 205 206 9271560753145413071
8 1 122 96 40 52 54 57 63 64 65 66 67 68 70 72 75 77 78 79 83 84 85 86 87 89 90 92 93 95 97 100 101 102 105 106 108 109 112 113 114 115 116 117 118 119 121 122 124 125 126 127 128 131 134 135 138 139 142 143 144 145 147 148 149 150 154 155 156 158 159 161 164 165 167 168 169 171 173 175 180 181 184 185 186 187 190 191 192 193 196 198 199 200 201 202 203 204 205 206 9271560753145413071
5 2 0 155 96 40 52 54 57 63 64 65 66 67 68 70 72 75 77 78 79 83 84 85 86 87 89 90 92 93 95 97 100 101 102 105 106 108 109 112 113 114 115 116 117 118 119 121 122 124 125 126 127 128 131 134 135 138 139 142 143 144 145 147 148 149 150 154 155 156 158 159 161 164 165 167 168 169 171 173 175 180 181 184 185 186 187 190 191 192 193 196 198 199 200 201 202 203 204 205 206 9271560753145413071
8 1 83 96 40 52 54 57 63 64 65 66 67 68 70 72 75 77 78 79 83 84 85 86 87 89 90 92 93 95 97 100 101 102 105 106 108 109 112 113 114 115 116 117 118 119 121 122 124 125 126 127 128 131 134 135 138 139 142 143 144 145 147 148 149 150 154 155 156 158 159 161 164 165 167 168 169 171 173 175 180 181 184 185 186 187 190 191 192 193 196 198 199 200 201 202 203 204 205 206 9271560753145413071
12 3 155 0 126 96 40 52 54 57 63 64 65 66 67 68 70 72 75 77 78 79 83 84 85 86 87 89 90 92 93 95 97 100 101 102 105 106 108 109 112 113 114 115 116 117 118 119 121 122 124 125 126 127 128 131 134 135 138 139 142 143 144 145 147 148 149 150 154 155 156 158 159 161 164 165 167 168 169 171 173 175 180 181 184 185 186 187 190 191 192 193 196 198 199 200 201 202 203 204 205 206 3943869739809247319
11 0 96 40 52 54 57 63 64 65 66 67 68 70 72 75 77 78 79 83 84 85 86 87 89 90 92 93 95 97 100 101 102 105 106 108 109 112 113 114 115 116 117 118 119 121 122 124 125 126 127 128 131 134 135 138 139 142 143 144 145 147 148 149 150 154 155 156 158 159 161 164 165 167 168 169 171 173 175 180 181 184 185 186 187 190 191 192 193 196 198 199 200 201 202 203 204 205 206 3943869739809247319
1 3 1 207 14 97 40 52 54 57 63 64 65 66 67 68 70 72 75 77 78 79 83 84 85 86 87 89 90 92 93 95 97 100 101 102 105 106 108 109 112 113 114 115 116 117 118 119 121 122 124 125 126 127 128 131 134 135 138 139 142 143 144 145 147 148 149 150 154 155 156 158 159 161 164 165 167 168 169 171 173 175 180 181 184 185 186 187 190 191 192 193 196 198 199 200 201 202 203 204 205 206 207 14578368284387377866
10 0 97 40 52 54 57 63 64 65 66 67 68 70 72 75 77 78 79 83 84 85 86 87 89 90 92 93 95 97 100 101 102 105 106 108 109 112 113 114 115 116 117 118 119 121 122 124 125 126 127 128 131 134 135 138 139 142 143 144 145 147 148 149 150 154 155 156 158 159 161 164 165 167 168 169 171 173 175 180 181 184 185 186 187 190 191 192 193 196 198 199 200 201 202 203 204 205 206 207 14578368284387377866
1 3 1 208 44 98 40 52 54 57 63 64 65 66 67 68 70 72 75 77 78 79 83 84 85 86 87 89 90 92 93 95 97 100 101 102 105 106 108 109 112 113 114 115 116 117 118 119 121 122 124 125 126 127 128 131 134 135 138 139 142 143 144 145 147 148 149 150 154 155 156 158 159 161 164 165 167 168 169 171 173 175 180 181 184 185 186 187 190 191 192 193 196 198 199 200 201 202 203 204 205 206 207 208 11753204718934990607
1 3 1 209 16 99 40 52 54 57 63 64 65 66 67 68 70 72 75 77 78 79 83 84 85 86 87 89 90 92 93 95 97 100 101 102 105 106 108 109 112 113 114 115 116 117 118 119 121 122 124 125 126 127 128 131 134 135 138 139 142 143 144 145 147 148 149 150 154 155 156 158 159 161 164 165 167 168 169 171 173 175 180 181 184 185 186 187 190 191 192 193 196 198 199 200 201 202 203 204 205 206 207 208 209 12679163682471205270
14 1 8 99 40 52 54 57 63 64 65 66 67 68 70 72 75 77 78 79 83 84 85 86 87 89 90 92 93 95 97 100 101 102 105 106 108 109 112 113 114 115 116 117 118 119 121 122 124 125 126 127 128 131 134 135 138 139 142 143 144 145 147 148 149 150 154 155 156 158 159 161 164 165 167 168 169 171 173 175 180 181 184 185 186 187 190 191 192 193 196 198 199 200 201 202 203 204 205 206 207 208 209 12679163682471205270
6 2 0 39 99 40 52 54 57 63 64 65 66 67 68 70 72 75 77 78 79 83 84 85 86 87 89 90 92 93 95 97 100 101 102 105 106 108 109 112 113 114 115 116 117 118 119 121 122 124 125 126 127 128 131 134 135 138 139 142 143 144 145 147 148 149 150 154 155 156 158 159 161 164 165 167 168 169 171 173 175 180 181 184 185 186 187 190 191 192 193 196 198 199 200 201 202 203 204 205 206 207 208 209 12679163682471205270
1 12 3 210 45 70 148 164 180 155 72 79 161 193 100 40 52 54 57 63 64 65 66 67 68 70 72 75 77 78 79 83 84 85 86 87 89 90 92 93 95 97 100 101 102 105 106 108 109 112 113 114 115 116 117 118 119 121 122 124 125 126 127 128 131 134 135 138 139 142 143 144 145 147 148 149 150 154 155 156 158 159 161 164 165 167 168 169 171 173 175 180 181 184 185 186 187 190 191 192 193 196 198 199 200 201 202 203 204 205 206 207 208 209 210 6299457382852281812
11 0 100 40 52 54 57 63 64 65 66 67 68 70 72 75 77 78 79 83 84 85 86 87 89 90 92 93 95 97 100 101 102 105 106 108 109 112 113 114 115 116 117 118 119 121 122 124 125 126 127 128 131 134 135 138 139 142 143 144 145 147 148 149 150 154 155 156 158 159 161 164 165 167 168 169 171 173 175 180 181 184 185 186 187 190 191 192 193 196 198 199 200 201 202 203 204 205 206 207 208 209 210 6299457382852281812
6 2 13 19 100 40 52 54 57 63 64 65 66 67 68 70 72 75 77 78 79 83 84 85 86 87 89 90 92 93 95 97 100 101 102 105 106 108 109 112 113 114 115 116 117 118 119 121 122 124 125 126 127 128 131 134 135 138 139 142 143 144 145 147 148 149 150 154 155 156 158 159 161 164 165 167 168 169 171 173 175 180 181 184 185 186 187 190 191 192 193 196 198 199 200 201 202 203 204 205 206 207 208 209 210 6299457382852281812
8 1 128 100 40 52 54 57 63 64 65 66 67 68 70 72 75 77 78 79 83 84 85 86 87 89 90 92 93 95 97 100 101 102 105 106 108 109 112 113 114 115 116 117 118 119 121 122 124 125 126 127 128 131 134 135 138 139 142 143 144 145 147 148 149 150 154 155 156 158 159 161 164 165 167 168 169 171 173 175 180 181 184 185 186 187 190 191 192 193 196 198 199 200 201 202 203 204 205 206 207 208 209 210 6299457382852281812
8 1 204 100 40 52 54 57 63 64 65 66 67 68 70 72 75 77 78 79 83 84 85 86 87 89 90 92 93 95 97 100 101 102 105 106 108 109 112 113 114 115 116 117 118 119 121 122 124 125 126 127 128 131 134 135 138 139 142 143 144 145 147 148 149 150 154 155 156 158 159 161 164 165 167 168 169 171 173 175 180 181 184 185 186 187 190 191 192 193 196 198 199 200 201 202 203 204 205 206 207 208 209 210 6299457382852281812
3 1 38 100 40 52 54 57 63 64 65 66 67 68 70 72 75 77 78 79 83 84 85 86 87 89 90 92 93 95 97 100 101 102 105 106 108 109 112 113 114 115 116 117 118 119 121 122 124 125 126 127 128 131 134 135 138 139 142 143 144 145 147 148 149 150 154 155 156 158 159 161 164 165 167 168 169 171 173 175 180 181 184 185 186 187 190 191 192 193 196 198 199 200 201 202 203 204 205 206 207 208 209 210 6299457382852281812
1 3 1 211 25 101 40 52 54 57 63 64 65 66 67 68 70 72 75 77 78 79 83 84 85 86 87 89 90 92 93 95 97 100 101 102 105 106 108 109 112 113 114 115 116 117 118 119 121 122 124 125 126 127 128 131 134 135 138 139 142 143 144 145 147 148 149 150 154 155 156 158 159 161 164 165 167 168 169 171 173 175 180 181 184 185 186 187 190 191 192 193 196 198 199 200 201 202 203 204 205 206 207 208 209 210 211 6390811679996258201
5 2 11 75 101 40 52 54 57 63 64 65 66 67 68 70 72 75 77 78 79 83 84 85 86 87 89 90 92 93 95 97 100 101 102 105 106 108 109 112 113 114 115 116 117 118 119 121 122 124 125 126 127 128 131 134 135 138 139 142 143 144 145 147 148 149 150 154 155 156 158 159 161 164 165 167 168 169 171 173 175 180 181 184 185 186 187 190 191 192 193 196 198 199 200 201 202 203 204 205 206 207 208 209 210 211 6390811679996258201
1 4 2 212 10 93 102 40 52 54 57 63 64 65 66 67 68 70 72 75 77 78 79 83 84 85 86 87 89 90 92 93 95 97 100 101 102 105 106 108 109 112 113 114 115 116 117 118 119 121 122 124 125 126 127 128 131 134 135 138 139 142 143 144 145 147 148 149 150 154 155 156 158 159 161 164 165 167 168 169 171 173 175 180 181 184 185 186 187 190 191 192 193 196 198 199 200 201 202 203 204 205 206 207 208 209 210 211 212 6749305529724619249
12 3 184 0 173 102 40 52 54 57 63 64 65 66 67 68 70 72 75 77 78 79 83 84 85 86 87 89 90 92 93 95 97 100 101 102 105 106 108 109 112 113 114 115 116 117 118 119 121 122 124 125 126 127 128 131 134 135 138 139 142 143 144 145 147 148 149 150 154 155 156 158 159 161 164 165 167 168 169 171 173 175 180 181 184 185 186 187 190 191 192 193 196 198 199 200 201 202 203 204 205 206 207 208 209 210 211 212 7306703154552538190
14 1 32 102 40 52 54 57 63 64 65 66 67 68 70 72 75 77 78 79 83 84 85 86 87 89 90 92 93 95 97 100 101 102 105 106 108 109 112 113 114 115 116 117 118 119 121 122 124 125 126 127 128 131 134 135 138 139 142 143 144 145 147 148 149 150 154 155 156 158 159 161 164 165 167 168 169 171 173 175 180 181 184 185 186 187 190 191 192 193 196 198 199 200 201 202 203 204 205 206 207 208 209 210 211 212 7306703154552538190
10 0 102 40 52 54 57 63 64 65 66 67 68 70 72 75 77 78 79 83 84 85 86 87 89 90 92 93 95 97 100 101 102 105 106 108 109 112 113 114 115 116 117 118 119 121 122 124 125 126 127 128 131 134 135 138 139 142 143 144 145 147 148 149 150 154 155 156 158 159 161 164 165 167 168 169 171 173 175 180 181 184 185 186 187 190 191 192 193 196 198 199 200 201 202 203 204 205 206 207 208 209 210 211 212 7306703154552538190
2 2 72 21 102 40 52 54 57 63 64 65 66 67 68 70 72 75 77 78 79 83 84 85 86 87 89 90 92 93 95 97 100 101 102 105 106 108 109 112 113 114 115 116 117 118 119 121 122 124 125 126 127 128 131 134 135 138 139 142 143 144 145 147 148 149 150 154 155 156 158 159 161 164 165 167 168 169 171 173 175 180 181 184 185 186 187 190 191 192 193 196 198 199 200 201 202 203 204 205 206 207 208 209 210 211 212 7306703154552538190
8 1 184 102 40 52 54 57 63 64 65 66 67 68 70 72 75 77 78 79 83 84 85 86 87 89 90 92 93 95 97 100 101 102 105 106 108 109 112 113 114 115 116 117 118 119 121 122 124 125 126 127 128 131 134 135 138 139 142 143 144 145 147 148 149 150 154 155 156 158 159 161 164 165 167 168 169 171 173 175 180 181 184 185 186 187 190 191 192 193 196 198 199 200 201 202 203 204 205 206 207 208 209 210 211 212 7306703154552538190
14 1 32 102 40 52 54 57 63 64 65 66 67 68 70 72 75 77 78 79 83 84 85 86 87 89 90 92 93 95 97 100 101 102 105 106 108 109 112 113 114 115 116 117 118 119 121 122 124 125 126 127 128 131 134 135 138 139 142 143 144 145 147 148 149 150 154 155 156 158 159 161 164 165 167 168 169 171 173 175 180 181 184 185 186 187 190 191 192 193 196 198 199 200 201 202 203 204 205 206 207 208 209 210 211 212 7306703154552538190
10 0 102 40 52 54 57 63 64 65 66 67 68 70 72 75 77 78 79 83 84 85 86 87 89 90 92 93 95 97 100 101 102 105 106 108 109 112 113 114 115 116 117 118 119 121 122 124 125 126 127 128 131 134 135 138 139 142 143 144 145 147 148 149 150 154 155 156 158 159 161 164 165 167 168 169 171 173 175 180 181 184 185 186 187 190 191 192 193 196 198 199 200 201 202 203 204 205 206 207 208 209 210 211 212 7306703154552538190
9 1 23 102 40 52 54 57 63 64 65 66 67 68 70 72 75 77 78 79 83 84 85 86 87 89 90 92 93 95 97 100 101 102 105 106 108 109 112 113 114 115 116 117 118 119 121 122 124 125 126 127 128 131 134 135 138 139 142 143 144 145 147 148 149 150 154 155 156 158 159 161 164 165 167 168 169 171 173 175 180 181 184 185 186 187 190 191 192 193 196 198 199 200 201 202 203 204 205 206 207 208 209 210 211 212 7306703154552538190
11 0 100 40 52 54 57 63 64 65 66 67 68 70 72 75 77 78 79 83 84 85 86 87 89 90 92 93 95 97 100 101 102 105 106 108 109 112 113 114 115 116 117 118 119 121 122 124 125 126 127 128 131 134 135 138 139 142 143 144 145 147 148 149 150 154 155 156 158 159 161 164 165 167 168 169 171 173 175 180 181 184 185 186 187 190 191 192 193 196 198 199 200 203 204 205 206 207 208 209 210 211 212 838109857280449403
6 2 0 55 100 40 52 54 57 63 64 65 66 67 68 70 72 75 77 78 79 83 84 85 86 87 89 90 92 93 95 97 100 101 102 105 106 108 109 112 113 114 115 116 117 118 119 121 122 124 125 126 127 128 131 134 135 138 139 142 143 144 145 147 148 149 150 154 155 156 158 159 161 164 165 167 168 169 171 173 175 180 181 184 185 186 187 190 191 192 193 196 198 199 200 203 204 205 206 207 208 209 210 211 212 838109857280449403
5 2 0 112 100 40 52 54 57 63 64 65 66 67 68 70 72 75 77 78 79 83 84 85 86 87 89 90 92 93 95 97 100 101 102 105 106 108 109 112 113 114 115 116 117 118 119 121 122 124 125 126 127 128 131 134 135 138 139 142 143 144 145 147 148 149 150 154 155 156 158 159 161 164 165 167 168 169 171 173 175 180 181 184 185 186 187 190 191 192 193 196 198 199 200 203 204 205 206 207 208 209 210 211 212 838109857280449403
5 2 0 143 100 40 52 54 57 63 64 65 66 67 68 70 72 75 77 78 79 83 84 85 86 87 89 90 92 93 95 97 100 101 102 105 106 108 109 112 113 114 115 116 117 118 119 121 122 124 125 126 127 128 131 134 135 138 139 142 143 144 145 147 148 149 150 154 155 156 158 159 161 164 165 167 168 169 171 173 175 180 181 184 185 186 187 190 191 192 193 196 198 199 200 203 204 205 206 207 208 209 210 211 212 838109857280449403
2 2 112 56 100 40 52 54 57 63 64 65 66 67 68 70 72 75 77 78 79 83 84 85 86 87 89 90 92 93 95 97 100 101 102 105 106 108 109 112 113 114 115 116 117 118 119 121 122 124 125 126 127 128 131 134 135 138 139 142 143 144 145 147 148 149 150 154 155 156 158 159 161 164 165 167 168 169 171 173 175 180 181 184 185 186 187 190 191 192 193 196 198 199 200 203 204 205 206 207 208 209 210 211 212 838109857280449403
3 1 63 100 40 52 54 57 63 64 65 66 67 68 70 72 75 77 78 79 83 84 85 86 87 89 90 92 93 95 97 100 101 102 105 106 108 109 112 113 114 115 116 117 118 119 121 122 124 125 126 127 128 131 134 135 138 139 142 143 144 145 147 148 149 150 154 155 156 158 159 161 164 165 167 168 169 171 173 175 180 181 184 185 186 187 190 191 192 193 196 198 199 200 203 204 205 206 207 208 209 210 211 212 838109857280449403
8 1 144 100 40 52 54 57 63 64 65 66 67 68 70 72 75 77 78 79 83 84 85 86 87 89 90 92 93 95 97 100 101 102 105 106 108 109 112 113 114 115 116 117 118 119 121 122 124 125 126 127 128 131 134 135 138 139 142 143 144 145 147 148 149 150 154 155 156 158 159 161 164 165 167 168 169 171 173 175 180 181 184 185 186 187 190 191 192 193 196 198 199 200 203 204 205 206 207 208 209 210 211 212 838109857280449403
9 1 4 100 40 52 54 57 63 64 65 66 67 68 70 72 75 77 78 79 83 84 85 86 87 89 90 92 93 95 97 100 101 102 105 106 108 109 112 113 114 115 116 117 118 119 121 122 124 125 126 127 128 131 134 135 138 139 142 143 144 145 147 148 149 150 154 155 156 158 159 161 164 165 167 168 169 171 173 175 180 181 184 185 186 187 190 191 192 193 196 198 199 200 203 204 205 206 207 208 209 210 211 212 838109857280449403
3 1 44 99 40 52 54 57 63 64 65 66 67 68 70 72 75 77 78 79 83 84 85 86 87 89 90 92 93 95 97 100 101 102 105 106 108 109 112 113 114 115 116 117 118 119 121 122 124 125 126 127 128 131 134 135 138 139 142 143 144 145 147 148 149 150 154 155 156 158 159 161 164 165 167 168 169 171 173 175 180 181 184 185 186 187 190 191 192 193 196 198 199 200 203 204 205 206 207 209 210 211 212 17228547933816906184
1 19 3 213 44 145 114 171 173 90 118 156 191 131 210 192 198 135 196 167 175 100 40 52 54 57 63 64 65 66 67 68 70 72 75 77 78 79 83 84 85 86 87 89 90 92 93 95 97 100 101 102 105 106 108 109 112 113 114 115 116 117 118 119 121 122 124 125 126 127 128 131 134 135 138 139 142 143 144 145 147 148 149 150 154 155 156 158 159 161 164 165 167 168 169 171 173 175 180 181 184 185 186 187 190 191 192 193 196 198 199 200 203 204 205 206 207 209 210 211 212 213 10973202664121551084
8 1 210 100 40 52 54 57 63 64 65 66 67 68 70 72 75 77 78 79 83 84 85 86 87 89 90 92 93 95 97 100 101 102 105 106 108 109 112 113 114 115 116 117 118 119 121 122 124 125 126 127 128 131 134 135 138 139 142 143 144 145 147 148 149 150 154 155 156 158 159 161 164 165 167 168 169 171 173 175 180 181 184 185 186 187 190 191 192 193 196 198 199 200 203 204 205 206 207 209 210 211 212 213 10973202664121551084
6 2 0 25 100 40 52 54 57 63 64 65 66 67 68 70 72 75 77 78 79 83 84 85 86 87 89 90 92 93 95 97 100 101 102 105 106 108 109 112 113 114 115 116 117 118 119 121 122 124 125 126 127 128 131 134 135 138 139 142 143 144 145 147 148 149 150 154 155 156 158 159 161 164 165 167 168 169 171 173 175 180 181 184 185 186 187 190 191 192 193 196 198 199 200 203 204 205 206 207 209 210 211 212 213 10973202664121551084
14 1 0 100 40 52 54 57 63 64 65 66 67 68 70 72 75 77 78 79 83 84 85 86 87 89 90 92 93 95 97 100 101 102 105 106 108 109 112 113 114 115 116 117 118 119 121 122 124 125 126 127 128 131 134 135 138 139 142 143 144 145 147 148 149 150 154 155 156 158 159 161 164 165 167 168 169 171 173 175 180 181 184 185 186 187 190 191 192 193 196 198 199 200 203 204 205 206 207 209 210 211 212 213 10973202664121551084
1 4 2 214 29 125 101 40 52 54 57 63 64 65 66 67 68 70 72 75 77 78 79 83 84 85 86 87 89 90 92 93 95 97 100 101 102 105 106 108 109 112 113 114 115 116 117 118 119 121 122 124 125 126 127 128 131 134 135 138 139 142 143 144 145 147 148 149 150 154 155 156 158 159 161 164 165 167 168 169 171 173 175 180 181 184 185 186 187 190 191 192 193 196 198 199 200 203 204 205 206 207 209 210 211 212 213 214 11095618254033812118
3 1 46 101 40 52 54 57 63 64 65 66 67 68 70 72 75 77 78 79 83 84 85 86 87 89 90 92 93 95 97 100 101 102 105 106 108 109 112 113 114 115 116 117 118 119 121 122 124 125 126 127 128 131 134 135 138 139 142 143 144 145 147 148 149 150 154 155 156 158 159 161 164 165 167 168 169 171 173 175 180 181 184 185 186 187 190 191 192 193 196 198 199 200 203 204 205 206 207 209 210 211 212 213 214 11095618254033812118
3 1 10 100 40 52 54 57 63 64 65 66 67 68 70 72 75 77 78 79 83 84 85 86 87 89 90 92 93 95 97 100 101 102 105 106 108 109 112 113 114 115 116 117 118 119 121 122 124 125 126 127 128 131 134 135 138 139 142 143 144 145 147 148 149 150 154 155 156 158 159 161 164 165 167 168 169 171 173 175 180 181 184 185 186 187 190 191 192 193 196 198 199 200 203 204 205 206 207 209 210 211 213 214 3331056868382170124
1 5 3 215 49 145 57 101 40 52 54 57 63 64 65 66 67 68 70 72 75 77 78 79 83 84 85 86 87 89 90 92 93 95 97 100 101 102 105 106 108 109 112 113 114 115 116 117 118 119 121 122 124 125 126 127 128 131 134 135 138 139 142 143 144 145 147 148 149 150 154 155 156 158 159 161 164 165 167 168 169 171 173 175 180 181 184 185 186 187 190 191 192 193 196 198 199 200 203 204 205 206 207 209 210 211 213 214 215 2411140631582039450
8 1 206 101 40 52 54 57 63 64 65 66 67 68 70 72 75 77 78 79 83 84 85 86 87 89 90 92 93 95 97 100 101 102 105 106 108 109 112 113 114 115 116 117 118 119 121 122 124 125 126 127 128 131 134 135 138 139 142 143 144 145 147 148 149 150 154 155 156 158 159 161 164 165 167 168 169 171 173 175 180 181 184 185 186 187 190 191 192 193 196 198 199 200 203 204 205 206 207 209 210 211 213 214 215 2411140631582039450
5 2 0 164 100 40 52 54 57 63 64 65 66 67 68 70 72 75 77 78 79 83 84 85 86 87 89 90 92 93 95 97 100 101 102 105 106 108 109 112 113 114 115 116 117 118 119 121 122 124 125 126 127 128 131 134 135 138 139 142 143 144 145 147 148 149 150 154 155 156 158 159 161 164 165 167 168 169 171 173 175 180 181 184 185 186 187 190 191 192 193 196 198 199 200 203 204 205 206 207 209 210 213 214 215 5603332298124680297
4 1 1 100 40 52 54 57 63 64 65 66 67 68 70 72 75 77 78 79 83 84 85 86 87 89 90 92 93 95 97 100 101 102 105 106 108 109 112 113 114 115 116 117 118 119 121 122 124 125 126 127 128 131 134 135 138 139 142 143 144 145 147 148 149 150 154 155 156 158 159 161 164 165 167 168 169 171 173 175 180 181 184 185 186 187 190 191 192 193 196 198 199 200 203 204 205 206 207 209 210 213 214 215 5603332298124680297
12 3 67 0 147 100 40 52 54 57 63 64 65 66 67 68 70 72 75 77 78 79 83 84 85 86 87 89 90 92 93 95 97 100 101 102 105 106 108 109 112 113 114 115 116 117 118 119 121 122 124 125 126 127 128 131 134 135 138 139 142 143 144 145 147 148 149 150 154 155 156 158 159 161 164 165 167 168 169 171 173 175 180 181 184 185 186 187 190 191 192 193 196 198 199 200 203 204 205 206 207 209 210 213 214 215 6050077459660236559
3 1 54 100 40 52 54 57 63 64 65 66 67 68 70 72 75 77 78 79 83 84 85 86 87 89 90 92 93 95 97 100 101 102 105 106 108 109 112 113 114 115 116 117 118 119 121 122 124 125 126 127 128 131 134 135 138 139 142 143 144 145 147 148 149 150 154 155 156 158 159 161 164 165 167 168 169 171 173 175 180 181 184 185 186 187 190 191 192 193 196 198 199 200 203 204 205 206 207 209 210 213 214 215 6050077459660236559
1 10 2 216 42 40 187 109 204 155 198 52 101 40 52 54 57 63 64 65 66 67 68 70 72 75 77 78 79 83 84 85 86 87 89 90 92 93 95 97 100 101 102 105 106 108 109 112 113 114 115 116 117 118 119 121 122 124 125 126 127 128 131 134 135 138 139 142 143 144 145 147 148 149 150 154 155 156 158 159 161 164 165 167 168 169 171 173 175 180 181 184 185 186 187 190 191 192 193 196 198 199 200 203 204 205 206 207 209 210 213 214 215 216 3955490453697030933
1 3 1 217 38 102 40 52 54 57 63 64 65 66 67 68 70 72 75 77 78 79 83 84 85 86 87 89 90 92 93 95 97 100 101 102 105 106 108 109 112 113 114 115 116 117 118 119 121 122 124 125 126 127 128 131 134 135 138 139 142 143 144 145 147 148 149 150 154 155 156 158 159 161 164 165 167 168 169 171 173 175 180 181 184 185 186 187 190 191 192 193 196 198 199 200 203 204 205 206 207 209 210 213 214 215 216 217 14462384306528699296
5 2 0 70 102 40 52 54 57 63 64 65 66 67 68 70 72 75 77 78 79 83 84 85 86 87 89 90 92 93 95 97 100 101 102 105 106 108 109 112 113 114 115 116 117 118 119 121 122 124 125 126 127 128 131 134 135 138 139 142 143 144 145 147 148 149 150 154 155 156 158 159 161 164 165 167 168 169 171 173 175 180 181 184 185 186 187 190 191 192 193 196 198 199 200 203 204 205 206 207 209 210 213 214 215 216 217 14462384306528699296
5 2 0 159 102 40 52 54 57 63 64 65 66 67 68 70 72 75 77 78 79 83 84 85 86 87 89 90 92 93 95 97 100 101 102 105 106 108 109 112 113 114 115 116 117 118 119 121 122 124 125 126 127 128 131 134 135 138 139 142 143 144 145 147 148 149 150 154 155 156 158 159 161 164 165 167 168 169 171 173 175 180 181 184 185 186 187 190 191 192 193 196 198 199 200 203 204 205 206 207 209 210 213 214 215 216 217 14462384306528699296
3 1 49 101 40 52 54 57 63 64 65 66 67 68 70 72 75 77 78 79 83 84 85 86 87 89 90 92 93 95 97 100 101 102 105 106 108 109 112 113 114 115 116 117 118 119 121 122 124 125 126 127 128 131 134 135 138 139 142 143 144 145 147 148 149 150 154 155 156 158 159 161 164 165 167 168 169 171 173 175 180 181 184 185 186 187 190 191 192 193 196 198 199 200 203 204 205 206 207 209 210 213 214 216 217 13619317305330160180
7 2 0 23 101 40 52 54 57 63 64 65 66 67 68 70 72 75 77 78 79 83 84 85 86 87 89 90 92 93 95 97 100 101 102 105 106 108 109 112 113 114 115 116 117 118 119 121 122 124 125 126 127 128 131 134 135 138 139 142 143 144 145 147 148 149 150 154 155 156 158 159 161 164 165 167 168 169 171 173 175 180 181 184 185 186 187 190 191 192 193 196 198 199 200 203 204 205 206 207 209 210 213 214 216 217 13619317305330160180
1 3 1 218 13 102 40 52 54 57 63 64 65 66 67 68 70 72 75 77 78 79 83 84 85 86 87 89 90 92 93 95 97 100 101 102 105 106 108 109 112 113 114 115 116 117 118 119 121 122 124 125 126 127 128 131 134 135 138 139 142 143 144 145 147 148 149 150 154 155 156 158 159 161 164 165 167 168 169 171 173 175 180 181 184 185 186 187 190 191 192 193 196 198 199 200 203 204 205 206 207 209 210 213 214 216 217 218 17990813939715483457
14 1 0 102 40 52 54 57 63 64 65 66 67 68 70 72 75 77 78 79 83 84 85 86 87 89 90 92 93 95 97 100 101 102 105 106 108 109 112 113 114 115 116 117 118 119 121 122 124 125 126 127 128 131 134 135 138 139 142 143 144 145 147 148 149 150 154 155 156 158 159 161 164 165 167 168 169 171 173 175 180 181 184 185 186 187 190 191 192 193 196 198 199 200 203 204 205 206 207 209 210 213 214 216 217 218 17990813939715483457
9 1 42 102 40 52 54 57 63 64 65 66 67 68 70 72 75 77 78 79 83 84 85 86 87 89 90 92 93 95 97 100 101 102 105 106 108 109 112 113 114 115 116 117 118 119 121 122 124 125 126 127 128 131 134 135 138 139 142 143 144 145 147 148 149 150 154 155 156 158 159 161 164 165 167 168 169 171 173 175 180 181 184 185 186 187 190 191 192 193 196 198 199 200 203 204 205 206 207 209 210 213 214 216 217 218 17990813939715483457
3 1 16 101 40 52 54 57 63 64 65 66 67 68 70 72 75 77 78 79 83 84 85 86 87 89 90 92 93 95 97 100 101 102 105 106 108 109 112 113 114 115 116 117 118 119 121 122 124 125 126 127 128 131 134 135 138 139 142 143 144 145 147 148 149 150 154 155 156 158 159 161 164 165 167 168 169 171 173 175 180 181 184 185 186 187 190 191 192 193 196 198 199 200 203 204 205 206 207 210 213 214 216 217 218 18008951349292073598
1 5 3 219 10 101 97 102 40 52 54 57 63 64 65 66 67 68 70 72 75 77 78 79 83 84 85 86 87 89 90 92 93 95 97 100 101 102 105 106 108 109 112 113 114 115 116 117 118 119 121 122 124 125 126 127 128 131 134 135 138 139 142 143 144 145 147 148 149 150 154 155 156 158 159 161 164 165 167 168 169 171 173 175 180 181 184 185 186 187 190 191 192 193 196 198 199 200 203 204 205 206 207 210 213 214 216 217 218 219 17656602273433233676
8 1 125 102 40 52 54 57 63 64 65 66 67 68 70 72 75 77 78 79 83 84 85 86 87 89 90 92 93 95 97 100 101 102 105 106 108 109 112 113 114 115 116 117 118 119 121 122 124 125 126 127 128 131 134 135 138 139 142 143 144 145 147 148 149 150 154 155 156 158 159 161 164 165 167 168 169 171 173 175 180 181 184 185 186 187 190 191 192 193 196 198 199 200 203 204 205 206 207 210 213 214 216 217 218 219 17656602273433233676
12 3 168 4 142 102 40 52 54 57 63 64 65 66 67 68 70 72 75 77 78 79 83 84 85 86 87 89 90 92 93 95 97 100 101 102 105 106 108 109 112 113 114 115 116 117 118 119 121 122 124 125 126 127 128 131 134 135 138 139 142 143 144 145 147 148 149 150 154 155 156 158 159 161 164 165 167 168 169 171 173 175 180 181 184 185 186 187 190 191 192 193 196 198 199 200 203 204 205 206 207 210 213 214 216 217 218 219 1973789658596140224
5 2 0 113 102 40 52 54 57 63 64 65 66 67 68 70 72 75 77 78 79 83 84 85 86 87 89 90 92 93 95 97 100 101 102 105 106 108 109 112 113 114 115 116 117 118 119 121 122 124 125 126 127 128 131 134 135 138 139 142 143 144 145 147 148 149 150 154 155 156 158 159 161 164 165 167 168 169 171 173 175 180 181 184 185 186 187 190 191 192 193 196 198 199 200 203 204 205 206 207 210 213 214 216 217 218 219 1973789658596140224
5 2 0 66 102 40 52 54 57 63 64 65 66 67 68 70 72 75 77 78 79 83 84 85 86 87 89 90 92 93 95 97 100 101 102 105 106 108 109 112 113 114 115 116 117 118 119 121 122 124 125 126 127 128 131 134 135 138 139 142 143 144 145 147 148 149 150 154 155 156 158 159 161 164 165 167 168 169 171 173 175 180 181 184 185 186 187 190 191 192 193 196 198 199 200 203 204 205 206 207 210 213 214 216 217 218 219 1973789658596140224
5 2 0 65 102 40 52 54 57 63 64 65 66 67 68 70 72 75 77 78 79 83 84 85 86 87 89 90 92 93 95 97 100 101 102 105 106 108 109 112 113 114 115 116 117 118 119 121 122 124 125 126 127 128 131 134 135 138 139 142 143 144 145 147 148 149 150 154 155 156 158 159 161 164 165 167 168 169 171 173 175 180 181 184 185 186 187 190 191 192 193 196 198 199 200 203 204 205 206 207 210 213 214 216 217 218 219 1973789658596140224
14 1 8 102 40 52 54 57 63 64 65 66 67 68 70 72 75 77 78 79 83 84 85 86 87 89 90 92 93 95 97 100 101 102 105 106 108 109 112 113 114 115 116 117 118 119 121 122 124 125 126 127 128 131 134 135 138 139 142 143 144 145 147 148 149 150 154 155 156 158 159 161 164 165 167 168 169 171 173 175 180 181 184 185 186 187 190 191 192 193 196 198 199 200 203 204 205 206 207 210 213 214 216 217 218 219 1973789658596140224
5 2 0 148 102 40 52 54 57 63 64 65 66 67 68 70 72 75 77 78 79 83 84 85 86 87 89 90 92 93 95 97 100 101 102 105 106 108 109 112 113 114 115 116 117 118 119 121 122 124 125 126 127 128 131 134 135 138 139 142 143 144 145 147 148 149 150 154 155 156 158 159 161 164 165 167 168 169 171 173 175 180 181 184 185 186 187 190 191 192 193 196 198 199 200 203 204 205 206 207 210 213 214 216 217 218 219 1973789658596140224
10 0 101 40 52 54 57 63 64 65 66 67 68 70 72 75 77 78 79 83 84 85 86 87 89 90 92 93 95 97 100 101 102 105 106 108 109 112 113 114 115 116 117 118 119 121 122 124 125 126 127 128 131 134 135 138 139 142 143 144 145 147 148 149 150 154 155 156 158 159 161 164 165 167 168 169 171 173 175 180 181 184 185 186 187 190 191 192 193 196 198 199 200 203 204 205 206 207 210 213 214 217 218 219 3124055835347227848
10 0 101 40 52 54 57 63 64 65 66 67 68 70 72 75 77 78 79 83 84 85 86 87 89 90 92 93 95 97 100 101 102 105 106 108 109 112 113 114 115 116 117 118 119 121 122 124 125 126 127 128 131 134 135 138 139 142 143 144 145 147 148 149 150 154 155 156 158 159 161 164 165 167 168 169 171 173 175 180 181 184 185 186 187 190 191 192 193 196 198 199 200 203 204 205 206 207 210 213 214 217 218 219 3124055835347227848
1 3 1 220 26 102 40 52 54 57 63 64 65 66 67 68 70 72 75 77 78 79 83 84 85 86 87 89 90 92 93 95 97 100 101 102 105 106 108 109 112 113 114 115 116 117 118 119 121 122 124 125 126 127 128 131 134 135 138 139 142 143 144 145 147 148 149 150 154 155 156 158 159 161 164 165 167 168 169 171 173 175 180 181 184 185 186 187 190 191 192 193 196 198 199 200 203 204 205 206 207 210 213 214 217 218 219 220 13769467977821365325
13 2 155 57 102 40 52 54 57 63 64 65 66 67 68 70 72 75 77 78 79 83 84 85 86 87 89 90 92 93 95 97 100 101 102 105 106 108 109 112 113 114 115 116 117 118 119 121 122 124 125 126 127 128 131 134 135 138 139 142 143 144 145 147 148 149 150 154 155 156 158 159 161 164 165 167 168 169 171 173 175 180 181 184 185 186 187 190 191 192 193 196 198 199 200 203 204 205 206 207 210 213 214 217 218 219 220 16345094759888908565
6 2 0 32 102 40 52 54 57 63 64 65 66 67 68 70 72 75 77 78 79 83 84 85 86 87 89 90 92 93 95 97 100 101 102 105 106 108 109 112 113 114 115 116 117 118 119 121 122 124 125 126 127 128 131 134 135 138 139 142 143 144 145 147 148 149 150 154 155 156 158 159 161 164 165 167 168 169 171 173 175 180 181 184 185 186 187 190 191 192 193 196 198 199 200 203 204 205 206 207 210 213 214 217 218 219 220 16345094759888908565
4 1 2 102 40 52 54 57 63 64 65 66 67 68 70 72 75 77 78 79 83 84 85 86 87 89 90 92 93 95 97 100 101 102 105 106 108 109 112 113 114 115 116 117 118 119 121 122 124 125 126 127 128 131 134 135 138 139 142 143 144 145 147 148 149 150 154 155 156 158 159 161 164 165 167 168 169 171 173 175 180 181 184 185 186 187 190 191 192 193 196 198 199 200 203 204 205 206 207 210 213 214 217 218 219 220 16345094759888908565
8 1 85 102 40 52 54 57 63 64 65 66 67 68 70 72 75 77 78 79 83 84 85 86 87 89 90 92 93 95 97 100 101 102 105 106 108 109 112 113 114 115 116 117 118 119 121 122 124 125 126 127 128 131 134 135 138 139 142 143 144 145 147 148 149 150 154 155 156 158 159 161 164 165 167 168 169 171 173 175 180 181 184 185 186 187 190 191 192 193 196 198 199 200 203 204 205 206 207 210 213 214 217 218 219 220 16345094759888908565
1 3 1 221 35 103 40 52 54 57 63 64 65 66 67 68 70 72 75 77 78 79 83 84 85 86 87 89 90 92 93 95 97 100 101 102 105 106 108 109 112 113 114 115 116 117 118 119 121 122 124 125 126 127 128 131 134 135 138 139 142 143 144 145 147 148 149 150 154 155 156 158 159 161 164 165 167 168 169 171 173 175 180 181 184 185 186 187 190 191 192 193 196 198 199 200 203 204 205 206 207 210 213 214 217 218 219 220 221 2331378835958180400
14 1 2 103 40 52 54 57 63 64 65 66 67 68 70 72 75 77 78 79 83 84 85 86 87 89 90 92 93 95 97 100 101 102 105 106 108 109 112 113 114 115 116 117 118 119 121 122 124 125 126 127 128 131 134 135 138 139 142 143 144 145 147 148 149 150 154 155 156 158 159 161 164 165 167 168 169 171 173 175 180 181 184 185 186 187 190 191 192 193 196 198 199 200 203 204 205 206 207 210 213 214 217 218 219 220 221 2331378835958180400
1 11 2 222 4 97 100 106 85 198 200 158 127 104 40 52 54 57 63 64 65 66 67 68 70 72 75 77 78 79 83 84 85 86 87 89 90 92 93 95 97 100 101 102 105 106 108 109 112 113 114 115 116 117 118 119 121 122 124 125 126 127 128 131 134 135 138 139 142 143 144 145 147 148 149 150 154 155 156 158 159 161 164 165 167 168 169 171 173 175 180 181 184 185 186 187 190 191 192 193 196 198 199 200 203 204 205 206 207 210 213 214 217 218 219 220 221 222 3222148068120334769
8 1 198 104 40 52 54 57 63 64 65 66 67 68 70 72 75 77 78 79 83 84 85 86 87 89 90 92 93 95 97 100 101 102 105 106 108 109 112 113 114 115 116 117 118 119 121 122 124 125 126 127 128 131 134 135 138 139 142 143 144 145 147 148 149 150 154 155 156 158 159 161 164 165 167 168 169 171 173 175 180 181 184 185 186 187 190 191 192 193 196 198 199 200 203 204 205 206 207 210 213 214 217 218 219 220 221 222 3222148068120334769
13 2 210 220 104 40 52 54 57 63 64 65 66 67 68 70 72 75 77 78 79 83 84 85 86 87 89 90 92 93 95 97 100 101 102 105 106 108 109 112 113 114 115 116 117 118 119 121 122 124 125 126 127 128 131 134 135 138 139 142 143 144 145 147 148 149 150 154 155 156 158 159 161 164 165 167 168 169 171 173 175 180 181 184 185 186 187 190 191 192 193 196 198 199 200 203 204 205 206 207 210 213 214 217 218 219 220 221 222 18157678598381093678
5 2 0 148 104 40 52 54 57 63 64 65 66 67 68 70 72 75 77 78 79 83 84 85 86 87 89 90 92 93 95 97 100 101 102 105 106 108 109 112 113 114 115 116 117 118 119 121 122 124 125 126 127 128 131 134 135 138 139 142 143 144 145 147 148 149 150 154 155 156 158 159 161 164 165 167 168 169 171 173 175 180 181 184 185 186 187 190 191 192 193 196 198 199 200 203 204 205 206 207 210 213 214 217 218 219 220 221 222 18157678598381093678
3 1 20 103 40 52 54 57 63 64 65 66 67 68 70 72 75 77 78 79 83 84 85 86 87 89 90 92 93 95 97 100 101 102 105 106 108 109 112 113 114 115 116 117 118 119 121 122 124 125 126 127 128 131 134 135 138 139 142 143 144 145 147 148 149 150 154 155 156 158 159 161 164 165 167 168 169 171 173 175 180 181 184 185 186 187 190 191 192 193 196 198 199 200 203 204 206 207 210 213 214 217 218 219 220 221 222 6835825252908514913
13 2 175 203 103 40 52 54 57 63 64 65 66 67 68 70 72 75 77 78 79 83 84 85 86 87 89 90 92 93 95 97 100 101 102 105 106 108 109 112 113 114 115 116 117 118 119 121 122 124 125 126 127 128 131 134 135 138 139 142 143 144 145 147 148 149 150 154 155 156 158 159 161 164 165 167 168 169 171 173 175 180 181 184 185 186 187 190 191 192 193 196 198 199 200 203 204 206 207 210 213 214 217 218 219 220 221 222 9740732267856287895
3 1 14 102 40 52 54 57 63 64 65 66 67 68 70 72 75 77 78 79 83 84 85 86 87 89 90 92 93 95 97 100 101 102 105 106 108 109 112 113 114 115 116 117 118 119 121 122 124 125 126 127 128 131 134 135 138 139 142 143 144 145 147 148 149 150 154 155 156 158 159 161 164 165 167 168 169 171 173 175 180 181 184 185 186 187 190 191 192 193 196 198 199 200 203 204 206 210 213 214 217 218 219 220 221 222 3283482532737811114
1 12 3 223 32 191 57 220 218 127 145 161 54 79 103 40 52 54 57 63 64 65 66 67 68 70 72 75 77 78 79 83 84 85 86 87 89 90 92 93 95 97 100 101 102 105 106 108 109 112 113 114 115 116 117 118 119 121 122 124 125 126 127 128 131 134 135 138 139 142 143 144 145 147 148 149 150 154 155 156 158 159 161 164 165 167 168 169 171 173 175 180 181 184 185 186 187 190 191 192 193 196 198 199 200 203 204 206 210 213 214 217 218 219 220 221 222 223 6829300939908124667
8 1 190 103 40 52 54 57 63 64 65 66 67 68 70 72 75 77 78 79 83 84 85 86 87 89 90 92 93 95 97 100 101 102 105 106 108 109 112 113 114 115 116 117 118 119 121 122 124 125 126 127 128 131 134 135 138 139 142 143 144 145 147 148 149 150 154 155 156 158 159 161 164 165 167 168 169 171 173 175 180 181 184 185 186 187 190 191 192 193 196 198 199 200 203 204 206 210 213 214 217 218 219 220 221 222 223 6829300939908124667
1 12 2 224 15 93 158 119 72 105 105 150 169 77 104 40 52 54 57 63 64 65 66 67 68 70 72 75 77 78 79 83 84 85 86 87 89 90 92 93 95 97 100 101 102 105 106 108 109 112 113 114 115 116 117 118 119 121 122 124 125 126 127 128 131 134 135 138 139 142 143 144 145 147 148 149 150 154 155 156 158 159 161 164 165 167 168 169 171 173 175 180 181 184 185 186 187 190 191 192 193 196 198 199 200 203 204 206 210 213 214 217 218 219 220 221 222 223 224 5221273841783991798
8 1 125 104 40 52 54 57 63 64 65 66 67 68 70 72 75 77 78 79 83 84 85 86 87 89 90 92 93 95 97 100 101 102 105 106 108 109 112 113 114 115 116 117 118 119 121 122 124 125 126 127 128 131 134 135 138 139 142 143 144 145 147 148 149 150 154 155 156 158 159 161 164 165 167 168 169 171 173 175 180 181 184 185 186 187 190 191 192 193 196 198 199 200 203 204 206 210 213 214 217 218 219 220 221 222 223 224 5221273841783991798
12 3 184 1 175 104 40 52 54 57 63 64 65 66 67 68 70 72 75 77 78 79 83 84 85 86 87 89 90 92 93 95 97 100 101 102 105 106 108 109 112 113 114 115 116 117 118 119 121 122 124 125 126 127 128 131 134 135 138 139 142 143 144 145 147 148 149 150 154 155 156 158 159 161 164 165 167 168 169 171 173 175 180 181 184 185 186 187 190 191 192 193 196 198 199 200 203 204 206 210 213 214 217 218 219 220 221 222 223 224 3071733342760481250
11 0 104 40 52 54 57 63 64 65 66 67 68 70 72 75 77 78 79 83 84 85 86 87 89 90 92 93 95 97 100 101 102 105 106 108 109 112 113 114 115 116 117 118 119 121 122 124 125 126 127 128 131 134 135 138 139 142 143 144 145 147 148 149 150 154 155 156 158 159 161 164 165 167 168 169 171 173 175 180 181 184 185 186 187 190 191 192 193 196 198 199 200 203 204 206 210 213 214 217 218 219 220 221 222 223 224 3071733342760481250
9 1 32 104 40 52 54 57 63 64 65 66 67 68 70 72 75 77 78 79 83 84 85 86 87 89 90 92 93 95 97 100 101 102 105 106 108 109 112 113 114 115 116 117 118 119 121 122 124 125 126 127 128 131 134 135 138 139 142 143 144 145 147 148 149 150 154 155 156 158 159 161 164 165 167 168 169 171 173 175 180 181 184 185 186 187 190 191 192 193 196 198 199 200 203 204 206 210 213 214 217 218 219 220 221 222 223 224 3071733342760481250
13 2 79 159 104 40 52 54 57 63 64 65 66 67 68 70 72 75 77 78 79 83 84 85 86 87 89 90 92 93 95 97 100 101 102 105 106 108 109 112 113 114 115 116 117 118 119 121 122 124 125 126 127 128 131 134 135 138 139 142 143 144 145 147 148 149 150 154 155 156 158 159 161 164 165 167 168 169 171 173 175 180 181 184 185 186 187 190 191 192 193 196 198 199 200 203 204 206 210 213 214 217 218 219 220 221 222 223 224 16931799365090750168
1 5 2 225 32 65 114 105 40 52 54 57 63 64 65 66 67 68 70 72 75 77 78 79 83 84 85 86 87 89 90 92 93 95 97 100 101 102 105 106 108 109 112 113 114 115 116 117 118 119 121 122 124 125 126 127 128 131 134 135 138 139 142 143 144 145 147 148 149 150 154 155 156 158 159 161 164 165 167 168 169 171 173 175 180 181 184 185 186 187 190 191 192 193 196 198 199 200 203 204 206 210 213 214 217 218 219 220 221 222 223 224 225 13682710076576157453
5 2 0 186 105 40 52 54 57 63 64 65 66 67 68 70 72 75 77 78 79 83 84 85 86 87 89 90 92 93 95 97 100 101 102 105 106 108 109 112 113 114 115 116 117 118 119 121 122 124 125 126 127 128 131 134 135 138 139 142 143 144 145 147 148 149 150 154 155 156 158 159 161 164 165 167 168 169 171 173 175 180 181 184 185 186 187 190 191 192 193 196 198 199 200 203 204 206 210 213 214 217 218 219 220 221 222 223 224 225 13682710076576157453
1 3 1 226 49 106 40 52 54 57 63 64 65 66 67 68 70 72 75 77 78 79 83 84 85 86 87 89 90 92 93 95 97 100 101 102 105 106 108 109 112 113 114 115 116 117 118 119 121 122 124 125 126 127 128 131 134 135 138 139 142 143 144 145 147 148 149 150 154 155 156 158 159 161 164 165 167 168 169 171 173 175 180 181 184 185 186 187 190 191 192 193 196 198 199 200 203 204 206 210 213 214 217 218 219 220 221 222 223 224 225 226 16660601427341220148
3 1 36 105 40 52 54 57 63 64 65 66 67 68 70 72 75 77 78 79 83 84 85 86 87 89 90 92 93 95 97 100 101 102 105 106 108 109 112 113 114 115 116 117 118 119 121 122 124 125 126 127 128 131 134 135 138 139 142 143 144 145 147 148 149 150 154 155 156 158 159 161 164 165 167 168 169 171 173 175 180 181 184 185 186 190 191 192 193 196 198 199 200 203 204 206 210 213 214 217 218 219 220 221 222 223 224 225 226 7894870970353873719
5 2 0 108 105 40 52 54 57 63 64 65 66 67 68 70 72 75 77 78 79 83 84 85 86 87 89 90 92 93 95 97 100 101 102 105 106 108 109 112 113 114 115 116 117 118 119 121 122 124 125 126 127 128 131 134 135 138 139 142 143 144 145 147 148 149 150 154 155 156 158 159 161 164 165 167 168 169 171 173 175 180 181 184 185 186 190 191 192 193 196 198 199 200 203 204 206 210 213 214 217 218 219 220 221 222 223 224 225 226 7894870970353873719
8 1 220 105 40 52 54 57 63 64 65 66 67 68 70 72 75 77 78 79 83 84 85 86 87 89 90 92 93 95 97 100 101 102 105 106 108 109 112 113 114 115 116 117 118 119 121 122 124 125 126 127 128 131 134 135 138 139 142 143 144 145 147 148 149 150 154 155 156 158 159 161 164 165 167 168 169 171 173 175 180 181 184 185 186 190 191 192 193 196 198 199 200 203 204 206 210 213 214 217 218 219 220 221 222 223 224 225 226 7894870970353873719
1 5 2 227 42 167 204 106 40 52 54 57 63 64 65 66 67 68 70 72 75 77 78 79 83 84 85 86 87 89 90 92 93 95 97 100 101 102 105 106 108 109 112 113 114 115 116 117 118 119 121 122 124 125 126 127 128 131 134 135 138 139 142 143 144 145 147 148 149 150 154 155 156 158 159 161 164 165 167 168 169 171 173 175 180 181 184 185 186 190 191 192 193 196 198 199 200 203 204 206 210 213 214 217 218 219 220 221 222 223 224 225 226 227 6647636816566997590
3 1 52 106 40 52 54 57 63 64 65 66 67 68 70 72 75 77 78 79 83 84 85 86 87 89 90 92 93 95 97 100 101 102 105 106 108 109 112 113 114 115 116 117 118 119 121 122 124 125 126 127 128 131 134 135 138 139 142 143 144 145 147 148 149 150 154 155 156 158 159 161 164 165 167 168 169 171 173 175 180 181 184 185 186 190 191 192 193 196 198 199 200 203 204 206 210 213 214 217 218 219 220 221 222 223 224 225 226 227 6647636816566997590
7 2 0 46 106 40 52 54 57 63 64 65 66 67 68 70 72 75 77 78 79 83 84 85 86 87 89 90 92 93 95 97 100 101 102 105 106 108 109 112 113 114 115 116 117 118 119 121 122 124 125 126 127 128 131 134 135 138 139 142 143 144 145 147 148 149 150 154 155 156 158 159 161 164 165 167 168 169 171 173 175 180 181 184 185 186 190 191 192 193 196 198 199 200 203 204 206 210 213 214 217 218 219 220 221 222 223 224 225 226 227 6647636816566997590
12 3 193 5 72 106 40 52 54 57 63 64 65 66 67 68 70 72 75 77 78 79 83 84 85 86 87 89 90 92 93 95 97 100 101 102 105 106 108 109 112 113 114 115 116 117 118 119 121 122 124 125 126 127 128 131 134 135 138 139 142 143 144 145 147 148 149 150 154 155 156 158 159 161 164 165 167 168 169 171 173 175 180 181 184 185 186 190 191 192 193 196 198 199 200 203 204 206 210 213 214 217 218 219 220 221 222 223 224 225 226 227 13931478185340286773
8 1 109 106 40 52 54 57 63 64 65 66 67 68 70 72 75 77 78 79 83 84 85 86 87 89 90 92 93 95 97 100 101 102 105 106 108 109 112 113 114 115 116 117 118 119 121 122 124 125 126 127 128 131 134 135 138 139 142 143 144 145 147 148 149 150 154 155 156 158 159 161 164 165 167 168 169 171 173 175 180 181 184 185 186 190 191 192 193 196 198 199 200 203 204 206 210 213 214 217 218 219 220 221 222 223 224 225 226 227 13931478185340286773
1 5 2 228 36 223 68 107 40 52 54 57 63 64 65 66 67 68 70 72 75 77 78 79 83 84 85 86 87 89 90 92 93 95 97 100 101 102 105 106 108 109 112 113 114 115 116 117 118 119 121 122 124 125 126 127 128 131 134 135 138 139 142 143 144 145 147 148 149 150 154 155 156 158 159 161 164 165 167 168 169 171 173 175 180 181 184 185 186 190 191 192 193 196 198 199 200 203 204 206 210 213 214 217 218 219 220 221 222 223 224 225 226 227 228 5444088689738971948
12 3 126 1 54 107 40 52 54 57 63 64 65 66 67 68 70 72 75 77 78 79 83 84 85 86 87 89 90 92 93 95 97 100 101 102 105 106 108 109 112 113 114 115 116 117 118 119 121 122 124 125 126 127 128 131 134 135 138 139 142 143 144 145 147 148 149 150 154 155 156 158 159 161 164 165 167 168 169 171 173 175 180 181 184 185 186 190 191 192 193 196 198 199 200 203 204 206 210 213 214 217 218 219 220 221 222 223 224 225 226 227 228 17045859105358308066
5 2 0 220 107 40 52 54 57 63 64 65 66 67 68 70 72 75 77 78 79 83 84 85 86 87 89 90 92 93 95 97 100 101 102 105 106 108 109 112 113 114 115 116 117 118 119 121 122 124 125 126 127 128 131 134 135 138 139 142 143 144 145 147 148 149 150 154 155 156 158 159 161 164 165 167 168 169 171 173 175 180 181 184 185 186 190 191 192 193 196 198 199 200 203 204 206 210 213 214 217 218 219 220 221 222 223 224 225 226 227 228 17045859105358308066
13 2 175 150 107 40 52 54 57 63 64 65 66 67 68 70 72 75 77 78 79 83 84 85 86 87 89 90 92 93 95 97 100 101 102 105 106 108 109 112 113 114 115 116 117 118 119 121 122 124 125 126 127 128 131 134 135 138 139 142 143 144 145 147 148 149 150 154 155 156 158 159 161 164 165 167 168 169 171 173 175 180 181 184 185 186 190 191 192 193 196 198 199 200 203 204 206 210 213 214 217 218 219 220 221 222 223 224 225 226 227 228 5129179577159011007
13 2 131 175 107 40 52 54 57 63 64 65 66 67 68 70 72 75 77 78 79 83 84 85 86 87 89 90 92 93 95 97 100 101 102 105 106 108 109 112 113 114 115 116 117 118 119 121 122 124 125 126 127 128 131 134 135 138 139 142 143 144 145 147 148 149 150 154 155 156 158 159 161 164 165 167 168 169 171 173 175 180 181 184 185 186 190 191 192 193 196 198 199 200 203 204 206 210 213 214 217 218 219 220 221 222 223 224 225 226 227 228 17299307263332038033
14 1 8 107 40 52 54 57 63 64 65 66 67 68 70 72 75 77 78 79 83 84 85 86 87 89 90 92 93 95 97 100 101 102 105 106 108 109 112 113 114 115 116 117 118 119 121 122 124 125 126 127 128 131 134 135 138 139 142 143 144 145 147 148 149 150 154 155 156 158 159 161 164 165 167 168 169 171 173 175 180 181 184 185 186 190 191 192 193 196 198 199 200 203 204 206 210 213 214 217 218 219 220 221 222 223 224 225 226 227 228 17299307263332038033
14 1 8 107 40 52 54 57 63 64 65 66 67 68 70 72 75 77 78 79 83 84 85 86 87 89 90 92 93 95 97 100 101 102 105 106 108 109 112 113 114 115 116 117 118 119 121 122 124 125 126 127 128 131 134 135 138 139 142 143 144 145 147 148 149 150 154 155 156 158 159 161 164 165 167 168 169 171 173 175 180 181 184 185 186 190 191 192 193 196 198 199 200 203 204 206 210 213 214 217 218 219 220 221 222 223 224 225 226 227 228 17299307263332038033
5 2 0 105 107 40 52 54 57 63 64 65 66 67 68 70 72 75 77 78 79 83 84 85 86 87 89 90 92 93 95 97 100 101 102 105 106 108 109 112 113 114 115 116 117 118 119 121 122 124 125 126 127 128 131 134 135 138 139 142 143 144 145 147 148 149 150 154 155 156 158 159 161 164 165 167 168 169 171 173 175 180 181 184 185 186 190 191 192 193 196 198 199 200 203 204 206 210 213 214 217 218 219 220 221 222 223 224 225 226 227 228 17299307263332038033
7 2 0 52 107 40 52 54 57 63 64 65 66 67 68 70 72 75 77 78 79 83 84 85 86 87 89 90 92 93 95 97 100 101 102 105 106 108 109 112 113 114 115 116 117 118 119 121 122 124 125 126 127 128 131 134 135 138 139 142 143 144 145 147 148 149 150 154 155 156 158 159 161 164 165 167 168 169 171 173 175 180 181 184 185 186 190 191 192 193 196 198 199 200 203 204 206 210 213 214 217 218 219 220 221 222 223 224 225 226 227 228 17299307263332038033
1 3 2 229 25 108 40 52 54 57 63 64 65 66 67 68 70 72 75 77 78 79 83 84 85 86 87 89 90 92 93 95 97 100 101 102 105 106 108 109 112 113 114 115 116 117 118 119 121 122 124 125 126 127 128 131 134 135 138 139 142 143 144 145 147 148 149 150 154 155 156 158 159 161 164 165 167 168 169 171 173 175 180 181 184 185 186 190 191 192 193 196 198 199 200 203 204 206 210 213 214 217 218 219 220 221 222 223 224 225 226 227 228 229 13296669858403473477
14 1 0 108 40 52 54 57 63 64 65 66 67 68 70 72 75 77 78 79 83 84 85 86 87 89 90 92 93 95 97 100 101 102 105 106 108 109 112 113 114 115 116 117 118 119 121 122 124 125 126 127 128 131 134 135 138 139 142 143 144 145 147 148 149 150 154 155 156 158 159 161 164 165 167 168 169 171 173 175 180 181 184 185 186 190 191 192 193 196 198 199 200 203 204 206 210 213 214 217 218 219 220 221 222 223 224 225 226 227 228 229 13296669858403473477
1 3 1 230 63 109 40 52 54 57 63 64 65 66 67 68 70 72 75 77 78 79 83 84 85 86 87 89 90 92 93 95 97 100 101 102 105 106 108 109 112 113 114 115 116 117 118 119 121 122 124 125 126 127 128 131 134 135 138 139 142 143 144 145 147 148 149 150 154 155 156 158 159 161 164 165 167 168 169 171 173 175 180 181 184 185 186 190 191 192 193 196 198 199 200 203 204 206 210 213 214 217 218 219 220 221 222 223 224 225 226 227 228 229 230 8108998886101815604
3 1 27 109 40 52 54 57 63 64 65 66 67 68 70 72 75 77 78 79 83 84 85 86 87 89 90 92 93 95 97 100 101 102 105 106 108 109 112 113 114 115 116 117 118 119 121 122 124 125 126 127 128 131 134 135 138 139 142 143 144 145 147 148 149 150 154 155 156 158 159 161 164 165 167 168 169 171 173 175 180 181 184 185 186 190 191 192 193 196 198 199 200 203 204 206 210 213 214 217 218 219 220 221 222 223 224 225 226 227 228 229 230 8108998886101815604
3 1 6 108 40 52 54 57 63 64 65 66 67 68 70 72 75 77 78 79 83 84 85 86 87 89 90 92 93 95 97 100 101 102 105 106 108 109 112 113 114 115 116 117 118 119 121 122 124 125 126 127 128 131 134 135 138 139 142 143 144 145 147 148 149 150 154 155 156 158 159 161 164 165 167 169 171 173 175 180 181 184 185 186 190 191 192 193 196 198 199 200 203 204 206 210 213 214 217 218 219 220 221 222 223 224 225 226 227 228 229 230 1566076076945846120
9 1 37 108 40 52 54 57 63 64 65 66 67 68 70 72 75 77 78 79 83 84 85 86 87 89 90 92 93 95 97 100 101 102 105 106 108 109 112 113 114 115 116 117 118 119 121 122 124 125 126 127 128 131 134 135 138 139 142 143 144 145 147 148 149 150 154 155 156 158 159 161 164 165 167 169 171 173 175 180 181 184 185 186 190 191 192 193 196 198 199 200 203 204 206 210 213 214 217 218 219 220 221 222 223 224 225 226 227 228 229 230 1566076076945846120
5 2 0 230 108 40 52 54 57 63 64 65 66 67 68 70 72 75 77 78 79 83 84 85 86 87 89 90 92 93 95 97 100 101 102 105 106 108 109 112 113 114 115 116 117 118 119 121 122 124 125 126 127 128 131 134 135 138 139 142 143 144 145 147 148 149 150 154 155 156 158 159 161 164 165 167 169 171 173 175 180 181 184 185 186 190 191 192 193 196 198 199 200 203 204 206 210 213 214 217 218 219 220 221 222 223 224 225 226 227 228 229 230 1566076076945846120
3 1 61 108 40 52 54 57 63 64 65 66 67 68 70 72 75 77 78 79 83 84 85 86 87 89 90 92 93 95 97 100 101 102 105 106 108 109 112 113 114 115 116 117 118 119 121 122 124 125 126 127 128 131 134 135 138 139 142 143 144 145 147 148 149 150 154 155 156 158 159 161 164 165 167 169 171 173 175 180 181 184 185 186 190 191 192 193 196 198 199 200 203 204 206 210 213 214 217 218 219 220 221 222 223 224 225 226 227 228 229 230 1566076076945846120
1 11 3 231 55 159 105 118 181 101 105 190 220 109 40 52 54 57 63 64 65 66 67 68 70 72 75 77 78 79 83 84 85 86 87 89 90 92 93 95 97 100 101 102 105 106 108 109 112 113 114 115 116 117 118 119 121 122 124 125 126 127 128 131 134 135 138 139 142 143 144 145 147 148 149 150 154 155 156 158 159 161 164 165 167 169 171 173 175 180 181 184 185 186 190 191 192 193 196 198 199 200 203 204 206 210 213 214 217 218 219 220 221 222 223 224 225 226 227 228 229 230 231 2709335789078319943
1 10 2 232 54 228 161 118 206 115 175 0 110 40 52 54 57 63 64 65 66 67 68 70 72 75 77 78 79 83 84 85 86 87 89 90 92 93 95 97 100 101 102 105 106 108 109 112 113 114 115 116 117 118 119 121 122 124 125 126 127 128 131 134 135 138 139 142 143 144 145 147 148 149 150 154 155 156 158 159 161 164 165 167 169 171 173 175 180 181 184 185 186 190 191 192 193 196 198 199 200 203 204 206 210 213 214 217 218 219 220 221 222 223 224 225 226 227 228 229 230 231 232 271611629585430825
8 1 108 110 40 52 54 57 63 64 65 66 67 68 70 72 75 77 78 79 83 84 85 86 87 89 90 92 93 95 97 100 101 102 105 106 108 109 112 113 114 115 116 117 118 119 121 122 124 125 126 127 128 131 134 135 138 139 142 143 144 145 147 148 149 150 154 155 156 158 159 161 164 165 167 169 171 173 175 180 181 184 185 186 190 191 192 193 196 198 199 200 203 204 206 210 213 214 217 218 219 220 221 222 223 224 225 226 227 228 229 230 231 232 271611629585430825
7 2 0 14 110 40 52 54 57 63 64 65 66 67 68 70 72 75 77 78 79 83 84 85 86 87 89 90 92 93 95 97 100 101 102 105 106 108 109 112 113 114 115 116 117 118 119 121 122 124 125 126 127 128 131 134 135 138 139 142 143 144 145 147 148 149 150 154 155 156 158 159 161 164 165 167 169 171 173 175 180 181 184 185 186 190 191 192 193 196 198 199 200 203 204 206 210 213 214 217 218 219 220 221 222 223 224 225 226 227 228 229 230 231 232 271611629585430825
2 2 87 6 110 40 52 54 57 63 64 65 66 67 68 70 72 75 77 78 79 83 84 85 86 87 89 90 92 93 95 97 100 101 102 105 106 108 109 112 113 114 115 116 117 118 119 121 122 124 125 126 127 128 131 134 135 138 139 142 143 144 145 147 148 149 150 154 155 156 158 159 161 164 165 167 169 171 173 175 180 181 184 185 186 190 191 192 193 196 198 199 200 203 204 206 210 213 214 217 218 219 220 221 222 223 224 225 226 227 228 229 230 231 232 271611629585430825
3 1 30 110 40 52 54 57 63 64 65 66 67 68 70 72 75 77 78 79 83 84 85 86 87 89 90 92 93 95 97 100 101 102 105 106 108 109 112 113 114 115 116 117 118 119 121 122 124 125 126 127 128 131 134 135 138 139 142 143 144 145 147 148 149 150 154 155 156 158 159 161 164 165 167 169 171 173 175 180 181 184 185 186 190 191 192 193 196 198 199 200 203 204 206 210 213 214 217 218 219 220 221 222 223 224 225 226 227 228 229 230 231 232 271611629585430825
1 3 1 233 19 111 40 52 54 57 63 64 65 66 67 68 70 72 75 77 78 79 83 84 85 86 87 89 90 92 93 95 97 100 101 102 105 106 108 109 112 113 114 115 116 117 118 119 121 122 124 125 126 127 128 131 134 135 138 139 142 143 144 145 147 148 149 150 154 155 156 158 159 161 164 165 167 169 171 173 175 180 181 184 185 186 190 191 192 193 196 198 199 200 203 204 206 210 213 214 217 218 219 220 221 222 223 224 225 226 227 228 229 230 231 232 233 9938424721595349972
9 1 58 111 40 52 54 57 63 64 65 66 67 68 70 72 75 77 78 79 83 84 85 86 87 89 90 92 93 95 97 100 101 102 105 106 108 109 112 113 114 115 116 117 118 119 121 122 124 125 126 127 128 131 134 135 138 139 142 143 144 145 147 148 149 150 154 155 156 158 159 161 164 165 167 169 171 173 175 180 181 184 185 186 190 191 192 193 196 198 199 200 203 204 206 210 213 214 217 218 219 220 221 222 223 224 225 226 227 228 229 230 231 232 233 9938424721595349972
5 2 0 117 111 40 52 54 57 63 64 65 66 67 68 70 72 75 77 78 79 83 84 85 86 87 89 90 92 93 95 97 100 101 102 105 106 108 109 112 113 114 115 116 117 118 119 121 122 124 125 126 127 128 131 134 135 138 139 142 143 144 145 147 148 149 150 154 155 156 158 159 161 164 165 167 169 171 173 175 180 181 184 185 186 190 191 192 193 196 198 199 200 203 204 206 210 213 214 217 218 219 220 221 222 223 224 225 226 227 228 229 230 231 232 233 9938424721595349972
11 0 110 40 52 54 57 63 64 65 66 67 68 70 72 75 77 78 79 83 84 85 86 87 89 90 92 93 95 97 100 101 102 105 106 108 109 112 113 114 115 116 117 118 119 121 122 124 125 126 127 128 131 134 135 138 139 142 143 144 145 147 148 149 150 154 155 156 158 159 161 164 165 167 169 171 173 175 180 181 184 185 186 190 191 192 193 196 198 200 203 204 206 210 213 214 217 218 219 220 221 222 223 224 225 226 227 228 229 230 231 232 233 8395486566783572649
12 3 106 0 86 110 40 52 54 57 63 64 65 66 67 68 70 72 75 77 78 79 83 84 85 86 87 89 90 92 93 95 97 100 101 102 105 106 108 109 112 113 114 115 116 117 118 119 121 122 124 125 126 127 128 131 134 135 138 139 142 143 144 145 147 148 149 150 154 155 156 158 159 161 164 165 167 169 171 173 175 180 181 184 185 186 190 191 192 193 196 198 200 203 204 206 210 213 214 217 218 219 220 221 222 223 224 225 226 227 228 229 230 231 232 233 13884451171338672052
8 1 100 110 40 52 54 57 63 64 65 66 67 68 70 72 75 77 78 79 83 84 85 86 87 89 90 92 93 95 97 100 101 102 105 106 108 109 112 113 114 115 116 117 118 119 121 122 124 125 126 127 128 131 134 135 138 139 142 143 144 145 147 148 149 150 154 155 156 158 159 161 164 165 167 169 171 173 175 180 181 184 185 186 190 191 192 193 196 198 200 203 204 206 210 213 214 217 218 219 220 221 222 223 224 225 226 227 228 229 230 231 232 233 13884451171338672052
11 0 110 40 52 54 57 63 64 65 66 67 68 70 72 75 77 78 79 83 84 85 86 87 89 90 92 93 95 97 100 101 102 105 106 108 109 112 113 114 115 116 117 118 119 121 122 124 125 126 127 128 131 134 135 138 139 142 143 144 145 147 148 149 150 154 155 156 158 159 161 164 165 167 169 171 173 175 180 181 184 185 186 190 191 192 193 196 198 200 203 204 206 210 213 214 217 218 219 220 221 222 223 224 225 226 227 228 229 230 231 232 233 13884451171338672052
12 3 84 2 227 110 40 52 54 57 63 64 65 66 67 68 70 72 75 77 78 79 83 84 85 86 87 89 90 92 93 95 97 100 101 102 105 106 108 109 112 113 114 115 116 117 118 119 121 122 124 125 126 127 128 131 134 135 138 139 142 143 144 145 147 148 149 150 154 155 156 158 159 161 164 165 167 169 171 173 175 180 181 184 185 186 190 191 192 193 196 198 200 203 204 206 210 213 214 217 218 219 220 221 222 223 224 225 226 227 228 229 230 231 232 233 2286234324987551395
12 3 108 1 230 110 40 52 54 57 63 64 65 66 67 68 70 72 75 77 78 79 83 84 85 86 87 89 90 92 93 95 97 100 101 102 105 106 108 109 112 113 114 115 116 117 118 119 121 122 124 125 126 127 128 131 134 135 138 139 142 143 144 145 147 148 149 150 154 155 156 158 159 161 164 165 167 169 171 173 175 180 181 184 185 186 190 191 192 193 196 198 200 203 204 206 210 213 214 217 218 219 220 221 222 223 224 225 226 227 228 229 230 231 232 233 17032674206278050804
3 1 59 110 40 52 54 57 63 64 65 66 67 68 70 72 75 77 78 79 83 84 85 86 87 89 90 92 93 95 97 100 101 102 105 106 108 109 112 113 114 115 116 117 118 119 121 122 124 125 126 127 128 131 134 135 138 139 142 143 144 145 147 148 149 150 154 155 156 158 159 161 164 165 167 169 171 173 175 180 181 184 185 186 190 191 192 193 196 198 200 203 204 206 210 213 214 217 218 219 220 221 222 223 224 225 226 227 228 229 230 231 232 233 17032674206278050804
3 1 33 110 40 52 54 57 63 64 65 66 67 68 70 72 75 77 78 79 83 84 85 86 87 89 90 92 93 95 97 100 101 102 105 106 108 109 112 113 114 115 116 117 118 119 121 122 124 125 126 127 128 131 134 135 138 139 142 143 144 145 147 148 149 150 154 155 156 158 159 161 164 165 167 169 171 173 175 180 181 184 185 186 190 191 192 193 196 198 200 203 204 206 210 213 214 217 218 219 220 221 222 223 224 225 226 227 228 229 230 231 232 233 17032674206278050804
3 1 0 110 40 52 54 57 63 64 65 66 67 68 70 72 75 77 78 79 83 84 85 86 87 89 90 92 93 95 97 100 101 102 105 106 108 109 112 113 114 115 116 117 118 119 121 122 124 125 126 127 128 131 134 135 138 139 142 143 144 145 147 148 149 150 154 155 156 158 159 161 164 165 167 169 171 173 175 180 181 184 185 186 190 191 192 193 196 198 200 203 204 206 210 213 214 217 218 219 220 221 222 223 224 225 226 227 228 229 230 231 232 233 17032674206278050804
3 1 2 110 40 52 54 57 63 64 65 66 67 68 70 72 75 77 78 79 83 84 85 86 87 89 90 92 93 95 97 100 101 102 105 106 108 109 112 113 114 115 116 117 118 119 121 122 124 125 126 127 128 131 134 135 138 139 142 143 144 145 147 148 149 150 154 155 156 158 159 161 164 165 167 169 171 173 175 180 181 184 185 186 190 191 192 193 196 198 200 203 204 206 210 213 214 217 218 219 220 221 222 223 224 225 226 227 228 229 230 231 232 233 17032674206278050804
3 1 3 110 40 52 54 57 63 64 65 66 67 68 70 72 75 77 78 79 83 84 85 86 87 89 90 92 93 95 97 100 101 102 105 106 108 109 112 113 114 115 116 117 118 119 121 122 124 125 126 127 128 131 134 135 138 139 142 143 144 145 147 148 149 150 154 155 156 158 159 161 164 165 167 169 171 173 175 180 181 184 185 186 190 191 192 193 196 198 200 203 204 206 210 213 214 217 218 219 220 221 222 223 224 225 226 227 228 229 230 231 232 233 17032674206278050804
3 1 4 109 40 52 54 57 63 64 65 66 67 68 70 72 75 77 78 79 83 84 85 86 87 89 90 92 93 95 97 100 101 102 105 106 108 109 112 113 114 115 116 117 118 119 121 122 124 125 126 127 128 131 134 135 138 139 142 143 144 145 147 148 149 150 154 155 156 158 159 161 164 165 167 169 171 173 175 180 181 184 185 186 190 191 192 193 196 198 200 203 204 206 210 213 214 217 218 219 220 221 223 224 225 226 227 228 229 230 231 232 233 13011651699451572895
3 1 5 109 40 52 54 57 63 64 65 66 67 68 70 72 75 77 78 79 83 84 85 86 87 89 90 92 93 95 97 100 101 102 105 106 108 109 112 113 114 115 116 117 118 119 121 122 124 125 126 127 128 131 134 135 138 139 142 143 144 145 147 148 149 150 154 155 156 158 159 161 164 165 167 169 171 173 175 180 181 184 185 186 190 191 192 193 196 198 200 203 204 206 210 213 214 217 218 219 220 221 223 224 225 226 227 228 229 230 231 232 233 13011651699451572895
3 1 6 109 40 52 54 57 63 64 65 66 67 68 70 72 75 77 78 79 83 84 85 86 87 89 90 92 93 95 97 100 101 102 105 106 108 109 112 113 114 115 116 117 118 119 121 122 124 125 126 127 128 131 134 135 138 139 142 143 144 145 147 148 149 150 154 155 156 158 159 161 164 165 167 169 171 173 175 180 181 184 185 186 190 191 192 193 196 198 200 203 204 206 210 213 214 217 218 219 220 221 223 224 225 226 227 228 229 230 231 232 233 13011651699451572895
3 1 7 109 40 52 54 57 63 64 65 66 67 68 70 72 75 77 78 79 83 84 85 86 87 89 90 92 93 95 97 100 101 102 105 106 108 109 112 113 114 115 116 117 118 119 121 122 124 125 126 127 128 131 134 135 138 139 142 143 144 145 147 148 149 150 154 155 156 158 159 161 164 165 167 169 171 173 175 180 181 184 185 186 190 191 192 193 196 198 200 203 204 206 210 213 214 217 218 219 220 221 223 224 225 226 227 228 229 230 231 232 233 13011651699451572895
3 1 8 109 40 52 54 57 63 64 65 66 67 68 70 72 75 77 78 79 83 84 85 86 87 89 90 92 93 95 97 100 101 102 105 106 108 109 112 113 114 115 116 117 118 119 121 122 124 125 126 127 128 131 134 135 138 139 142 143 144 145 147 148 149 150 154 155 156 158 159 161 164 165 167 169 171 173 175 180 181 184 185 186 190 191 192 193 196 198 200 203 204 206 210 213 214 217 218 219 220 221 223 224 225 226 227 228 229 230 231 232 233 13011651699451572895
3 1 9 109 40 52 54 57 63 64 65 66 67 68 70 72 75 77 78 79 83 84 85 86 87 89 90 92 93 95 97 100 101 102 105 106 108 109 112 113 114 115 116 117 118 119 121 122 124 125 126 127 128 131 134 135 138 139 142 143 144 145 147 148 149 150 154 155 156 158 159 161 164 165 167 169 171 173 175 180 181 184 185 186 190 191 192 193 196 198 200 203 204 206 210 213 214 217 218 219 220 221 223 224 225 226 227 228 229 230 231 232 233 13011651699451572895
3 1 10 108 40 52 54 57 63 64 65 66 67 68 70 72 75 77 78 79 83 84 85 86 87 89 90 92 93 95 97 100 101 102 105 106 108 109 112 113 114 115 116 117 118 119 121 122 124 125 126 127 128 131 134 135 138 139 142 143 144 145 147 148 149 150 154 155 156 158 159 161 164 165 167 169 171 173 175 180 181 184 185 186 190 191 192 193 196 198 200 203 204 206 210 213 214 217 218 220 221 223 224 225 226 227 228 229 230 231 232 233 9070861153150498785
3 1 11 108 40 52 54 57 63 64 65 66 67 68 70 72 75 77 78 79 83 84 85 86 87 89 90 92 93 95 97 100 101 102 105 106 108 109 112 113 114 115 116 117 118 119 121 122 124 125 126 127 128 131 134 135 138 139 142 143 144 145 147 148 149 150 154 155 156 158 159 161 164 165 167 169 171 173 175 180 181 184 185 186 190 191 192 193 196 198 200 203 204 206 210 213 214 217 218 220 221 223 224 225 226 227 228 229 230 231 232 233 9070861153150498785
3 1 12 108 40 52 54 57 63 64 65 66 67 68 70 72 75 77 78 79 83 84 85 86 87 89 90 92 93 95 97 100 101 102 105 106 108 109 112 113 114 115 116 117 118 119 121 122 124 125 126 127 128 131 134 135 138 139 142 143 144 145 147 148 149 150 154 155 156 158 159 161 164 165 167 169 171 173 175 180 181 184 185 186 190 191 192 193 196 198 200 203 204 206 210 213 214 217 218 220 221 223 224 225 226 227 228 229 230 231 232 233 9070861153150498785
3 1 13 108 40 52 54 57 63 64 65 66 67 68 70 72 75 77 78 79 83 84 85 86 87 89 90 92 93 95 97 100 101 102 105 106 108 109 112 113 114 115 116 117 118 119 121 122 124 125 126 127 128 131 134 135 138 139 142 143 144 145 147 148 149 150 154 155 156 158 159 161 164 165 167 169 171 173 175 180 181 184 185 186 190 191 192 193 196 198 200 203 204 206 210 213 214 217 218 220 221 223 224 225 226 227 228 229 230 231 232 233 9070861153150498785
3 1 14 108 40 52 54 57 63 64 65 66 67 68 70 72 75 77 78 79 83 84 85 86 87 89 90 92 93 95 97 100 101 102 105 106 108 109 112 113 114 115 116 117 118 119 121 122 124 125 126 127 128 131 134 135 138 139 142 143 144 145 147 148 149 150 154 155 156 158 159 161 164 165 167 169 171 173 175 180 181 184 185 186 190 191 192 193 196 198 200 203 204 206 210 213 214 217 218 220 221 223 224 225 226 227 228 229 230 231 232 233 9070861153150498785
3 1 15 107 40 52 54 57 63 64 65 66 67 68 70 72 75 77 78 79 83 84 85 86 87 89 90 92 93 95 97 100 101 102 105 106 108 109 112 113 114 115 116 117 118 119 121 122 124 125 126 127 128 131 134 135 138 139 142 143 144 145 147 148 149 150 154 155 156 158 159 161 164 165 167 169 171 173 175 180 181 184 185 186 190 191 192 193 196 198 200 203 204 206 210 213 214 217 218 220 221 223 225 226 227 228 229 230 231 232 233 8547626168712693564
3 1 17 107 40 52 54 57 63 64 65 66 67 68 70 72 75 77 78 79 83 84 85 86 87 89 90 92 93 95 97 100 101 102 105 106 108 109 112 113 114 115 116 117 118 119 121 122 124 125 126 127 128 131 134 135 138 139 142 143 144 145 147 148 149 150 154 155 156 158 159 161 164 165 167 169 171 173 175 180 181 184 185 186 190 191 192 193 196 198 200 203 204 206 210 213 214 217 218 220 221 223 225 226 227 228 229 230 231 232 233 8547626168712693564
3 1 18 107 40 52 54 57 63 64 65 66 67 68 70 72 75 77 78 79 83 84 85 86 87 89 90 92 93 95 97 100 101 102 105 106 108 109 112 113 114 115 116 117 118 119 121 122 124 125 126 127 128 131 134 135 138 139 142 143 144 145 147 148 149 150 154 155 156 158 159 161 164 165 167 169 171 173 175 180 181 184 185 186 190 191 192 193 196 198 200 203 204 206 210 213 214 217 218 220 221 223 225 226 227 228 229 230 231 232 233 8547626168712693564
3 1 19 106 40 52 54 57 63 64 65 66 67 68 70 72 75 77 78 79 83 84 85 86 87 89 90 92 93 95 97 100 101 102 105 106 108 109 112 113 114 115 116 117 118 119 121 122 124 125 126 127 128 131 134 135 138 139 142 143 144 145 147 148 149 150 154 155 156 158 159 161 164 165 167 169 171 173 175 180 181 184 185 186 190 191 192 193 196 198 200 203 204 206 210 213 214 217 218 220 221 223 225 226 227 228 229 230 231 232 10191843999098050097
3 1 21 106 40 52 54 57 63 64 65 66 67 68 70 72 75 77 78 79 83 84 85 86 87 89 90 92 93 95 97 100 101 102 105 106 108 109 112 113 114 115 116 117 118 119 121 122 124 125 126 127 128 131 134 135 138 139 142 143 144 145 147 148 149 150 154 155 156 158 159 161 164 165 167 169 171 173 175 180 181 184 185 186 190 191 192 193 196 198 200 203 204 206 210 213 214 217 218 220 221 223 225 226 227 228 229 230 231 232 10191843999098050097
3 1 22 106 40 52 54 57 63 64 65 66 67 68 70 72 75 77 78 79 83 84 85 86 87 89 90 92 93 95 97 100 101 102 105 106 108 109 112 113 114 115 116 117 118 119 121 122 124 125 126 127 128 131 134 135 138 139 142 143 144 145 147 148 149 150 154 155 156 158 159 161 164 165 167 169 171 173 175 180 181 184 185 186 190 191 192 193 196 198 200 203 204 206 210 213 214 217 218 220 221 223 225 226 227 228 229 230 231 232 10191843999098050097
3 1 23 106 40 52 54 57 63 64 65 66 67 68 70 72 75 77 78 79 83 84 85 86 87 89 90 92 93 95 97 100 101 102 105 106 108 109 112 113 114 115 116 117 118 119 121 122 124 125 126 127 128 131 134 135 138 139 142 143 144 145 147 148 149 150 154 155 156 158 159 161 164 165 167 169 171 173 175 180 181 184 185 186 190 191 192 193 196 198 200 203 204 206 210 213 214 217 218 220 221 223 225 226 227 228 229 230 231 232 10191843999098050097
3 1 24 106 40 52 54 57 63 64 65 66 67 68 70 72 75 77 78 79 83 84 85 86 87 89 90 92 93 95 97 100 101 102 105 106 108 109 112 113 114 115 116 117 118 119 121 122 124 125 126 127 128 131 134 135 138 139 142 143 144 145 147 148 149 150 154 155 156 158 159 161 164 165 167 169 171 173 175 180 181 184 185 186 190 191 192 193 196 198 200 203 204 206 210 213 214 217 218 220 221 223 225 226 227 228 229 230 231 232 10191843999098050097
3 1 25 105 40 52 54 57 63 64 65 66 67 68 70 72 75 77 78 79 83 84 85 86 87 89 90 92 93 95 97 100 101 102 105 106 108 109 112 113 114 115 116 117 118 119 121 122 124 125 126 127 128 131 134 135 138 139 142 143 144 145 147 148 149 150 154 155 156 158 159 161 164 165 167 169 171 173 175 180 181 184 185 186 190 191 192 193 196 198 200 203 204 206 210 213 214 217 218 220 221 223 225 226 227 228 230 231 232 2047522309983090437
3 1 26 105 40 52 54 57 63 64 65 66 67 68 70 72 75 77 78 79 83 84 85 86 87 89 90 92 93 95 97 100 101 102 105 106 108 109 112 113 114 115 116 117 118 119 121 122 124 125 126 127 128 131 134 135 138 139 142 143 144 145 147 148 149 150 154 155 156 158 159 161 164 165 167 169 171 173 175 180 181 184 185 186 190 191 192 193 196 198 200 203 204 206 210 213 214 217 218 220 221 223 225 226 227 228 230 231 232 2047522309983090437
3 1 28 104 40 52 54 57 63 64 65 66 67 68 70 72 75 77 78 79 83 84 85 86 87 89 90 92 93 95 97 100 101 102 105 106 108 109 112 113 114 115 116 117 118 119 121 122 124 125 126 127 128 131 134 135 138 139 142 143 144 145 147 148 149 150 155 156 158 159 161 164 165 167 169 171 173 175 180 181 184 185 186 190 191 192 193 196 198 200 203 204 206 210 213 214 217 218 220 221 223 225 226 227 228 230 231 232 17323085468459588728
3 1 29 103 40 52 54 57 63 64 65 66 67 68 70 72 75 77 78 79 83 84 85 86 87 89 90 92 93 95 97 100 101 102 105 106 108 109 112 113 114 115 116 117 118 119 121 122 124 125 126 127 128 131 134 135 138 139 142 143 144 145 147 148 149 150 155 156 158 159 161 164 165 167 169 171 173 175 180 181 184 185 186 190 191 192 193 196 198 200 203 204 206 210 213 217 218 220 221 223 225 226 227 228 230 231 232 10421556957934862760
3 1 31 103 40 52 54 57 63 64 65 66 67 68 70 72 75 77 78 79 83 84 85 86 87 89 90 92 93 95 97 100 101 102 105 106 108 109 112 113 114 115 116 117 118 119 121 122 124 125 126 127 128 131 134 135 138 139 142 143 144 145 147 148 149 150 155 156 158 159 161 164 165 167 169 171 173 175 180 181 184 185 186 190 191 192 193 196 198 200 203 204 206 210 213 217 218 220 221 223 225 226 227 228 230 231 232 10421556957934862760
3 1 32 102 40 52 54 57 63 64 65 66 67 68 70 72 75 77 78 79 83 84 85 86 87 89 90 92 93 95 97 100 101 102 105 106 108 109 112 113 114 115 116 117 118 119 121 122 124 125 126 127 128 131 134 135 138 139 142 143 144 145 147 148 149 150 155 156 158 159 161 164 165 167 169 171 173 175 180 181 184 185 186 190 191 192 193 196 198 200 203 204 206 210 213 217 218 220 221 223 226 227 228 230 231 232 13439466574165850489
3 1 34 101 40 52 54 57 63 64 65 66 67 68 70 72 75 77 78 79 83 84 85 86 87 89 90 92 93 95 97 100 101 102 105 106 108 109 112 113 114 115 116 117 118 119 121 122 124 125 126 127 128 131 134 135 138 139 142 143 144 145 147 148 149 150 155 156 159 161 164 165 167 169 171 173 175 180 181 184 185 186 190 191 192 193 196 198 200 203 204 206 210 213 217 218 220 221 223 226 227 228 230 231 232 11497068083251535923
3 1 35 100 40 52 54 57 63 64 65 66 67 68 70 72 75 77 78 79 83 84 85 86 87 89 90 92 93 95 97 100 101 102 105 106 108 109 112 113 114 115 116 117 118 119 121 122 124 125 126 127 128 131 134 135 138 139 142 143 144 145 147 148 149 150 155 156 159 161 164 165 167 169 171 173 175 180 181 184 185 186 190 191 192 193 196 198 200 203 204 206 210 213 217 218 220 223 226 227 228 230 231 232 111705494936945010
3 1 36 100 40 52 54 57 63 64 65 66 67 68 70 72 75 77 78 79 83 84 85 86 87 89 90 92 93 95 97 100 101 102 105 106 108 109 112 113 114 115 116 117 118 119 121 122 124 125 126 127 128 131 134 135 138 139 142 143 144 145 147 148 149 150 155 156 159 161 164 165 167 169 171 173 175 180 181 184 185 186 190 191 192 193 196 198 200 203 204 206 210 213 217 218 220 223 226 227 228 230 231 232 111705494936945010
3 1 38 99 40 52 54 57 63 64 65 66 67 68 70 72 75 77 78 79 83 84 85 86 87 89 90 92 93 95 97 100 101 102 105 106 108 109 112 113 114 115 116 117 118 119 121 122 124 125 126 127 128 131 134 135 138 139 142 143 144 145 147 148 149 150 155 156 159 161 164 165 167 169 171 173 175 180 181 184 185 186 190 191 192 193 196 198 200 203 204 206 210 213 218 220 223 226 227 228 230 231 232 11937729494030041583
3 1 40 98 40 52 54 57 63 64 65 66 67 68 70 72 75 77 78 79 83 84 85 86 87 89 90 92 93 95 97 100 101 102 105 106 108 109 112 113 114 115 116 117 118 119 121 122 124 125 126 127 128 131 134 135 138 139 142 143 144 145 147 148 149 150 155 156 159 161 164 165 167 169 171 173 175 180 181 184 185 186 190 191 192 193 196 198 203 204 206 210 213 218 220 223 226 227 228 230 231 232 2294955632153065521
3 1 41 98 40 52 54 57 63 64 65 66 67 68 70 72 75 77 78 79 83 84 85 86 87 89 90 92 93 95 97 100 101 102 105 106 108 109 112 113 114 115 116 117 118 119 121 122 124 125 126 127 128 131 134 135 138 139 142 143 144 145 147 148 149 150 155 156 159 161 164 165 167 169 171 173 175 180 181 184 185 186 190 191 192 193 196 198 203 204 206 210 213 218 220 223 226 227 228 230 231 232 2294955632153065521
3 1 42 98 40 52 54 57 63 64 65 66 67 68 70 72 75 77 78 79 83 84 85 86 87 89 90 92 93 95 97 100 101 102 105 106 108 109 112 113 114 115 116 117 118 119 121 122 124 125 126 127 128 131 134 135 138 139 142 143 144 145 147 148 149 150 155 156 159 161 164 165 167 169 171 173 175 180 181 184 185 186 190 191 192 193 196 198 203 204 206 210 213 218 220 223 226 227 228 230 231 232 2294955632153065521
3 1 43 98 40 52 54 57 63 64 65 66 67 68 70 72 75 77 78 79 83 84 85 86 87 89 90 92 93 95 97 100 101 102 105 106 108 109 112 113 114 115 116 117 118 119 121 122 124 125 126 127 128 131 134 135 138 139 142 143 144 145 147 148 149 150 155 156 159 161 164 165 167 169 171 173 175 180 181 184 185 186 190 191 192 193 196 198 203 204 206 210 213 218 220 223 226 227 228 230 231 232 2294955632153065521
3 1 44 92 40 52 54 57 63 64 65 66 67 68 70 72 75 77 78 79 83 84 85 86 87 89 90 92 93 95 97 100 101 102 105 106 108 109 112 113 114 115 116 117 118 119 121 122 124 125 126 127 128 131 134 138 139 142 143 144 145 147 148 149 150 155 159 161 164 165 167 169 173 175 180 181 184 185 186 190 191 192 193 203 204 206 210 218 220 223 226 227 228 230 231 232 3496893208807231639
3 1 45 83 40 52 54 57 63 64 65 66 67 68 70 72 75 77 78 79 83 84 85 86 87 89 90 92 93 95 97 100 101 102 105 106 108 109 112 114 115 116 117 118 119 121 125 126 127 128 131 134 138 139 142 143 144 145 147 148 149 150 155 159 161 164 167 173 175 181 184 185 190 191 192 203 204 206 218 220 223 226 227 228 230 231 232 4665121197549406120
3 1 46 83 40 52 54 57 63 64 65 66 67 68 70 72 75 77 78 79 83 84 85 86 87 89 90 92 93 95 97 100 101 102 105 106 108 109 112 114 115 116 117 118 119 121 125 126 127 128 131 134 138 139 142 143 144 145 147 148 149 150 155 159 161 164 167 173 175 181 184 185 190 191 192 203 204 206 218 220 223 226 227 228 230 231 232 4665121197549406120
3 1 47 81 40 52 54 57 63 64 65 66 67 68 70 72 75 77 78 79 83 84 85 86 87 89 90 92 93 95 97 100 101 102 105 106 108 109 112 114 115 116 117 118 119 121 125 126 127 128 131 134 138 139 142 143 145 147 148 149 150 155 159 161 164 167 173 175 181 184 185 190 191 203 204 206 218 220 223 226 227 228 230 231 232 11205370756109479175
3 1 48 80 40 52 54 57 63 64 65 66 67 68 70 72 75 77 78 79 83 84 85 86 87 89 90 92 93 95 97 100 101 102 105 106 108 109 112 114 115 116 117 118 119 121 125 126 127 128 131 134 138 139 142 143 145 147 148 149 150 155 159 161 167 173 175 181 184 185 190 191 203 204 206 218 220 223 226 227 228 230 231 232 3936662920576920362
3 1 49 79 40 52 54 57 63 64 65 66 67 68 70 72 75 77 78 79 83 84 85 86 87 89 90 92 93 95 97 100 101 102 105 106 108 109 112 114 115 116 117 118 119 121 125 126 127 128 131 134 138 139 142 143 145 147 148 149 150 155 159 161 167 173 175 181 184 185 190 191 203 204 206 218 220 223 227 228 230 231 232 18169946520278837579
3 1 50 79 40 52 54 57 63 64 65 66 67 68 70 72 75 77 78 79 83 84 85 86 87 89 90 92 93 95 97 100 101 102 105 106 108 109 112 114 115 116 117 118 119 121 125 126 127 128 131 134 138 139 142 143 145 147 148 149 150 155 159 161 167 173 175 181 184 185 190 191 203 204 206 218 220 223 227 228 230 231 232 18169946520278837579
3 1 51 78 40 52 54 57 63 64 65 66 67 68 70 72 75 77 78 79 83 84 85 86 87 89 90 92 93 95 97 100 101 102 105 106 108 109 112 114 115 116 117 118 119 121 125 126 127 128 131 134 138 139 142 143 145 147 148 149 150 155 159 161 167 173 175 181 185 190 191 203 204 206 218 220 223 227 228 230 231 232 16719097760028079113
3 1 52 78 40 52 54 57 63 64 65 66 67 68 70 72 75 77 78 79 83 84 85 86 87 89 90 92 93 95 97 100 101 102 105 106 108 109 112 114 115 116 117 118 119 121 125 126 127 128 131 134 138 139 142 143 145 147 148 149 150 155 159 161 167 173 175 181 185 190 191 203 204 206 218 220 223 227 228 230 231 232 16719097760028079113
3 1 54 73 40 52 54 57 63 64 65 66 67 68 70 72 75 77 78 79 83 84 85 86 87 89 90 92 93 95 97 100 101 102 105 106 108 109 112 114 115 116 117 118 119 121 125 126 127 128 131 134 138 139 142 143 145 147 148 149 150 155 159 161 167 173 175 181 185 190 191 203 204 220 227 230 231 3911435801482335233
3 1 55 11 64 67 78 87 97 112 114 142 147 161 230 12842966970374000139
3 1 56 6 67 97 142 147 161 230 2060414035016336796
3 1 57 5 67 97 142 147 230 13443956968952083989
3 1 60 4 67 97 147 230 11485608260098925948
3 1 62 1 230 7334285331098060770
3 1 63 0 1469598103934665603
14 1 18446744073709551615 0 1469598103934665603
