{
  "cases": 126,
  "passed": 23,
  "failed": 103,
  "results": [
    {
      "record": "P_actual",
      "variant": "archived",
      "entry": ".minyar.fn.minyar_module_1_snow",
      "expected": 4,
      "options": {},
      "input_sha256": "b7e797c2aedf36ab4d09eefcdd29f4b0cdc5e3a5a7d2663b1982bf31b158b62e",
      "passed": true,
      "error": null,
      "observed_status": "conditional_component_certificate",
      "observed_work": 4,
      "rejection": null
    },
    {
      "record": "M_rename",
      "variant": "all_identifiers_comments_spacing",
      "entry": "app24",
      "expected": 4,
      "options": {},
      "input_sha256": "187139881ceebac05172843cae83c62b85885d3d79bd1de6ef76e1f92631e413",
      "passed": true,
      "error": null,
      "observed_status": "conditional_component_certificate",
      "observed_work": 4,
      "rejection": null
    },
    {
      "record": "M_rename",
      "variant": "single_line_whitespace",
      "entry": ".minyar.fn.minyar_module_1_snow",
      "expected": 4,
      "options": {},
      "input_sha256": "3d31800c3ea8eb260180b0d29392ee9d274af280bc2d178ab5a95fa82ff569fc",
      "passed": false,
      "error": "AssertionError: ",
      "observed_status": "conditional_component_certificate",
      "observed_work": 4,
      "rejection": null
    },
    {
      "record": "M_owner3",
      "variant": "real_plus_owner",
      "entry": ".minyar.fn.minyar_module_1_snow",
      "expected": 5,
      "options": {},
      "input_sha256": "08f7824c6912b8c753ccc57660c36d94e2ee9c528977526ef0e4b94027635927",
      "passed": false,
      "error": "AssertionError: ",
      "observed_status": "conditional_component_certificate",
      "observed_work": 4,
      "rejection": null
    },
    {
      "record": "M_owner3",
      "variant": "independent",
      "entry": "component",
      "expected": 5,
      "options": {},
      "input_sha256": "0867632400776a7124829970dc21424800fa3b6bfe6987b6eb91abe59677256d",
      "passed": true,
      "error": null,
      "observed_status": "conditional_component_certificate",
      "observed_work": 5,
      "rejection": null
    },
    {
      "record": "M_owner8",
      "variant": "independent",
      "entry": "component",
      "expected": 10,
      "options": {},
      "input_sha256": "628db4331d4a69825ad958199804216b69b084bcf1fdf7755fc7a9df9e89e054",
      "passed": true,
      "error": null,
      "observed_status": "conditional_component_certificate",
      "observed_work": 10,
      "rejection": null
    },
    {
      "record": "M_owner9",
      "variant": "independent",
      "entry": "component",
      "expected": 12,
      "options": {},
      "input_sha256": "a83021aa0e708056e64f818154a4d803f83d0192a1bf64645564c87b8bb27cee",
      "passed": true,
      "error": null,
      "observed_status": "conditional_component_certificate",
      "observed_work": 12,
      "rejection": null
    },
    {
      "record": "additional_positive",
      "variant": "owners0",
      "entry": "component",
      "expected": 1,
      "options": {},
      "input_sha256": "be4c7cf7a9546f54299f554a086de5fbd35e9e8b9fb31439ddbf1c2c11b48cb2",
      "passed": true,
      "error": null,
      "observed_status": "conditional_component_certificate",
      "observed_work": 1,
      "rejection": null
    },
    {
      "record": "additional_positive",
      "variant": "owners1",
      "entry": "component",
      "expected": 3,
      "options": {},
      "input_sha256": "1a906d01e5b26634ba13dfaf6c15659bb5ef3d78ee89e077c884bab3f661fadd",
      "passed": true,
      "error": null,
      "observed_status": "conditional_component_certificate",
      "observed_work": 3,
      "rejection": null
    },
    {
      "record": "M_payload",
      "variant": "independent_length0",
      "entry": "component",
      "expected": 4,
      "options": {},
      "input_sha256": "bdafd75cb858b7d72cf9691832e4a6a079360a506444d97b82727b7cd4b55672",
      "passed": true,
      "error": null,
      "observed_status": "conditional_component_certificate",
      "observed_work": 4,
      "rejection": null
    },
    {
      "record": "M_payload",
      "variant": "independent_length2",
      "entry": "component",
      "expected": 4,
      "options": {},
      "input_sha256": "b9faa33b44532a25e9398f377e0181a968454c6707a2a01346788feb23ed848f",
      "passed": true,
      "error": null,
      "observed_status": "conditional_component_certificate",
      "observed_work": 4,
      "rejection": null
    },
    {
      "record": "M_payload",
      "variant": "independent_length5",
      "entry": "component",
      "expected": 4,
      "options": {},
      "input_sha256": "98fb216e12989646dc3689ecd7e71eaef400de515a989c26a23e0d16458cf12e",
      "passed": true,
      "error": null,
      "observed_status": "conditional_component_certificate",
      "observed_work": 4,
      "rejection": null
    },
    {
      "record": "M_payload",
      "variant": "independent_length33",
      "entry": "component",
      "expected": 4,
      "options": {},
      "input_sha256": "09defc3cfa49efa4ef4e01aa12c5edfdb8c0a99c86987901d6c07b98bd191080",
      "passed": true,
      "error": null,
      "observed_status": "conditional_component_certificate",
      "observed_work": 4,
      "rejection": null
    },
    {
      "record": "M_payload",
      "variant": "real_literals",
      "entry": ".minyar.fn.minyar_module_1_snow",
      "expected": 4,
      "options": {},
      "input_sha256": "431bdecf1983e9de82f25bf114ca9388b01cfc353a55da62785c812953927dac",
      "passed": false,
      "error": "AssertionError: ",
      "observed_status": "conditional_component_certificate",
      "observed_work": 4,
      "rejection": null
    },
    {
      "record": "M_payload",
      "variant": "real_extra_scalar",
      "entry": ".minyar.fn.minyar_module_1_snow",
      "expected": 4,
      "options": {},
      "input_sha256": "ae14ea2e55724f9b9ccd19815de1f6eee7b7b543c38ba8891ba95bfef92018b5",
      "passed": false,
      "error": "AssertionError: ",
      "observed_status": "conditional_component_certificate",
      "observed_work": 4,
      "rejection": null
    },
    {
      "record": "M_leave_only",
      "variant": "no_step",
      "entry": ".minyar.fn.minyar_module_1_snow",
      "expected": 4,
      "options": {},
      "input_sha256": "b84af57c4a50e86e3096f034a85d62a0761b686aa608f44667a82921f6ab4616",
      "passed": false,
      "error": "AssertionError: ",
      "observed_status": "conditional_component_certificate",
      "observed_work": 4,
      "rejection": null
    },
    {
      "record": "N_double_keep",
      "variant": "duplicate",
      "entry": ".minyar.fn.minyar_module_1_snow",
      "expected": "rejected",
      "options": {},
      "input_sha256": "ab81356df92168e650721675395aee3ffea195f95a1a948e0a9e776fbc2fceeb",
      "passed": false,
      "error": "AssertionError: {'boundary': {'offset': 52911, 'end': 52915, 'line': 1057, 'column': 3, 'position': 'before instruction', 'policy': 'first instruction of maximal terminal rc_step?;rc_leave;stack_leave;ret void suffix'}, 'generations': [{'id': '%value.1', 'constructor': {'offset': 52148, 'end': 52156, 'line': 1044, 'column': 3}, 'kind': 'ScalarList', 'length': 3, 'capacity': 4, 'sealed': True, 'token': {'chunk': 0, 'slot': 0}, 'ownership_word': 10, 'producer_interval': {'start': {'offset': 52148, 'end': 52156, 'line': 1044, 'column': 3}, 'end': {'offset': 52360, 'end': 52364, 'line': 1048, 'column': 3}}, 'keep': {'offset': 52360, 'end': 52364, 'line': 1048, 'column': 3}, 'active_chunk_protection': {'start': {'offset': 52360, 'end': 52364, 'line': 1048, 'column': 3}, 'end': {'offset': 52911, 'end': 52915, 'line': 1057, 'column': 3}}}, {'id': '%value.2', 'constructor': {'offset': 52402, 'end': 52410, 'line': 1049, 'column': 3}, 'kind': 'ScalarList', 'length': 2, 'capacity': 2, 'sealed': True, 'token': {'chunk': 0, 'slot': 1}, 'ownership_word': 10, 'producer_interval': {'start': {'offset': 52402, 'end': 52410, 'line': 1049, 'column': 3}, 'end': {'offset': 52641, 'end': 52645, 'line': 1054, 'column': 3}}, 'keep': {'offset': 52641, 'end': 52645, 'line': 1054, 'column': 3}, 'active_chunk_protection': {'start': {'offset': 52641, 'end': 52645, 'line': 1054, 'column': 3}, 'end': {'offset': 52911, 'end': 52915, 'line': 1057, 'column': 3}}}], 'chunks': [['%value.1', '%value.2']], 'frame': {'activation': {'offset': 51993, 'end': 51997, 'line': 1042, 'column': 3}, 'written_locals': 0, 'finalizers': 1}, 'work': {'V': 2, 'F': 2, 'Q': 0, 'R': 0, 'E': 0, 'W_full_service_component': 4}, 'external_requirements': [{'parameter': 0, 'representation': 'Bytes', 'protection': 'continuously live outside owner du",
      "observed_status": "conditional_component_certificate",
      "observed_work": 4,
      "rejection": null
    },
    {
      "record": "N_missing_keep",
      "variant": "missing",
      "entry": ".minyar.fn.minyar_module_1_snow",
      "expected": "rejected",
      "options": {},
      "input_sha256": "073db2044b34fd8577f872a64ab75a8912fa9a08f2104b0c485d1c685bb91633",
      "passed": false,
      "error": "AssertionError: {'boundary': {'offset': 52911, 'end': 52915, 'line': 1057, 'column': 3, 'position': 'before instruction', 'policy': 'first instruction of maximal terminal rc_step?;rc_leave;stack_leave;ret void suffix'}, 'generations': [{'id': '%value.1', 'constructor': {'offset': 52148, 'end': 52156, 'line': 1044, 'column': 3}, 'kind': 'ScalarList', 'length': 3, 'capacity': 4, 'sealed': True, 'token': {'chunk': 0, 'slot': 0}, 'ownership_word': 10, 'producer_interval': {'start': {'offset': 52148, 'end': 52156, 'line': 1044, 'column': 3}, 'end': {'offset': 52360, 'end': 52364, 'line': 1048, 'column': 3}}, 'keep': {'offset': 52360, 'end': 52364, 'line': 1048, 'column': 3}, 'active_chunk_protection': {'start': {'offset': 52360, 'end': 52364, 'line': 1048, 'column': 3}, 'end': {'offset': 52911, 'end': 52915, 'line': 1057, 'column': 3}}}, {'id': '%value.2', 'constructor': {'offset': 52402, 'end': 52410, 'line': 1049, 'column': 3}, 'kind': 'ScalarList', 'length': 2, 'capacity': 2, 'sealed': True, 'token': {'chunk': 0, 'slot': 1}, 'ownership_word': 10, 'producer_interval': {'start': {'offset': 52402, 'end': 52410, 'line': 1049, 'column': 3}, 'end': {'offset': 52641, 'end': 52645, 'line': 1054, 'column': 3}}, 'keep': {'offset': 52641, 'end': 52645, 'line': 1054, 'column': 3}, 'active_chunk_protection': {'start': {'offset': 52641, 'end': 52645, 'line': 1054, 'column': 3}, 'end': {'offset': 52911, 'end': 52915, 'line': 1057, 'column': 3}}}], 'chunks': [['%value.1', '%value.2']], 'frame': {'activation': {'offset': 51993, 'end': 51997, 'line': 1042, 'column': 3}, 'written_locals': 0, 'finalizers': 1}, 'work': {'V': 2, 'F': 2, 'Q': 0, 'R': 0, 'E': 0, 'W_full_service_component': 4}, 'external_requirements': [{'parameter': 0, 'representation': 'Bytes', 'protection': 'continuously live outside owner du",
      "observed_status": "conditional_component_certificate",
      "observed_work": 4,
      "rejection": null
    },
    {
      "record": "N_external_keep",
      "variant": "borrowed_bytes",
      "entry": ".minyar.fn.minyar_module_1_snow",
      "expected": "rejected",
      "options": {},
      "input_sha256": "6c3a4f49332f588d39e9e67108547b246d715a0277306e0dc5e1a9a5d3dab019",
      "passed": false,
      "error": "AssertionError: {'boundary': {'offset': 52911, 'end': 52915, 'line': 1057, 'column': 3, 'position': 'before instruction', 'policy': 'first instruction of maximal terminal rc_step?;rc_leave;stack_leave;ret void suffix'}, 'generations': [{'id': '%value.1', 'constructor': {'offset': 52148, 'end': 52156, 'line': 1044, 'column': 3}, 'kind': 'ScalarList', 'length': 3, 'capacity': 4, 'sealed': True, 'token': {'chunk': 0, 'slot': 0}, 'ownership_word': 10, 'producer_interval': {'start': {'offset': 52148, 'end': 52156, 'line': 1044, 'column': 3}, 'end': {'offset': 52360, 'end': 52364, 'line': 1048, 'column': 3}}, 'keep': {'offset': 52360, 'end': 52364, 'line': 1048, 'column': 3}, 'active_chunk_protection': {'start': {'offset': 52360, 'end': 52364, 'line': 1048, 'column': 3}, 'end': {'offset': 52911, 'end': 52915, 'line': 1057, 'column': 3}}}, {'id': '%value.2', 'constructor': {'offset': 52402, 'end': 52410, 'line': 1049, 'column': 3}, 'kind': 'ScalarList', 'length': 2, 'capacity': 2, 'sealed': True, 'token': {'chunk': 0, 'slot': 1}, 'ownership_word': 10, 'producer_interval': {'start': {'offset': 52402, 'end': 52410, 'line': 1049, 'column': 3}, 'end': {'offset': 52641, 'end': 52645, 'line': 1054, 'column': 3}}, 'keep': {'offset': 52641, 'end': 52645, 'line': 1054, 'column': 3}, 'active_chunk_protection': {'start': {'offset': 52641, 'end': 52645, 'line': 1054, 'column': 3}, 'end': {'offset': 52911, 'end': 52915, 'line': 1057, 'column': 3}}}], 'chunks': [['%value.1', '%value.2']], 'frame': {'activation': {'offset': 51993, 'end': 51997, 'line': 1042, 'column': 3}, 'written_locals': 0, 'finalizers': 1}, 'work': {'V': 2, 'F': 2, 'Q': 0, 'R': 0, 'E': 0, 'W_full_service_component': 4}, 'external_requirements': [{'parameter': 0, 'representation': 'Bytes', 'protection': 'continuously live outside owner du",
      "observed_status": "conditional_component_certificate",
      "observed_work": 4,
      "rejection": null
    },
    {
      "record": "N_unknown_call",
      "variant": "zero_arguments",
      "entry": ".minyar.fn.minyar_module_1_snow",
      "expected": "rejected",
      "options": {},
      "input_sha256": "7b3e253ce91719f98abd316186f25f2538e18a25be1709d66d559953f83b5406",
      "passed": false,
      "error": "AssertionError: {'boundary': {'offset': 52911, 'end': 52915, 'line': 1057, 'column': 3, 'position': 'before instruction', 'policy': 'first instruction of maximal terminal rc_step?;rc_leave;stack_leave;ret void suffix'}, 'generations': [{'id': '%value.1', 'constructor': {'offset': 52148, 'end': 52156, 'line': 1044, 'column': 3}, 'kind': 'ScalarList', 'length': 3, 'capacity': 4, 'sealed': True, 'token': {'chunk': 0, 'slot': 0}, 'ownership_word': 10, 'producer_interval': {'start': {'offset': 52148, 'end': 52156, 'line': 1044, 'column': 3}, 'end': {'offset': 52360, 'end': 52364, 'line': 1048, 'column': 3}}, 'keep': {'offset': 52360, 'end': 52364, 'line': 1048, 'column': 3}, 'active_chunk_protection': {'start': {'offset': 52360, 'end': 52364, 'line': 1048, 'column': 3}, 'end': {'offset': 52911, 'end': 52915, 'line': 1057, 'column': 3}}}, {'id': '%value.2', 'constructor': {'offset': 52402, 'end': 52410, 'line': 1049, 'column': 3}, 'kind': 'ScalarList', 'length': 2, 'capacity': 2, 'sealed': True, 'token': {'chunk': 0, 'slot': 1}, 'ownership_word': 10, 'producer_interval': {'start': {'offset': 52402, 'end': 52410, 'line': 1049, 'column': 3}, 'end': {'offset': 52641, 'end': 52645, 'line': 1054, 'column': 3}}, 'keep': {'offset': 52641, 'end': 52645, 'line': 1054, 'column': 3}, 'active_chunk_protection': {'start': {'offset': 52641, 'end': 52645, 'line': 1054, 'column': 3}, 'end': {'offset': 52911, 'end': 52915, 'line': 1057, 'column': 3}}}], 'chunks': [['%value.1', '%value.2']], 'frame': {'activation': {'offset': 51993, 'end': 51997, 'line': 1042, 'column': 3}, 'written_locals': 0, 'finalizers': 1}, 'work': {'V': 2, 'F': 2, 'Q': 0, 'R': 0, 'E': 0, 'W_full_service_component': 4}, 'external_requirements': [{'parameter': 0, 'representation': 'Bytes', 'protection': 'continuously live outside owner du",
      "observed_status": "conditional_component_certificate",
      "observed_work": 4,
      "rejection": null
    },
    {
      "record": "N_unknown_call",
      "variant": "pointer",
      "entry": ".minyar.fn.minyar_module_1_snow",
      "expected": "rejected",
      "options": {},
      "input_sha256": "6bb4b54963c7f3066c12fa86bedf513ac3dc32c2e57fcff4df0e6f7eecaa5936",
      "passed": false,
      "error": "AssertionError: {'boundary': {'offset': 52911, 'end': 52915, 'line': 1057, 'column': 3, 'position': 'before instruction', 'policy': 'first instruction of maximal terminal rc_step?;rc_leave;stack_leave;ret void suffix'}, 'generations': [{'id': '%value.1', 'constructor': {'offset': 52148, 'end': 52156, 'line': 1044, 'column': 3}, 'kind': 'ScalarList', 'length': 3, 'capacity': 4, 'sealed': True, 'token': {'chunk': 0, 'slot': 0}, 'ownership_word': 10, 'producer_interval': {'start': {'offset': 52148, 'end': 52156, 'line': 1044, 'column': 3}, 'end': {'offset': 52360, 'end': 52364, 'line': 1048, 'column': 3}}, 'keep': {'offset': 52360, 'end': 52364, 'line': 1048, 'column': 3}, 'active_chunk_protection': {'start': {'offset': 52360, 'end': 52364, 'line': 1048, 'column': 3}, 'end': {'offset': 52911, 'end': 52915, 'line': 1057, 'column': 3}}}, {'id': '%value.2', 'constructor': {'offset': 52402, 'end': 52410, 'line': 1049, 'column': 3}, 'kind': 'ScalarList', 'length': 2, 'capacity': 2, 'sealed': True, 'token': {'chunk': 0, 'slot': 1}, 'ownership_word': 10, 'producer_interval': {'start': {'offset': 52402, 'end': 52410, 'line': 1049, 'column': 3}, 'end': {'offset': 52641, 'end': 52645, 'line': 1054, 'column': 3}}, 'keep': {'offset': 52641, 'end': 52645, 'line': 1054, 'column': 3}, 'active_chunk_protection': {'start': {'offset': 52641, 'end': 52645, 'line': 1054, 'column': 3}, 'end': {'offset': 52911, 'end': 52915, 'line': 1057, 'column': 3}}}], 'chunks': [['%value.1', '%value.2']], 'frame': {'activation': {'offset': 51993, 'end': 51997, 'line': 1042, 'column': 3}, 'written_locals': 0, 'finalizers': 1}, 'work': {'V': 2, 'F': 2, 'Q': 0, 'R': 0, 'E': 0, 'W_full_service_component': 4}, 'external_requirements': [{'parameter': 0, 'representation': 'Bytes', 'protection': 'continuously live outside owner du",
      "observed_status": "conditional_component_certificate",
      "observed_work": 4,
      "rejection": null
    },
    {
      "record": "N_retain_release",
      "variant": "retain",
      "entry": ".minyar.fn.minyar_module_1_snow",
      "expected": "rejected",
      "options": {},
      "input_sha256": "ec9324a7ede77fa0591d72392fe21773fe5f9d582bc62caead83c6064add243f",
      "passed": false,
      "error": "AssertionError: {'boundary': {'offset': 52911, 'end': 52915, 'line': 1057, 'column': 3, 'position': 'before instruction', 'policy': 'first instruction of maximal terminal rc_step?;rc_leave;stack_leave;ret void suffix'}, 'generations': [{'id': '%value.1', 'constructor': {'offset': 52148, 'end': 52156, 'line': 1044, 'column': 3}, 'kind': 'ScalarList', 'length': 3, 'capacity': 4, 'sealed': True, 'token': {'chunk': 0, 'slot': 0}, 'ownership_word': 10, 'producer_interval': {'start': {'offset': 52148, 'end': 52156, 'line': 1044, 'column': 3}, 'end': {'offset': 52360, 'end': 52364, 'line': 1048, 'column': 3}}, 'keep': {'offset': 52360, 'end': 52364, 'line': 1048, 'column': 3}, 'active_chunk_protection': {'start': {'offset': 52360, 'end': 52364, 'line': 1048, 'column': 3}, 'end': {'offset': 52911, 'end': 52915, 'line': 1057, 'column': 3}}}, {'id': '%value.2', 'constructor': {'offset': 52402, 'end': 52410, 'line': 1049, 'column': 3}, 'kind': 'ScalarList', 'length': 2, 'capacity': 2, 'sealed': True, 'token': {'chunk': 0, 'slot': 1}, 'ownership_word': 10, 'producer_interval': {'start': {'offset': 52402, 'end': 52410, 'line': 1049, 'column': 3}, 'end': {'offset': 52641, 'end': 52645, 'line': 1054, 'column': 3}}, 'keep': {'offset': 52641, 'end': 52645, 'line': 1054, 'column': 3}, 'active_chunk_protection': {'start': {'offset': 52641, 'end': 52645, 'line': 1054, 'column': 3}, 'end': {'offset': 52911, 'end': 52915, 'line': 1057, 'column': 3}}}], 'chunks': [['%value.1', '%value.2']], 'frame': {'activation': {'offset': 51993, 'end': 51997, 'line': 1042, 'column': 3}, 'written_locals': 0, 'finalizers': 1}, 'work': {'V': 2, 'F': 2, 'Q': 0, 'R': 0, 'E': 0, 'W_full_service_component': 4}, 'external_requirements': [{'parameter': 0, 'representation': 'Bytes', 'protection': 'continuously live outside owner du",
      "observed_status": "conditional_component_certificate",
      "observed_work": 4,
      "rejection": null
    },
    {
      "record": "N_retain_release",
      "variant": "borrow",
      "entry": ".minyar.fn.minyar_module_1_snow",
      "expected": "rejected",
      "options": {},
      "input_sha256": "a1c1204e8ae5208dc78ed6296c87db1d27cbf8d75a2a4172eb6f69c04d9c9620",
      "passed": false,
      "error": "AssertionError: {'boundary': {'offset': 52911, 'end': 52915, 'line': 1057, 'column': 3, 'position': 'before instruction', 'policy': 'first instruction of maximal terminal rc_step?;rc_leave;stack_leave;ret void suffix'}, 'generations': [{'id': '%value.1', 'constructor': {'offset': 52148, 'end': 52156, 'line': 1044, 'column': 3}, 'kind': 'ScalarList', 'length': 3, 'capacity': 4, 'sealed': True, 'token': {'chunk': 0, 'slot': 0}, 'ownership_word': 10, 'producer_interval': {'start': {'offset': 52148, 'end': 52156, 'line': 1044, 'column': 3}, 'end': {'offset': 52360, 'end': 52364, 'line': 1048, 'column': 3}}, 'keep': {'offset': 52360, 'end': 52364, 'line': 1048, 'column': 3}, 'active_chunk_protection': {'start': {'offset': 52360, 'end': 52364, 'line': 1048, 'column': 3}, 'end': {'offset': 52911, 'end': 52915, 'line': 1057, 'column': 3}}}, {'id': '%value.2', 'constructor': {'offset': 52402, 'end': 52410, 'line': 1049, 'column': 3}, 'kind': 'ScalarList', 'length': 2, 'capacity': 2, 'sealed': True, 'token': {'chunk': 0, 'slot': 1}, 'ownership_word': 10, 'producer_interval': {'start': {'offset': 52402, 'end': 52410, 'line': 1049, 'column': 3}, 'end': {'offset': 52641, 'end': 52645, 'line': 1054, 'column': 3}}, 'keep': {'offset': 52641, 'end': 52645, 'line': 1054, 'column': 3}, 'active_chunk_protection': {'start': {'offset': 52641, 'end': 52645, 'line': 1054, 'column': 3}, 'end': {'offset': 52911, 'end': 52915, 'line': 1057, 'column': 3}}}], 'chunks': [['%value.1', '%value.2']], 'frame': {'activation': {'offset': 51993, 'end': 51997, 'line': 1042, 'column': 3}, 'written_locals': 0, 'finalizers': 1}, 'work': {'V': 2, 'F': 2, 'Q': 0, 'R': 0, 'E': 0, 'W_full_service_component': 4}, 'external_requirements': [{'parameter': 0, 'representation': 'Bytes', 'protection': 'continuously live outside owner du",
      "observed_status": "conditional_component_certificate",
      "observed_work": 4,
      "rejection": null
    },
    {
      "record": "N_retain_release",
      "variant": "release",
      "entry": ".minyar.fn.minyar_module_1_snow",
      "expected": "rejected",
      "options": {},
      "input_sha256": "4d31ebd8a3c736100955651a2b51b0793bdde408f7664e752e4bca3f9a57ef14",
      "passed": false,
      "error": "AssertionError: {'boundary': {'offset': 52911, 'end': 52915, 'line': 1057, 'column': 3, 'position': 'before instruction', 'policy': 'first instruction of maximal terminal rc_step?;rc_leave;stack_leave;ret void suffix'}, 'generations': [{'id': '%value.1', 'constructor': {'offset': 52148, 'end': 52156, 'line': 1044, 'column': 3}, 'kind': 'ScalarList', 'length': 3, 'capacity': 4, 'sealed': True, 'token': {'chunk': 0, 'slot': 0}, 'ownership_word': 10, 'producer_interval': {'start': {'offset': 52148, 'end': 52156, 'line': 1044, 'column': 3}, 'end': {'offset': 52360, 'end': 52364, 'line': 1048, 'column': 3}}, 'keep': {'offset': 52360, 'end': 52364, 'line': 1048, 'column': 3}, 'active_chunk_protection': {'start': {'offset': 52360, 'end': 52364, 'line': 1048, 'column': 3}, 'end': {'offset': 52911, 'end': 52915, 'line': 1057, 'column': 3}}}, {'id': '%value.2', 'constructor': {'offset': 52402, 'end': 52410, 'line': 1049, 'column': 3}, 'kind': 'ScalarList', 'length': 2, 'capacity': 2, 'sealed': True, 'token': {'chunk': 0, 'slot': 1}, 'ownership_word': 10, 'producer_interval': {'start': {'offset': 52402, 'end': 52410, 'line': 1049, 'column': 3}, 'end': {'offset': 52641, 'end': 52645, 'line': 1054, 'column': 3}}, 'keep': {'offset': 52641, 'end': 52645, 'line': 1054, 'column': 3}, 'active_chunk_protection': {'start': {'offset': 52641, 'end': 52645, 'line': 1054, 'column': 3}, 'end': {'offset': 52911, 'end': 52915, 'line': 1057, 'column': 3}}}], 'chunks': [['%value.1', '%value.2']], 'frame': {'activation': {'offset': 51993, 'end': 51997, 'line': 1042, 'column': 3}, 'written_locals': 0, 'finalizers': 1}, 'work': {'V': 2, 'F': 2, 'Q': 0, 'R': 0, 'E': 0, 'W_full_service_component': 4}, 'external_requirements': [{'parameter': 0, 'representation': 'Bytes', 'protection': 'continuously live outside owner du",
      "observed_status": "conditional_component_certificate",
      "observed_work": 4,
      "rejection": null
    },
    {
      "record": "N_retain_release",
      "variant": "poll",
      "entry": ".minyar.fn.minyar_module_1_snow",
      "expected": "rejected",
      "options": {},
      "input_sha256": "0a9e046fe971ffb3903b2a4d82367867395fefa86411f10f96f475e03d409591",
      "passed": false,
      "error": "AssertionError: {'boundary': {'offset': 52911, 'end': 52915, 'line': 1057, 'column': 3, 'position': 'before instruction', 'policy': 'first instruction of maximal terminal rc_step?;rc_leave;stack_leave;ret void suffix'}, 'generations': [{'id': '%value.1', 'constructor': {'offset': 52148, 'end': 52156, 'line': 1044, 'column': 3}, 'kind': 'ScalarList', 'length': 3, 'capacity': 4, 'sealed': True, 'token': {'chunk': 0, 'slot': 0}, 'ownership_word': 10, 'producer_interval': {'start': {'offset': 52148, 'end': 52156, 'line': 1044, 'column': 3}, 'end': {'offset': 52360, 'end': 52364, 'line': 1048, 'column': 3}}, 'keep': {'offset': 52360, 'end': 52364, 'line': 1048, 'column': 3}, 'active_chunk_protection': {'start': {'offset': 52360, 'end': 52364, 'line': 1048, 'column': 3}, 'end': {'offset': 52911, 'end': 52915, 'line': 1057, 'column': 3}}}, {'id': '%value.2', 'constructor': {'offset': 52402, 'end': 52410, 'line': 1049, 'column': 3}, 'kind': 'ScalarList', 'length': 2, 'capacity': 2, 'sealed': True, 'token': {'chunk': 0, 'slot': 1}, 'ownership_word': 10, 'producer_interval': {'start': {'offset': 52402, 'end': 52410, 'line': 1049, 'column': 3}, 'end': {'offset': 52641, 'end': 52645, 'line': 1054, 'column': 3}}, 'keep': {'offset': 52641, 'end': 52645, 'line': 1054, 'column': 3}, 'active_chunk_protection': {'start': {'offset': 52641, 'end': 52645, 'line': 1054, 'column': 3}, 'end': {'offset': 52911, 'end': 52915, 'line': 1057, 'column': 3}}}], 'chunks': [['%value.1', '%value.2']], 'frame': {'activation': {'offset': 51993, 'end': 51997, 'line': 1042, 'column': 3}, 'written_locals': 0, 'finalizers': 1}, 'work': {'V': 2, 'F': 2, 'Q': 0, 'R': 0, 'E': 0, 'W_full_service_component': 4}, 'external_requirements': [{'parameter': 0, 'representation': 'Bytes', 'protection': 'continuously live outside owner du",
      "observed_status": "conditional_component_certificate",
      "observed_work": 4,
      "rejection": null
    },
    {
      "record": "N_reference",
      "variant": "references",
      "entry": ".minyar.fn.minyar_module_1_snow",
      "expected": "rejected",
      "options": {},
      "input_sha256": "d3eebd00a653450a1475e3c9bc6934cc86e890287645559d924b38d59634e745",
      "passed": false,
      "error": "AssertionError: {'boundary': {'offset': 52911, 'end': 52915, 'line': 1057, 'column': 3, 'position': 'before instruction', 'policy': 'first instruction of maximal terminal rc_step?;rc_leave;stack_leave;ret void suffix'}, 'generations': [{'id': '%value.1', 'constructor': {'offset': 52148, 'end': 52156, 'line': 1044, 'column': 3}, 'kind': 'ScalarList', 'length': 3, 'capacity': 4, 'sealed': True, 'token': {'chunk': 0, 'slot': 0}, 'ownership_word': 10, 'producer_interval': {'start': {'offset': 52148, 'end': 52156, 'line': 1044, 'column': 3}, 'end': {'offset': 52360, 'end': 52364, 'line': 1048, 'column': 3}}, 'keep': {'offset': 52360, 'end': 52364, 'line': 1048, 'column': 3}, 'active_chunk_protection': {'start': {'offset': 52360, 'end': 52364, 'line': 1048, 'column': 3}, 'end': {'offset': 52911, 'end': 52915, 'line': 1057, 'column': 3}}}, {'id': '%value.2', 'constructor': {'offset': 52402, 'end': 52410, 'line': 1049, 'column': 3}, 'kind': 'ScalarList', 'length': 2, 'capacity': 2, 'sealed': True, 'token': {'chunk': 0, 'slot': 1}, 'ownership_word': 10, 'producer_interval': {'start': {'offset': 52402, 'end': 52410, 'line': 1049, 'column': 3}, 'end': {'offset': 52641, 'end': 52645, 'line': 1054, 'column': 3}}, 'keep': {'offset': 52641, 'end': 52645, 'line': 1054, 'column': 3}, 'active_chunk_protection': {'start': {'offset': 52641, 'end': 52645, 'line': 1054, 'column': 3}, 'end': {'offset': 52911, 'end': 52915, 'line': 1057, 'column': 3}}}], 'chunks': [['%value.1', '%value.2']], 'frame': {'activation': {'offset': 51993, 'end': 51997, 'line': 1042, 'column': 3}, 'written_locals': 0, 'finalizers': 1}, 'work': {'V': 2, 'F': 2, 'Q': 0, 'R': 0, 'E': 0, 'W_full_service_component': 4}, 'external_requirements': [{'parameter': 0, 'representation': 'Bytes', 'protection': 'continuously live outside owner du",
      "observed_status": "conditional_component_certificate",
      "observed_work": 4,
      "rejection": null
    },
    {
      "record": "N_reference",
      "variant": "add_take",
      "entry": ".minyar.fn.minyar_module_1_snow",
      "expected": "rejected",
      "options": {},
      "input_sha256": "663b8f20de3fdfeb5d0ffa375170d1f2d54952eec98b1464cd24c70960164e3a",
      "passed": false,
      "error": "AssertionError: {'boundary': {'offset': 52911, 'end': 52915, 'line': 1057, 'column': 3, 'position': 'before instruction', 'policy': 'first instruction of maximal terminal rc_step?;rc_leave;stack_leave;ret void suffix'}, 'generations': [{'id': '%value.1', 'constructor': {'offset': 52148, 'end': 52156, 'line': 1044, 'column': 3}, 'kind': 'ScalarList', 'length': 3, 'capacity': 4, 'sealed': True, 'token': {'chunk': 0, 'slot': 0}, 'ownership_word': 10, 'producer_interval': {'start': {'offset': 52148, 'end': 52156, 'line': 1044, 'column': 3}, 'end': {'offset': 52360, 'end': 52364, 'line': 1048, 'column': 3}}, 'keep': {'offset': 52360, 'end': 52364, 'line': 1048, 'column': 3}, 'active_chunk_protection': {'start': {'offset': 52360, 'end': 52364, 'line': 1048, 'column': 3}, 'end': {'offset': 52911, 'end': 52915, 'line': 1057, 'column': 3}}}, {'id': '%value.2', 'constructor': {'offset': 52402, 'end': 52410, 'line': 1049, 'column': 3}, 'kind': 'ScalarList', 'length': 2, 'capacity': 2, 'sealed': True, 'token': {'chunk': 0, 'slot': 1}, 'ownership_word': 10, 'producer_interval': {'start': {'offset': 52402, 'end': 52410, 'line': 1049, 'column': 3}, 'end': {'offset': 52641, 'end': 52645, 'line': 1054, 'column': 3}}, 'keep': {'offset': 52641, 'end': 52645, 'line': 1054, 'column': 3}, 'active_chunk_protection': {'start': {'offset': 52641, 'end': 52645, 'line': 1054, 'column': 3}, 'end': {'offset': 52911, 'end': 52915, 'line': 1057, 'column': 3}}}], 'chunks': [['%value.1', '%value.2']], 'frame': {'activation': {'offset': 51993, 'end': 51997, 'line': 1042, 'column': 3}, 'written_locals': 0, 'finalizers': 1}, 'work': {'V': 2, 'F': 2, 'Q': 0, 'R': 0, 'E': 0, 'W_full_service_component': 4}, 'external_requirements': [{'parameter': 0, 'representation': 'Bytes', 'protection': 'continuously live outside owner du",
      "observed_status": "conditional_component_certificate",
      "observed_work": 4,
      "rejection": null
    },
    {
      "record": "N_fresh_return",
      "variant": "pointer_return",
      "entry": ".minyar.fn.minyar_module_1_snow",
      "expected": "rejected",
      "options": {},
      "input_sha256": "8eac36feb5c0ad3f9f2bd953080962ce43c2c73607819de2c8a5ba2e87cb7746",
      "passed": false,
      "error": "AssertionError: {'boundary': {'offset': 52911, 'end': 52915, 'line': 1057, 'column': 3, 'position': 'before instruction', 'policy': 'first instruction of maximal terminal rc_step?;rc_leave;stack_leave;ret void suffix'}, 'generations': [{'id': '%value.1', 'constructor': {'offset': 52148, 'end': 52156, 'line': 1044, 'column': 3}, 'kind': 'ScalarList', 'length': 3, 'capacity': 4, 'sealed': True, 'token': {'chunk': 0, 'slot': 0}, 'ownership_word': 10, 'producer_interval': {'start': {'offset': 52148, 'end': 52156, 'line': 1044, 'column': 3}, 'end': {'offset': 52360, 'end': 52364, 'line': 1048, 'column': 3}}, 'keep': {'offset': 52360, 'end': 52364, 'line': 1048, 'column': 3}, 'active_chunk_protection': {'start': {'offset': 52360, 'end': 52364, 'line': 1048, 'column': 3}, 'end': {'offset': 52911, 'end': 52915, 'line': 1057, 'column': 3}}}, {'id': '%value.2', 'constructor': {'offset': 52402, 'end': 52410, 'line': 1049, 'column': 3}, 'kind': 'ScalarList', 'length': 2, 'capacity': 2, 'sealed': True, 'token': {'chunk': 0, 'slot': 1}, 'ownership_word': 10, 'producer_interval': {'start': {'offset': 52402, 'end': 52410, 'line': 1049, 'column': 3}, 'end': {'offset': 52641, 'end': 52645, 'line': 1054, 'column': 3}}, 'keep': {'offset': 52641, 'end': 52645, 'line': 1054, 'column': 3}, 'active_chunk_protection': {'start': {'offset': 52641, 'end': 52645, 'line': 1054, 'column': 3}, 'end': {'offset': 52911, 'end': 52915, 'line': 1057, 'column': 3}}}], 'chunks': [['%value.1', '%value.2']], 'frame': {'activation': {'offset': 51993, 'end': 51997, 'line': 1042, 'column': 3}, 'written_locals': 0, 'finalizers': 1}, 'work': {'V': 2, 'F': 2, 'Q': 0, 'R': 0, 'E': 0, 'W_full_service_component': 4}, 'external_requirements': [{'parameter': 0, 'representation': 'Bytes', 'protection': 'continuously live outside owner du",
      "observed_status": "conditional_component_certificate",
      "observed_work": 4,
      "rejection": null
    },
    {
      "record": "N_external_return",
      "variant": "pointer_return",
      "entry": ".minyar.fn.minyar_module_1_snow",
      "expected": "rejected",
      "options": {},
      "input_sha256": "3e8a2f95ddb075f4a9eb3669c421f8f03413e5c4920540c946514571a4bac7b0",
      "passed": false,
      "error": "AssertionError: {'boundary': {'offset': 52911, 'end': 52915, 'line': 1057, 'column': 3, 'position': 'before instruction', 'policy': 'first instruction of maximal terminal rc_step?;rc_leave;stack_leave;ret void suffix'}, 'generations': [{'id': '%value.1', 'constructor': {'offset': 52148, 'end': 52156, 'line': 1044, 'column': 3}, 'kind': 'ScalarList', 'length': 3, 'capacity': 4, 'sealed': True, 'token': {'chunk': 0, 'slot': 0}, 'ownership_word': 10, 'producer_interval': {'start': {'offset': 52148, 'end': 52156, 'line': 1044, 'column': 3}, 'end': {'offset': 52360, 'end': 52364, 'line': 1048, 'column': 3}}, 'keep': {'offset': 52360, 'end': 52364, 'line': 1048, 'column': 3}, 'active_chunk_protection': {'start': {'offset': 52360, 'end': 52364, 'line': 1048, 'column': 3}, 'end': {'offset': 52911, 'end': 52915, 'line': 1057, 'column': 3}}}, {'id': '%value.2', 'constructor': {'offset': 52402, 'end': 52410, 'line': 1049, 'column': 3}, 'kind': 'ScalarList', 'length': 2, 'capacity': 2, 'sealed': True, 'token': {'chunk': 0, 'slot': 1}, 'ownership_word': 10, 'producer_interval': {'start': {'offset': 52402, 'end': 52410, 'line': 1049, 'column': 3}, 'end': {'offset': 52641, 'end': 52645, 'line': 1054, 'column': 3}}, 'keep': {'offset': 52641, 'end': 52645, 'line': 1054, 'column': 3}, 'active_chunk_protection': {'start': {'offset': 52641, 'end': 52645, 'line': 1054, 'column': 3}, 'end': {'offset': 52911, 'end': 52915, 'line': 1057, 'column': 3}}}], 'chunks': [['%value.1', '%value.2']], 'frame': {'activation': {'offset': 51993, 'end': 51997, 'line': 1042, 'column': 3}, 'written_locals': 0, 'finalizers': 1}, 'work': {'V': 2, 'F': 2, 'Q': 0, 'R': 0, 'E': 0, 'W_full_service_component': 4}, 'external_requirements': [{'parameter': 0, 'representation': 'Bytes', 'protection': 'continuously live outside owner du",
      "observed_status": "conditional_component_certificate",
      "observed_work": 4,
      "rejection": null
    },
    {
      "record": "N_pointer_store",
      "variant": "global",
      "entry": ".minyar.fn.minyar_module_1_snow",
      "expected": "rejected",
      "options": {},
      "input_sha256": "1da7ce5b8354a7145fa5041709ea2373ada8ddbe0b9bb517f7b4cc489be01db1",
      "passed": false,
      "error": "AssertionError: {'boundary': {'offset': 52911, 'end': 52915, 'line': 1057, 'column': 3, 'position': 'before instruction', 'policy': 'first instruction of maximal terminal rc_step?;rc_leave;stack_leave;ret void suffix'}, 'generations': [{'id': '%value.1', 'constructor': {'offset': 52148, 'end': 52156, 'line': 1044, 'column': 3}, 'kind': 'ScalarList', 'length': 3, 'capacity': 4, 'sealed': True, 'token': {'chunk': 0, 'slot': 0}, 'ownership_word': 10, 'producer_interval': {'start': {'offset': 52148, 'end': 52156, 'line': 1044, 'column': 3}, 'end': {'offset': 52360, 'end': 52364, 'line': 1048, 'column': 3}}, 'keep': {'offset': 52360, 'end': 52364, 'line': 1048, 'column': 3}, 'active_chunk_protection': {'start': {'offset': 52360, 'end': 52364, 'line': 1048, 'column': 3}, 'end': {'offset': 52911, 'end': 52915, 'line': 1057, 'column': 3}}}, {'id': '%value.2', 'constructor': {'offset': 52402, 'end': 52410, 'line': 1049, 'column': 3}, 'kind': 'ScalarList', 'length': 2, 'capacity': 2, 'sealed': True, 'token': {'chunk': 0, 'slot': 1}, 'ownership_word': 10, 'producer_interval': {'start': {'offset': 52402, 'end': 52410, 'line': 1049, 'column': 3}, 'end': {'offset': 52641, 'end': 52645, 'line': 1054, 'column': 3}}, 'keep': {'offset': 52641, 'end': 52645, 'line': 1054, 'column': 3}, 'active_chunk_protection': {'start': {'offset': 52641, 'end': 52645, 'line': 1054, 'column': 3}, 'end': {'offset': 52911, 'end': 52915, 'line': 1057, 'column': 3}}}], 'chunks': [['%value.1', '%value.2']], 'frame': {'activation': {'offset': 51993, 'end': 51997, 'line': 1042, 'column': 3}, 'written_locals': 0, 'finalizers': 1}, 'work': {'V': 2, 'F': 2, 'Q': 0, 'R': 0, 'E': 0, 'W_full_service_component': 4}, 'external_requirements': [{'parameter': 0, 'representation': 'Bytes', 'protection': 'continuously live outside owner du",
      "observed_status": "conditional_component_certificate",
      "observed_work": 4,
      "rejection": null
    },
    {
      "record": "N_pointer_store",
      "variant": "scalar_cell",
      "entry": ".minyar.fn.minyar_module_1_snow",
      "expected": "rejected",
      "options": {},
      "input_sha256": "340ab37d9f745e53b8ce593260d35bddfcfaf1b47aad1f9791c87b82105a75e0",
      "passed": false,
      "error": "AssertionError: {'boundary': {'offset': 52911, 'end': 52915, 'line': 1057, 'column': 3, 'position': 'before instruction', 'policy': 'first instruction of maximal terminal rc_step?;rc_leave;stack_leave;ret void suffix'}, 'generations': [{'id': '%value.1', 'constructor': {'offset': 52148, 'end': 52156, 'line': 1044, 'column': 3}, 'kind': 'ScalarList', 'length': 3, 'capacity': 4, 'sealed': True, 'token': {'chunk': 0, 'slot': 0}, 'ownership_word': 10, 'producer_interval': {'start': {'offset': 52148, 'end': 52156, 'line': 1044, 'column': 3}, 'end': {'offset': 52360, 'end': 52364, 'line': 1048, 'column': 3}}, 'keep': {'offset': 52360, 'end': 52364, 'line': 1048, 'column': 3}, 'active_chunk_protection': {'start': {'offset': 52360, 'end': 52364, 'line': 1048, 'column': 3}, 'end': {'offset': 52911, 'end': 52915, 'line': 1057, 'column': 3}}}, {'id': '%value.2', 'constructor': {'offset': 52402, 'end': 52410, 'line': 1049, 'column': 3}, 'kind': 'ScalarList', 'length': 2, 'capacity': 2, 'sealed': True, 'token': {'chunk': 0, 'slot': 1}, 'ownership_word': 10, 'producer_interval': {'start': {'offset': 52402, 'end': 52410, 'line': 1049, 'column': 3}, 'end': {'offset': 52641, 'end': 52645, 'line': 1054, 'column': 3}}, 'keep': {'offset': 52641, 'end': 52645, 'line': 1054, 'column': 3}, 'active_chunk_protection': {'start': {'offset': 52641, 'end': 52645, 'line': 1054, 'column': 3}, 'end': {'offset': 52911, 'end': 52915, 'line': 1057, 'column': 3}}}], 'chunks': [['%value.1', '%value.2']], 'frame': {'activation': {'offset': 51993, 'end': 51997, 'line': 1042, 'column': 3}, 'written_locals': 0, 'finalizers': 1}, 'work': {'V': 2, 'F': 2, 'Q': 0, 'R': 0, 'E': 0, 'W_full_service_component': 4}, 'external_requirements': [{'parameter': 0, 'representation': 'Bytes', 'protection': 'continuously live outside owner du",
      "observed_status": "conditional_component_certificate",
      "observed_work": 4,
      "rejection": null
    },
    {
      "record": "N_launder",
      "variant": "ptrtoint_cell",
      "entry": ".minyar.fn.minyar_module_1_snow",
      "expected": "rejected",
      "options": {},
      "input_sha256": "3137e3e2192994c0bd75ee0111bd8fd048b73671d8a17af60b29fc4567148abf",
      "passed": false,
      "error": "AssertionError: {'boundary': {'offset': 52911, 'end': 52915, 'line': 1057, 'column': 3, 'position': 'before instruction', 'policy': 'first instruction of maximal terminal rc_step?;rc_leave;stack_leave;ret void suffix'}, 'generations': [{'id': '%value.1', 'constructor': {'offset': 52148, 'end': 52156, 'line': 1044, 'column': 3}, 'kind': 'ScalarList', 'length': 3, 'capacity': 4, 'sealed': True, 'token': {'chunk': 0, 'slot': 0}, 'ownership_word': 10, 'producer_interval': {'start': {'offset': 52148, 'end': 52156, 'line': 1044, 'column': 3}, 'end': {'offset': 52360, 'end': 52364, 'line': 1048, 'column': 3}}, 'keep': {'offset': 52360, 'end': 52364, 'line': 1048, 'column': 3}, 'active_chunk_protection': {'start': {'offset': 52360, 'end': 52364, 'line': 1048, 'column': 3}, 'end': {'offset': 52911, 'end': 52915, 'line': 1057, 'column': 3}}}, {'id': '%value.2', 'constructor': {'offset': 52402, 'end': 52410, 'line': 1049, 'column': 3}, 'kind': 'ScalarList', 'length': 2, 'capacity': 2, 'sealed': True, 'token': {'chunk': 0, 'slot': 1}, 'ownership_word': 10, 'producer_interval': {'start': {'offset': 52402, 'end': 52410, 'line': 1049, 'column': 3}, 'end': {'offset': 52641, 'end': 52645, 'line': 1054, 'column': 3}}, 'keep': {'offset': 52641, 'end': 52645, 'line': 1054, 'column': 3}, 'active_chunk_protection': {'start': {'offset': 52641, 'end': 52645, 'line': 1054, 'column': 3}, 'end': {'offset': 52911, 'end': 52915, 'line': 1057, 'column': 3}}}], 'chunks': [['%value.1', '%value.2']], 'frame': {'activation': {'offset': 51993, 'end': 51997, 'line': 1042, 'column': 3}, 'written_locals': 0, 'finalizers': 1}, 'work': {'V': 2, 'F': 2, 'Q': 0, 'R': 0, 'E': 0, 'W_full_service_component': 4}, 'external_requirements': [{'parameter': 0, 'representation': 'Bytes', 'protection': 'continuously live outside owner du",
      "observed_status": "conditional_component_certificate",
      "observed_work": 4,
      "rejection": null
    },
    {
      "record": "N_launder",
      "variant": "ptrtoint_list",
      "entry": ".minyar.fn.minyar_module_1_snow",
      "expected": "rejected",
      "options": {},
      "input_sha256": "6fd2e59d532554ef3aaf57d86cfe8a240c999de542ecb68682ef2c9e5c88c3a9",
      "passed": false,
      "error": "AssertionError: {'boundary': {'offset': 52911, 'end': 52915, 'line': 1057, 'column': 3, 'position': 'before instruction', 'policy': 'first instruction of maximal terminal rc_step?;rc_leave;stack_leave;ret void suffix'}, 'generations': [{'id': '%value.1', 'constructor': {'offset': 52148, 'end': 52156, 'line': 1044, 'column': 3}, 'kind': 'ScalarList', 'length': 3, 'capacity': 4, 'sealed': True, 'token': {'chunk': 0, 'slot': 0}, 'ownership_word': 10, 'producer_interval': {'start': {'offset': 52148, 'end': 52156, 'line': 1044, 'column': 3}, 'end': {'offset': 52360, 'end': 52364, 'line': 1048, 'column': 3}}, 'keep': {'offset': 52360, 'end': 52364, 'line': 1048, 'column': 3}, 'active_chunk_protection': {'start': {'offset': 52360, 'end': 52364, 'line': 1048, 'column': 3}, 'end': {'offset': 52911, 'end': 52915, 'line': 1057, 'column': 3}}}, {'id': '%value.2', 'constructor': {'offset': 52402, 'end': 52410, 'line': 1049, 'column': 3}, 'kind': 'ScalarList', 'length': 2, 'capacity': 2, 'sealed': True, 'token': {'chunk': 0, 'slot': 1}, 'ownership_word': 10, 'producer_interval': {'start': {'offset': 52402, 'end': 52410, 'line': 1049, 'column': 3}, 'end': {'offset': 52641, 'end': 52645, 'line': 1054, 'column': 3}}, 'keep': {'offset': 52641, 'end': 52645, 'line': 1054, 'column': 3}, 'active_chunk_protection': {'start': {'offset': 52641, 'end': 52645, 'line': 1054, 'column': 3}, 'end': {'offset': 52911, 'end': 52915, 'line': 1057, 'column': 3}}}], 'chunks': [['%value.1', '%value.2']], 'frame': {'activation': {'offset': 51993, 'end': 51997, 'line': 1042, 'column': 3}, 'written_locals': 0, 'finalizers': 1}, 'work': {'V': 2, 'F': 2, 'Q': 0, 'R': 0, 'E': 0, 'W_full_service_component': 4}, 'external_requirements': [{'parameter': 0, 'representation': 'Bytes', 'protection': 'continuously live outside owner du",
      "observed_status": "conditional_component_certificate",
      "observed_work": 4,
      "rejection": null
    },
    {
      "record": "N_launder",
      "variant": "inttoptr",
      "entry": ".minyar.fn.minyar_module_1_snow",
      "expected": "rejected",
      "options": {},
      "input_sha256": "860948cac9cc1dd4a596c7567beadb06b4da7986e93d738fe0061fe746a61f5d",
      "passed": false,
      "error": "AssertionError: {'boundary': {'offset': 52911, 'end': 52915, 'line': 1057, 'column': 3, 'position': 'before instruction', 'policy': 'first instruction of maximal terminal rc_step?;rc_leave;stack_leave;ret void suffix'}, 'generations': [{'id': '%value.1', 'constructor': {'offset': 52148, 'end': 52156, 'line': 1044, 'column': 3}, 'kind': 'ScalarList', 'length': 3, 'capacity': 4, 'sealed': True, 'token': {'chunk': 0, 'slot': 0}, 'ownership_word': 10, 'producer_interval': {'start': {'offset': 52148, 'end': 52156, 'line': 1044, 'column': 3}, 'end': {'offset': 52360, 'end': 52364, 'line': 1048, 'column': 3}}, 'keep': {'offset': 52360, 'end': 52364, 'line': 1048, 'column': 3}, 'active_chunk_protection': {'start': {'offset': 52360, 'end': 52364, 'line': 1048, 'column': 3}, 'end': {'offset': 52911, 'end': 52915, 'line': 1057, 'column': 3}}}, {'id': '%value.2', 'constructor': {'offset': 52402, 'end': 52410, 'line': 1049, 'column': 3}, 'kind': 'ScalarList', 'length': 2, 'capacity': 2, 'sealed': True, 'token': {'chunk': 0, 'slot': 1}, 'ownership_word': 10, 'producer_interval': {'start': {'offset': 52402, 'end': 52410, 'line': 1049, 'column': 3}, 'end': {'offset': 52641, 'end': 52645, 'line': 1054, 'column': 3}}, 'keep': {'offset': 52641, 'end': 52645, 'line': 1054, 'column': 3}, 'active_chunk_protection': {'start': {'offset': 52641, 'end': 52645, 'line': 1054, 'column': 3}, 'end': {'offset': 52911, 'end': 52915, 'line': 1057, 'column': 3}}}], 'chunks': [['%value.1', '%value.2']], 'frame': {'activation': {'offset': 51993, 'end': 51997, 'line': 1042, 'column': 3}, 'written_locals': 0, 'finalizers': 1}, 'work': {'V': 2, 'F': 2, 'Q': 0, 'R': 0, 'E': 0, 'W_full_service_component': 4}, 'external_requirements': [{'parameter': 0, 'representation': 'Bytes', 'protection': 'continuously live outside owner du",
      "observed_status": "conditional_component_certificate",
      "observed_work": 4,
      "rejection": null
    },
    {
      "record": "N_launder",
      "variant": "bitcast_ptr",
      "entry": ".minyar.fn.minyar_module_1_snow",
      "expected": "rejected",
      "options": {},
      "input_sha256": "fb11e5ab7cd49c45495af2313845947f0d70b3cc7c435f41d7888d7b0f07f7ec",
      "passed": false,
      "error": "AssertionError: {'boundary': {'offset': 52911, 'end': 52915, 'line': 1057, 'column': 3, 'position': 'before instruction', 'policy': 'first instruction of maximal terminal rc_step?;rc_leave;stack_leave;ret void suffix'}, 'generations': [{'id': '%value.1', 'constructor': {'offset': 52148, 'end': 52156, 'line': 1044, 'column': 3}, 'kind': 'ScalarList', 'length': 3, 'capacity': 4, 'sealed': True, 'token': {'chunk': 0, 'slot': 0}, 'ownership_word': 10, 'producer_interval': {'start': {'offset': 52148, 'end': 52156, 'line': 1044, 'column': 3}, 'end': {'offset': 52360, 'end': 52364, 'line': 1048, 'column': 3}}, 'keep': {'offset': 52360, 'end': 52364, 'line': 1048, 'column': 3}, 'active_chunk_protection': {'start': {'offset': 52360, 'end': 52364, 'line': 1048, 'column': 3}, 'end': {'offset': 52911, 'end': 52915, 'line': 1057, 'column': 3}}}, {'id': '%value.2', 'constructor': {'offset': 52402, 'end': 52410, 'line': 1049, 'column': 3}, 'kind': 'ScalarList', 'length': 2, 'capacity': 2, 'sealed': True, 'token': {'chunk': 0, 'slot': 1}, 'ownership_word': 10, 'producer_interval': {'start': {'offset': 52402, 'end': 52410, 'line': 1049, 'column': 3}, 'end': {'offset': 52641, 'end': 52645, 'line': 1054, 'column': 3}}, 'keep': {'offset': 52641, 'end': 52645, 'line': 1054, 'column': 3}, 'active_chunk_protection': {'start': {'offset': 52641, 'end': 52645, 'line': 1054, 'column': 3}, 'end': {'offset': 52911, 'end': 52915, 'line': 1057, 'column': 3}}}], 'chunks': [['%value.1', '%value.2']], 'frame': {'activation': {'offset': 51993, 'end': 51997, 'line': 1042, 'column': 3}, 'written_locals': 0, 'finalizers': 1}, 'work': {'V': 2, 'F': 2, 'Q': 0, 'R': 0, 'E': 0, 'W_full_service_component': 4}, 'external_requirements': [{'parameter': 0, 'representation': 'Bytes', 'protection': 'continuously live outside owner du",
      "observed_status": "conditional_component_certificate",
      "observed_work": 4,
      "rejection": null
    },
    {
      "record": "N_lens_escape",
      "variant": "opaque_backing",
      "entry": ".minyar.fn.minyar_module_1_snow",
      "expected": "rejected",
      "options": {},
      "input_sha256": "400f022f595893f1c1abbf108f8dd777d940bb78bf3e859f0f6b2bb66005f9e1",
      "passed": false,
      "error": "AssertionError: {'boundary': {'offset': 52911, 'end': 52915, 'line': 1057, 'column': 3, 'position': 'before instruction', 'policy': 'first instruction of maximal terminal rc_step?;rc_leave;stack_leave;ret void suffix'}, 'generations': [{'id': '%value.1', 'constructor': {'offset': 52148, 'end': 52156, 'line': 1044, 'column': 3}, 'kind': 'ScalarList', 'length': 3, 'capacity': 4, 'sealed': True, 'token': {'chunk': 0, 'slot': 0}, 'ownership_word': 10, 'producer_interval': {'start': {'offset': 52148, 'end': 52156, 'line': 1044, 'column': 3}, 'end': {'offset': 52360, 'end': 52364, 'line': 1048, 'column': 3}}, 'keep': {'offset': 52360, 'end': 52364, 'line': 1048, 'column': 3}, 'active_chunk_protection': {'start': {'offset': 52360, 'end': 52364, 'line': 1048, 'column': 3}, 'end': {'offset': 52911, 'end': 52915, 'line': 1057, 'column': 3}}}, {'id': '%value.2', 'constructor': {'offset': 52402, 'end': 52410, 'line': 1049, 'column': 3}, 'kind': 'ScalarList', 'length': 2, 'capacity': 2, 'sealed': True, 'token': {'chunk': 0, 'slot': 1}, 'ownership_word': 10, 'producer_interval': {'start': {'offset': 52402, 'end': 52410, 'line': 1049, 'column': 3}, 'end': {'offset': 52641, 'end': 52645, 'line': 1054, 'column': 3}}, 'keep': {'offset': 52641, 'end': 52645, 'line': 1054, 'column': 3}, 'active_chunk_protection': {'start': {'offset': 52641, 'end': 52645, 'line': 1054, 'column': 3}, 'end': {'offset': 52911, 'end': 52915, 'line': 1057, 'column': 3}}}], 'chunks': [['%value.1', '%value.2']], 'frame': {'activation': {'offset': 51993, 'end': 51997, 'line': 1042, 'column': 3}, 'written_locals': 0, 'finalizers': 1}, 'work': {'V': 2, 'F': 2, 'Q': 0, 'R': 0, 'E': 0, 'W_full_service_component': 4}, 'external_requirements': [{'parameter': 0, 'representation': 'Bytes', 'protection': 'continuously live outside owner du",
      "observed_status": "conditional_component_certificate",
      "observed_work": 4,
      "rejection": null
    },
    {
      "record": "N_loop_effect",
      "variant": "retain",
      "entry": ".minyar.fn.minyar_module_1_snow",
      "expected": "rejected",
      "options": {},
      "input_sha256": "5f899e4e8c3feaa74951820769c1be672398f9deacf4ad237523ffabb61ea521",
      "passed": false,
      "error": "AssertionError: {'boundary': {'offset': 52911, 'end': 52915, 'line': 1057, 'column': 3, 'position': 'before instruction', 'policy': 'first instruction of maximal terminal rc_step?;rc_leave;stack_leave;ret void suffix'}, 'generations': [{'id': '%value.1', 'constructor': {'offset': 52148, 'end': 52156, 'line': 1044, 'column': 3}, 'kind': 'ScalarList', 'length': 3, 'capacity': 4, 'sealed': True, 'token': {'chunk': 0, 'slot': 0}, 'ownership_word': 10, 'producer_interval': {'start': {'offset': 52148, 'end': 52156, 'line': 1044, 'column': 3}, 'end': {'offset': 52360, 'end': 52364, 'line': 1048, 'column': 3}}, 'keep': {'offset': 52360, 'end': 52364, 'line': 1048, 'column': 3}, 'active_chunk_protection': {'start': {'offset': 52360, 'end': 52364, 'line': 1048, 'column': 3}, 'end': {'offset': 52911, 'end': 52915, 'line': 1057, 'column': 3}}}, {'id': '%value.2', 'constructor': {'offset': 52402, 'end': 52410, 'line': 1049, 'column': 3}, 'kind': 'ScalarList', 'length': 2, 'capacity': 2, 'sealed': True, 'token': {'chunk': 0, 'slot': 1}, 'ownership_word': 10, 'producer_interval': {'start': {'offset': 52402, 'end': 52410, 'line': 1049, 'column': 3}, 'end': {'offset': 52641, 'end': 52645, 'line': 1054, 'column': 3}}, 'keep': {'offset': 52641, 'end': 52645, 'line': 1054, 'column': 3}, 'active_chunk_protection': {'start': {'offset': 52641, 'end': 52645, 'line': 1054, 'column': 3}, 'end': {'offset': 52911, 'end': 52915, 'line': 1057, 'column': 3}}}], 'chunks': [['%value.1', '%value.2']], 'frame': {'activation': {'offset': 51993, 'end': 51997, 'line': 1042, 'column': 3}, 'written_locals': 0, 'finalizers': 1}, 'work': {'V': 2, 'F': 2, 'Q': 0, 'R': 0, 'E': 0, 'W_full_service_component': 4}, 'external_requirements': [{'parameter': 0, 'representation': 'Bytes', 'protection': 'continuously live outside owner du",
      "observed_status": "conditional_component_certificate",
      "observed_work": 4,
      "rejection": null
    },
    {
      "record": "N_loop_effect",
      "variant": "step",
      "entry": ".minyar.fn.minyar_module_1_snow",
      "expected": "rejected",
      "options": {},
      "input_sha256": "9d37b2231562c587297824936cdd45fd335a21308230c71a88596445d184dff2",
      "passed": false,
      "error": "AssertionError: {'boundary': {'offset': 52911, 'end': 52915, 'line': 1057, 'column': 3, 'position': 'before instruction', 'policy': 'first instruction of maximal terminal rc_step?;rc_leave;stack_leave;ret void suffix'}, 'generations': [{'id': '%value.1', 'constructor': {'offset': 52148, 'end': 52156, 'line': 1044, 'column': 3}, 'kind': 'ScalarList', 'length': 3, 'capacity': 4, 'sealed': True, 'token': {'chunk': 0, 'slot': 0}, 'ownership_word': 10, 'producer_interval': {'start': {'offset': 52148, 'end': 52156, 'line': 1044, 'column': 3}, 'end': {'offset': 52360, 'end': 52364, 'line': 1048, 'column': 3}}, 'keep': {'offset': 52360, 'end': 52364, 'line': 1048, 'column': 3}, 'active_chunk_protection': {'start': {'offset': 52360, 'end': 52364, 'line': 1048, 'column': 3}, 'end': {'offset': 52911, 'end': 52915, 'line': 1057, 'column': 3}}}, {'id': '%value.2', 'constructor': {'offset': 52402, 'end': 52410, 'line': 1049, 'column': 3}, 'kind': 'ScalarList', 'length': 2, 'capacity': 2, 'sealed': True, 'token': {'chunk': 0, 'slot': 1}, 'ownership_word': 10, 'producer_interval': {'start': {'offset': 52402, 'end': 52410, 'line': 1049, 'column': 3}, 'end': {'offset': 52641, 'end': 52645, 'line': 1054, 'column': 3}}, 'keep': {'offset': 52641, 'end': 52645, 'line': 1054, 'column': 3}, 'active_chunk_protection': {'start': {'offset': 52641, 'end': 52645, 'line': 1054, 'column': 3}, 'end': {'offset': 52911, 'end': 52915, 'line': 1057, 'column': 3}}}], 'chunks': [['%value.1', '%value.2']], 'frame': {'activation': {'offset': 51993, 'end': 51997, 'line': 1042, 'column': 3}, 'written_locals': 0, 'finalizers': 1}, 'work': {'V': 2, 'F': 2, 'Q': 0, 'R': 0, 'E': 0, 'W_full_service_component': 4}, 'external_requirements': [{'parameter': 0, 'representation': 'Bytes', 'protection': 'continuously live outside owner du",
      "observed_status": "conditional_component_certificate",
      "observed_work": 4,
      "rejection": null
    },
    {
      "record": "N_loop_effect",
      "variant": "allocation",
      "entry": ".minyar.fn.minyar_module_1_snow",
      "expected": "rejected",
      "options": {},
      "input_sha256": "f82e7f5ca3663bd902de0be783aae42fe8b3acc6346015703adb82fe536a9789",
      "passed": false,
      "error": "AssertionError: {'boundary': {'offset': 52911, 'end': 52915, 'line': 1057, 'column': 3, 'position': 'before instruction', 'policy': 'first instruction of maximal terminal rc_step?;rc_leave;stack_leave;ret void suffix'}, 'generations': [{'id': '%value.1', 'constructor': {'offset': 52148, 'end': 52156, 'line': 1044, 'column': 3}, 'kind': 'ScalarList', 'length': 3, 'capacity': 4, 'sealed': True, 'token': {'chunk': 0, 'slot': 0}, 'ownership_word': 10, 'producer_interval': {'start': {'offset': 52148, 'end': 52156, 'line': 1044, 'column': 3}, 'end': {'offset': 52360, 'end': 52364, 'line': 1048, 'column': 3}}, 'keep': {'offset': 52360, 'end': 52364, 'line': 1048, 'column': 3}, 'active_chunk_protection': {'start': {'offset': 52360, 'end': 52364, 'line': 1048, 'column': 3}, 'end': {'offset': 52911, 'end': 52915, 'line': 1057, 'column': 3}}}, {'id': '%value.2', 'constructor': {'offset': 52402, 'end': 52410, 'line': 1049, 'column': 3}, 'kind': 'ScalarList', 'length': 2, 'capacity': 2, 'sealed': True, 'token': {'chunk': 0, 'slot': 1}, 'ownership_word': 10, 'producer_interval': {'start': {'offset': 52402, 'end': 52410, 'line': 1049, 'column': 3}, 'end': {'offset': 52641, 'end': 52645, 'line': 1054, 'column': 3}}, 'keep': {'offset': 52641, 'end': 52645, 'line': 1054, 'column': 3}, 'active_chunk_protection': {'start': {'offset': 52641, 'end': 52645, 'line': 1054, 'column': 3}, 'end': {'offset': 52911, 'end': 52915, 'line': 1057, 'column': 3}}}], 'chunks': [['%value.1', '%value.2']], 'frame': {'activation': {'offset': 51993, 'end': 51997, 'line': 1042, 'column': 3}, 'written_locals': 0, 'finalizers': 1}, 'work': {'V': 2, 'F': 2, 'Q': 0, 'R': 0, 'E': 0, 'W_full_service_component': 4}, 'external_requirements': [{'parameter': 0, 'representation': 'Bytes', 'protection': 'continuously live outside owner du",
      "observed_status": "conditional_component_certificate",
      "observed_work": 4,
      "rejection": null
    },
    {
      "record": "N_loop_effect",
      "variant": "recursive",
      "entry": ".minyar.fn.minyar_module_1_snow",
      "expected": "rejected",
      "options": {},
      "input_sha256": "85c710895261c357d4a2e641dbdc8146c7123ebc249129df365d854c8eafd04d",
      "passed": false,
      "error": "AssertionError: {'boundary': {'offset': 52911, 'end': 52915, 'line': 1057, 'column': 3, 'position': 'before instruction', 'policy': 'first instruction of maximal terminal rc_step?;rc_leave;stack_leave;ret void suffix'}, 'generations': [{'id': '%value.1', 'constructor': {'offset': 52148, 'end': 52156, 'line': 1044, 'column': 3}, 'kind': 'ScalarList', 'length': 3, 'capacity': 4, 'sealed': True, 'token': {'chunk': 0, 'slot': 0}, 'ownership_word': 10, 'producer_interval': {'start': {'offset': 52148, 'end': 52156, 'line': 1044, 'column': 3}, 'end': {'offset': 52360, 'end': 52364, 'line': 1048, 'column': 3}}, 'keep': {'offset': 52360, 'end': 52364, 'line': 1048, 'column': 3}, 'active_chunk_protection': {'start': {'offset': 52360, 'end': 52364, 'line': 1048, 'column': 3}, 'end': {'offset': 52911, 'end': 52915, 'line': 1057, 'column': 3}}}, {'id': '%value.2', 'constructor': {'offset': 52402, 'end': 52410, 'line': 1049, 'column': 3}, 'kind': 'ScalarList', 'length': 2, 'capacity': 2, 'sealed': True, 'token': {'chunk': 0, 'slot': 1}, 'ownership_word': 10, 'producer_interval': {'start': {'offset': 52402, 'end': 52410, 'line': 1049, 'column': 3}, 'end': {'offset': 52641, 'end': 52645, 'line': 1054, 'column': 3}}, 'keep': {'offset': 52641, 'end': 52645, 'line': 1054, 'column': 3}, 'active_chunk_protection': {'start': {'offset': 52641, 'end': 52645, 'line': 1054, 'column': 3}, 'end': {'offset': 52911, 'end': 52915, 'line': 1057, 'column': 3}}}], 'chunks': [['%value.1', '%value.2']], 'frame': {'activation': {'offset': 51993, 'end': 51997, 'line': 1042, 'column': 3}, 'written_locals': 0, 'finalizers': 1}, 'work': {'V': 2, 'F': 2, 'Q': 0, 'R': 0, 'E': 0, 'W_full_service_component': 4}, 'external_requirements': [{'parameter': 0, 'representation': 'Bytes', 'protection': 'continuously live outside owner du",
      "observed_status": "conditional_component_certificate",
      "observed_work": 4,
      "rejection": null
    },
    {
      "record": "N_loop_effect",
      "variant": "bytes_write",
      "entry": ".minyar.fn.minyar_module_1_snow",
      "expected": "rejected",
      "options": {},
      "input_sha256": "b1efcd4c6ff9462b4f6aafc1649f4b3e668ddfbbe68703f503d7a61853197e95",
      "passed": false,
      "error": "AssertionError: {'boundary': {'offset': 52911, 'end': 52915, 'line': 1057, 'column': 3, 'position': 'before instruction', 'policy': 'first instruction of maximal terminal rc_step?;rc_leave;stack_leave;ret void suffix'}, 'generations': [{'id': '%value.1', 'constructor': {'offset': 52148, 'end': 52156, 'line': 1044, 'column': 3}, 'kind': 'ScalarList', 'length': 3, 'capacity': 4, 'sealed': True, 'token': {'chunk': 0, 'slot': 0}, 'ownership_word': 10, 'producer_interval': {'start': {'offset': 52148, 'end': 52156, 'line': 1044, 'column': 3}, 'end': {'offset': 52360, 'end': 52364, 'line': 1048, 'column': 3}}, 'keep': {'offset': 52360, 'end': 52364, 'line': 1048, 'column': 3}, 'active_chunk_protection': {'start': {'offset': 52360, 'end': 52364, 'line': 1048, 'column': 3}, 'end': {'offset': 52911, 'end': 52915, 'line': 1057, 'column': 3}}}, {'id': '%value.2', 'constructor': {'offset': 52402, 'end': 52410, 'line': 1049, 'column': 3}, 'kind': 'ScalarList', 'length': 2, 'capacity': 2, 'sealed': True, 'token': {'chunk': 0, 'slot': 1}, 'ownership_word': 10, 'producer_interval': {'start': {'offset': 52402, 'end': 52410, 'line': 1049, 'column': 3}, 'end': {'offset': 52641, 'end': 52645, 'line': 1054, 'column': 3}}, 'keep': {'offset': 52641, 'end': 52645, 'line': 1054, 'column': 3}, 'active_chunk_protection': {'start': {'offset': 52641, 'end': 52645, 'line': 1054, 'column': 3}, 'end': {'offset': 52911, 'end': 52915, 'line': 1057, 'column': 3}}}], 'chunks': [['%value.1', '%value.2']], 'frame': {'activation': {'offset': 51993, 'end': 51997, 'line': 1042, 'column': 3}, 'written_locals': 0, 'finalizers': 1}, 'work': {'V': 2, 'F': 2, 'Q': 0, 'R': 0, 'E': 0, 'W_full_service_component': 4}, 'external_requirements': [{'parameter': 0, 'representation': 'Bytes', 'protection': 'continuously live outside owner du",
      "observed_status": "conditional_component_certificate",
      "observed_work": 4,
      "rejection": null
    },
    {
      "record": "N_loop_effect",
      "variant": "backedge_step",
      "entry": ".minyar.fn.minyar_module_1_snow",
      "expected": "rejected",
      "options": {},
      "input_sha256": "24176571654b924b63b8eb4bf5063d707b38a35bf77dec56b47c0b25b0044a92",
      "passed": false,
      "error": "AssertionError: {'boundary': {'offset': 52911, 'end': 52915, 'line': 1057, 'column': 3, 'position': 'before instruction', 'policy': 'first instruction of maximal terminal rc_step?;rc_leave;stack_leave;ret void suffix'}, 'generations': [{'id': '%value.1', 'constructor': {'offset': 52148, 'end': 52156, 'line': 1044, 'column': 3}, 'kind': 'ScalarList', 'length': 3, 'capacity': 4, 'sealed': True, 'token': {'chunk': 0, 'slot': 0}, 'ownership_word': 10, 'producer_interval': {'start': {'offset': 52148, 'end': 52156, 'line': 1044, 'column': 3}, 'end': {'offset': 52360, 'end': 52364, 'line': 1048, 'column': 3}}, 'keep': {'offset': 52360, 'end': 52364, 'line': 1048, 'column': 3}, 'active_chunk_protection': {'start': {'offset': 52360, 'end': 52364, 'line': 1048, 'column': 3}, 'end': {'offset': 52911, 'end': 52915, 'line': 1057, 'column': 3}}}, {'id': '%value.2', 'constructor': {'offset': 52402, 'end': 52410, 'line': 1049, 'column': 3}, 'kind': 'ScalarList', 'length': 2, 'capacity': 2, 'sealed': True, 'token': {'chunk': 0, 'slot': 1}, 'ownership_word': 10, 'producer_interval': {'start': {'offset': 52402, 'end': 52410, 'line': 1049, 'column': 3}, 'end': {'offset': 52641, 'end': 52645, 'line': 1054, 'column': 3}}, 'keep': {'offset': 52641, 'end': 52645, 'line': 1054, 'column': 3}, 'active_chunk_protection': {'start': {'offset': 52641, 'end': 52645, 'line': 1054, 'column': 3}, 'end': {'offset': 52911, 'end': 52915, 'line': 1057, 'column': 3}}}], 'chunks': [['%value.1', '%value.2']], 'frame': {'activation': {'offset': 51993, 'end': 51997, 'line': 1042, 'column': 3}, 'written_locals': 0, 'finalizers': 1}, 'work': {'V': 2, 'F': 2, 'Q': 0, 'R': 0, 'E': 0, 'W_full_service_component': 4}, 'external_requirements': [{'parameter': 0, 'representation': 'Bytes', 'protection': 'continuously live outside owner du",
      "observed_status": "conditional_component_certificate",
      "observed_work": 4,
      "rejection": null
    },
    {
      "record": "N_loop_rank",
      "variant": "step0",
      "entry": ".minyar.fn.minyar_module_1_snow",
      "expected": "rejected",
      "options": {},
      "input_sha256": "20bbbad5cf5574523a9da1565ea36f6af141bad3f803c093866a99d76be6f2f3",
      "passed": false,
      "error": "AssertionError: {'boundary': {'offset': 52911, 'end': 52915, 'line': 1057, 'column': 3, 'position': 'before instruction', 'policy': 'first instruction of maximal terminal rc_step?;rc_leave;stack_leave;ret void suffix'}, 'generations': [{'id': '%value.1', 'constructor': {'offset': 52148, 'end': 52156, 'line': 1044, 'column': 3}, 'kind': 'ScalarList', 'length': 3, 'capacity': 4, 'sealed': True, 'token': {'chunk': 0, 'slot': 0}, 'ownership_word': 10, 'producer_interval': {'start': {'offset': 52148, 'end': 52156, 'line': 1044, 'column': 3}, 'end': {'offset': 52360, 'end': 52364, 'line': 1048, 'column': 3}}, 'keep': {'offset': 52360, 'end': 52364, 'line': 1048, 'column': 3}, 'active_chunk_protection': {'start': {'offset': 52360, 'end': 52364, 'line': 1048, 'column': 3}, 'end': {'offset': 52911, 'end': 52915, 'line': 1057, 'column': 3}}}, {'id': '%value.2', 'constructor': {'offset': 52402, 'end': 52410, 'line': 1049, 'column': 3}, 'kind': 'ScalarList', 'length': 2, 'capacity': 2, 'sealed': True, 'token': {'chunk': 0, 'slot': 1}, 'ownership_word': 10, 'producer_interval': {'start': {'offset': 52402, 'end': 52410, 'line': 1049, 'column': 3}, 'end': {'offset': 52641, 'end': 52645, 'line': 1054, 'column': 3}}, 'keep': {'offset': 52641, 'end': 52645, 'line': 1054, 'column': 3}, 'active_chunk_protection': {'start': {'offset': 52641, 'end': 52645, 'line': 1054, 'column': 3}, 'end': {'offset': 52911, 'end': 52915, 'line': 1057, 'column': 3}}}], 'chunks': [['%value.1', '%value.2']], 'frame': {'activation': {'offset': 51993, 'end': 51997, 'line': 1042, 'column': 3}, 'written_locals': 0, 'finalizers': 1}, 'work': {'V': 2, 'F': 2, 'Q': 0, 'R': 0, 'E': 0, 'W_full_service_component': 4}, 'external_requirements': [{'parameter': 0, 'representation': 'Bytes', 'protection': 'continuously live outside owner du",
      "observed_status": "conditional_component_certificate",
      "observed_work": 4,
      "rejection": null
    },
    {
      "record": "N_loop_rank",
      "variant": "step2",
      "entry": ".minyar.fn.minyar_module_1_snow",
      "expected": "rejected",
      "options": {},
      "input_sha256": "6006de9f15ed9acfb00d09adb41e532fb43a43ecd38f8c801426bde511f974c4",
      "passed": false,
      "error": "AssertionError: {'boundary': {'offset': 52911, 'end': 52915, 'line': 1057, 'column': 3, 'position': 'before instruction', 'policy': 'first instruction of maximal terminal rc_step?;rc_leave;stack_leave;ret void suffix'}, 'generations': [{'id': '%value.1', 'constructor': {'offset': 52148, 'end': 52156, 'line': 1044, 'column': 3}, 'kind': 'ScalarList', 'length': 3, 'capacity': 4, 'sealed': True, 'token': {'chunk': 0, 'slot': 0}, 'ownership_word': 10, 'producer_interval': {'start': {'offset': 52148, 'end': 52156, 'line': 1044, 'column': 3}, 'end': {'offset': 52360, 'end': 52364, 'line': 1048, 'column': 3}}, 'keep': {'offset': 52360, 'end': 52364, 'line': 1048, 'column': 3}, 'active_chunk_protection': {'start': {'offset': 52360, 'end': 52364, 'line': 1048, 'column': 3}, 'end': {'offset': 52911, 'end': 52915, 'line': 1057, 'column': 3}}}, {'id': '%value.2', 'constructor': {'offset': 52402, 'end': 52410, 'line': 1049, 'column': 3}, 'kind': 'ScalarList', 'length': 2, 'capacity': 2, 'sealed': True, 'token': {'chunk': 0, 'slot': 1}, 'ownership_word': 10, 'producer_interval': {'start': {'offset': 52402, 'end': 52410, 'line': 1049, 'column': 3}, 'end': {'offset': 52641, 'end': 52645, 'line': 1054, 'column': 3}}, 'keep': {'offset': 52641, 'end': 52645, 'line': 1054, 'column': 3}, 'active_chunk_protection': {'start': {'offset': 52641, 'end': 52645, 'line': 1054, 'column': 3}, 'end': {'offset': 52911, 'end': 52915, 'line': 1057, 'column': 3}}}], 'chunks': [['%value.1', '%value.2']], 'frame': {'activation': {'offset': 51993, 'end': 51997, 'line': 1042, 'column': 3}, 'written_locals': 0, 'finalizers': 1}, 'work': {'V': 2, 'F': 2, 'Q': 0, 'R': 0, 'E': 0, 'W_full_service_component': 4}, 'external_requirements': [{'parameter': 0, 'representation': 'Bytes', 'protection': 'continuously live outside owner du",
      "observed_status": "conditional_component_certificate",
      "observed_work": 4,
      "rejection": null
    },
    {
      "record": "N_loop_rank",
      "variant": "step-1",
      "entry": ".minyar.fn.minyar_module_1_snow",
      "expected": "rejected",
      "options": {},
      "input_sha256": "3d5b2bae15692cd802311b3b817b96f77a9a37fb8e662afc4a4a2332fd73c531",
      "passed": false,
      "error": "AssertionError: {'boundary': {'offset': 52911, 'end': 52915, 'line': 1057, 'column': 3, 'position': 'before instruction', 'policy': 'first instruction of maximal terminal rc_step?;rc_leave;stack_leave;ret void suffix'}, 'generations': [{'id': '%value.1', 'constructor': {'offset': 52148, 'end': 52156, 'line': 1044, 'column': 3}, 'kind': 'ScalarList', 'length': 3, 'capacity': 4, 'sealed': True, 'token': {'chunk': 0, 'slot': 0}, 'ownership_word': 10, 'producer_interval': {'start': {'offset': 52148, 'end': 52156, 'line': 1044, 'column': 3}, 'end': {'offset': 52360, 'end': 52364, 'line': 1048, 'column': 3}}, 'keep': {'offset': 52360, 'end': 52364, 'line': 1048, 'column': 3}, 'active_chunk_protection': {'start': {'offset': 52360, 'end': 52364, 'line': 1048, 'column': 3}, 'end': {'offset': 52911, 'end': 52915, 'line': 1057, 'column': 3}}}, {'id': '%value.2', 'constructor': {'offset': 52402, 'end': 52410, 'line': 1049, 'column': 3}, 'kind': 'ScalarList', 'length': 2, 'capacity': 2, 'sealed': True, 'token': {'chunk': 0, 'slot': 1}, 'ownership_word': 10, 'producer_interval': {'start': {'offset': 52402, 'end': 52410, 'line': 1049, 'column': 3}, 'end': {'offset': 52641, 'end': 52645, 'line': 1054, 'column': 3}}, 'keep': {'offset': 52641, 'end': 52645, 'line': 1054, 'column': 3}, 'active_chunk_protection': {'start': {'offset': 52641, 'end': 52645, 'line': 1054, 'column': 3}, 'end': {'offset': 52911, 'end': 52915, 'line': 1057, 'column': 3}}}], 'chunks': [['%value.1', '%value.2']], 'frame': {'activation': {'offset': 51993, 'end': 51997, 'line': 1042, 'column': 3}, 'written_locals': 0, 'finalizers': 1}, 'work': {'V': 2, 'F': 2, 'Q': 0, 'R': 0, 'E': 0, 'W_full_service_component': 4}, 'external_requirements': [{'parameter': 0, 'representation': 'Bytes', 'protection': 'continuously live outside owner du",
      "observed_status": "conditional_component_certificate",
      "observed_work": 4,
      "rejection": null
    },
    {
      "record": "N_loop_rank",
      "variant": "counter_write",
      "entry": ".minyar.fn.minyar_module_1_snow",
      "expected": "rejected",
      "options": {},
      "input_sha256": "a17622b950c13e036d25ddb328342467432e2b35b54229c86837c13858c530f6",
      "passed": false,
      "error": "AssertionError: {'boundary': {'offset': 52911, 'end': 52915, 'line': 1057, 'column': 3, 'position': 'before instruction', 'policy': 'first instruction of maximal terminal rc_step?;rc_leave;stack_leave;ret void suffix'}, 'generations': [{'id': '%value.1', 'constructor': {'offset': 52148, 'end': 52156, 'line': 1044, 'column': 3}, 'kind': 'ScalarList', 'length': 3, 'capacity': 4, 'sealed': True, 'token': {'chunk': 0, 'slot': 0}, 'ownership_word': 10, 'producer_interval': {'start': {'offset': 52148, 'end': 52156, 'line': 1044, 'column': 3}, 'end': {'offset': 52360, 'end': 52364, 'line': 1048, 'column': 3}}, 'keep': {'offset': 52360, 'end': 52364, 'line': 1048, 'column': 3}, 'active_chunk_protection': {'start': {'offset': 52360, 'end': 52364, 'line': 1048, 'column': 3}, 'end': {'offset': 52911, 'end': 52915, 'line': 1057, 'column': 3}}}, {'id': '%value.2', 'constructor': {'offset': 52402, 'end': 52410, 'line': 1049, 'column': 3}, 'kind': 'ScalarList', 'length': 2, 'capacity': 2, 'sealed': True, 'token': {'chunk': 0, 'slot': 1}, 'ownership_word': 10, 'producer_interval': {'start': {'offset': 52402, 'end': 52410, 'line': 1049, 'column': 3}, 'end': {'offset': 52641, 'end': 52645, 'line': 1054, 'column': 3}}, 'keep': {'offset': 52641, 'end': 52645, 'line': 1054, 'column': 3}, 'active_chunk_protection': {'start': {'offset': 52641, 'end': 52645, 'line': 1054, 'column': 3}, 'end': {'offset': 52911, 'end': 52915, 'line': 1057, 'column': 3}}}], 'chunks': [['%value.1', '%value.2']], 'frame': {'activation': {'offset': 51993, 'end': 51997, 'line': 1042, 'column': 3}, 'written_locals': 0, 'finalizers': 1}, 'work': {'V': 2, 'F': 2, 'Q': 0, 'R': 0, 'E': 0, 'W_full_service_component': 4}, 'external_requirements': [{'parameter': 0, 'representation': 'Bytes', 'protection': 'continuously live outside owner du",
      "observed_status": "conditional_component_certificate",
      "observed_work": 4,
      "rejection": null
    },
    {
      "record": "N_loop_rank",
      "variant": "limit_write",
      "entry": ".minyar.fn.minyar_module_1_snow",
      "expected": "rejected",
      "options": {},
      "input_sha256": "f85c47e3cf09af6e33c2e53ee7de3233a2ad729bd7074b0a34aee5e37bb92b5b",
      "passed": false,
      "error": "AssertionError: {'boundary': {'offset': 52911, 'end': 52915, 'line': 1057, 'column': 3, 'position': 'before instruction', 'policy': 'first instruction of maximal terminal rc_step?;rc_leave;stack_leave;ret void suffix'}, 'generations': [{'id': '%value.1', 'constructor': {'offset': 52148, 'end': 52156, 'line': 1044, 'column': 3}, 'kind': 'ScalarList', 'length': 3, 'capacity': 4, 'sealed': True, 'token': {'chunk': 0, 'slot': 0}, 'ownership_word': 10, 'producer_interval': {'start': {'offset': 52148, 'end': 52156, 'line': 1044, 'column': 3}, 'end': {'offset': 52360, 'end': 52364, 'line': 1048, 'column': 3}}, 'keep': {'offset': 52360, 'end': 52364, 'line': 1048, 'column': 3}, 'active_chunk_protection': {'start': {'offset': 52360, 'end': 52364, 'line': 1048, 'column': 3}, 'end': {'offset': 52911, 'end': 52915, 'line': 1057, 'column': 3}}}, {'id': '%value.2', 'constructor': {'offset': 52402, 'end': 52410, 'line': 1049, 'column': 3}, 'kind': 'ScalarList', 'length': 2, 'capacity': 2, 'sealed': True, 'token': {'chunk': 0, 'slot': 1}, 'ownership_word': 10, 'producer_interval': {'start': {'offset': 52402, 'end': 52410, 'line': 1049, 'column': 3}, 'end': {'offset': 52641, 'end': 52645, 'line': 1054, 'column': 3}}, 'keep': {'offset': 52641, 'end': 52645, 'line': 1054, 'column': 3}, 'active_chunk_protection': {'start': {'offset': 52641, 'end': 52645, 'line': 1054, 'column': 3}, 'end': {'offset': 52911, 'end': 52915, 'line': 1057, 'column': 3}}}], 'chunks': [['%value.1', '%value.2']], 'frame': {'activation': {'offset': 51993, 'end': 51997, 'line': 1042, 'column': 3}, 'written_locals': 0, 'finalizers': 1}, 'work': {'V': 2, 'F': 2, 'Q': 0, 'R': 0, 'E': 0, 'W_full_service_component': 4}, 'external_requirements': [{'parameter': 0, 'representation': 'Bytes', 'protection': 'continuously live outside owner du",
      "observed_status": "conditional_component_certificate",
      "observed_work": 4,
      "rejection": null
    },
    {
      "record": "N_loop_rank",
      "variant": "index_write",
      "entry": ".minyar.fn.minyar_module_1_snow",
      "expected": "rejected",
      "options": {},
      "input_sha256": "71e9e4c9eb613bc721c3935192e1faa70f6b7140fbf82b90b08165daabd351c0",
      "passed": false,
      "error": "AssertionError: {'boundary': {'offset': 52911, 'end': 52915, 'line': 1057, 'column': 3, 'position': 'before instruction', 'policy': 'first instruction of maximal terminal rc_step?;rc_leave;stack_leave;ret void suffix'}, 'generations': [{'id': '%value.1', 'constructor': {'offset': 52148, 'end': 52156, 'line': 1044, 'column': 3}, 'kind': 'ScalarList', 'length': 3, 'capacity': 4, 'sealed': True, 'token': {'chunk': 0, 'slot': 0}, 'ownership_word': 10, 'producer_interval': {'start': {'offset': 52148, 'end': 52156, 'line': 1044, 'column': 3}, 'end': {'offset': 52360, 'end': 52364, 'line': 1048, 'column': 3}}, 'keep': {'offset': 52360, 'end': 52364, 'line': 1048, 'column': 3}, 'active_chunk_protection': {'start': {'offset': 52360, 'end': 52364, 'line': 1048, 'column': 3}, 'end': {'offset': 52911, 'end': 52915, 'line': 1057, 'column': 3}}}, {'id': '%value.2', 'constructor': {'offset': 52402, 'end': 52410, 'line': 1049, 'column': 3}, 'kind': 'ScalarList', 'length': 2, 'capacity': 2, 'sealed': True, 'token': {'chunk': 0, 'slot': 1}, 'ownership_word': 10, 'producer_interval': {'start': {'offset': 52402, 'end': 52410, 'line': 1049, 'column': 3}, 'end': {'offset': 52641, 'end': 52645, 'line': 1054, 'column': 3}}, 'keep': {'offset': 52641, 'end': 52645, 'line': 1054, 'column': 3}, 'active_chunk_protection': {'start': {'offset': 52641, 'end': 52645, 'line': 1054, 'column': 3}, 'end': {'offset': 52911, 'end': 52915, 'line': 1057, 'column': 3}}}], 'chunks': [['%value.1', '%value.2']], 'frame': {'activation': {'offset': 51993, 'end': 51997, 'line': 1042, 'column': 3}, 'written_locals': 0, 'finalizers': 1}, 'work': {'V': 2, 'F': 2, 'Q': 0, 'R': 0, 'E': 0, 'W_full_service_component': 4}, 'external_requirements': [{'parameter': 0, 'representation': 'Bytes', 'protection': 'continuously live outside owner du",
      "observed_status": "conditional_component_certificate",
      "observed_work": 4,
      "rejection": null
    },
    {
      "record": "N_loop_rank",
      "variant": "pointer_phi",
      "entry": ".minyar.fn.minyar_module_1_snow",
      "expected": "rejected",
      "options": {},
      "input_sha256": "a6db67e3b3349803552375b40afecfba527667c48632931c441bc37f08f503c9",
      "passed": false,
      "error": "AssertionError: {'boundary': {'offset': 52911, 'end': 52915, 'line': 1057, 'column': 3, 'position': 'before instruction', 'policy': 'first instruction of maximal terminal rc_step?;rc_leave;stack_leave;ret void suffix'}, 'generations': [{'id': '%value.1', 'constructor': {'offset': 52148, 'end': 52156, 'line': 1044, 'column': 3}, 'kind': 'ScalarList', 'length': 3, 'capacity': 4, 'sealed': True, 'token': {'chunk': 0, 'slot': 0}, 'ownership_word': 10, 'producer_interval': {'start': {'offset': 52148, 'end': 52156, 'line': 1044, 'column': 3}, 'end': {'offset': 52360, 'end': 52364, 'line': 1048, 'column': 3}}, 'keep': {'offset': 52360, 'end': 52364, 'line': 1048, 'column': 3}, 'active_chunk_protection': {'start': {'offset': 52360, 'end': 52364, 'line': 1048, 'column': 3}, 'end': {'offset': 52911, 'end': 52915, 'line': 1057, 'column': 3}}}, {'id': '%value.2', 'constructor': {'offset': 52402, 'end': 52410, 'line': 1049, 'column': 3}, 'kind': 'ScalarList', 'length': 2, 'capacity': 2, 'sealed': True, 'token': {'chunk': 0, 'slot': 1}, 'ownership_word': 10, 'producer_interval': {'start': {'offset': 52402, 'end': 52410, 'line': 1049, 'column': 3}, 'end': {'offset': 52641, 'end': 52645, 'line': 1054, 'column': 3}}, 'keep': {'offset': 52641, 'end': 52645, 'line': 1054, 'column': 3}, 'active_chunk_protection': {'start': {'offset': 52641, 'end': 52645, 'line': 1054, 'column': 3}, 'end': {'offset': 52911, 'end': 52915, 'line': 1057, 'column': 3}}}], 'chunks': [['%value.1', '%value.2']], 'frame': {'activation': {'offset': 51993, 'end': 51997, 'line': 1042, 'column': 3}, 'written_locals': 0, 'finalizers': 1}, 'work': {'V': 2, 'F': 2, 'Q': 0, 'R': 0, 'E': 0, 'W_full_service_component': 4}, 'external_requirements': [{'parameter': 0, 'representation': 'Bytes', 'protection': 'continuously live outside owner du",
      "observed_status": "conditional_component_certificate",
      "observed_work": 4,
      "rejection": null
    },
    {
      "record": "N_loop_rank",
      "variant": "second_backedge",
      "entry": ".minyar.fn.minyar_module_1_snow",
      "expected": "rejected",
      "options": {},
      "input_sha256": "8a0d215f28c6c2df10480dfbb3e86bc131c30afe3c2dba97c40e569032c97493",
      "passed": false,
      "error": "AssertionError: {'boundary': {'offset': 52911, 'end': 52915, 'line': 1057, 'column': 3, 'position': 'before instruction', 'policy': 'first instruction of maximal terminal rc_step?;rc_leave;stack_leave;ret void suffix'}, 'generations': [{'id': '%value.1', 'constructor': {'offset': 52148, 'end': 52156, 'line': 1044, 'column': 3}, 'kind': 'ScalarList', 'length': 3, 'capacity': 4, 'sealed': True, 'token': {'chunk': 0, 'slot': 0}, 'ownership_word': 10, 'producer_interval': {'start': {'offset': 52148, 'end': 52156, 'line': 1044, 'column': 3}, 'end': {'offset': 52360, 'end': 52364, 'line': 1048, 'column': 3}}, 'keep': {'offset': 52360, 'end': 52364, 'line': 1048, 'column': 3}, 'active_chunk_protection': {'start': {'offset': 52360, 'end': 52364, 'line': 1048, 'column': 3}, 'end': {'offset': 52911, 'end': 52915, 'line': 1057, 'column': 3}}}, {'id': '%value.2', 'constructor': {'offset': 52402, 'end': 52410, 'line': 1049, 'column': 3}, 'kind': 'ScalarList', 'length': 2, 'capacity': 2, 'sealed': True, 'token': {'chunk': 0, 'slot': 1}, 'ownership_word': 10, 'producer_interval': {'start': {'offset': 52402, 'end': 52410, 'line': 1049, 'column': 3}, 'end': {'offset': 52641, 'end': 52645, 'line': 1054, 'column': 3}}, 'keep': {'offset': 52641, 'end': 52645, 'line': 1054, 'column': 3}, 'active_chunk_protection': {'start': {'offset': 52641, 'end': 52645, 'line': 1054, 'column': 3}, 'end': {'offset': 52911, 'end': 52915, 'line': 1057, 'column': 3}}}], 'chunks': [['%value.1', '%value.2']], 'frame': {'activation': {'offset': 51993, 'end': 51997, 'line': 1042, 'column': 3}, 'written_locals': 0, 'finalizers': 1}, 'work': {'V': 2, 'F': 2, 'Q': 0, 'R': 0, 'E': 0, 'W_full_service_component': 4}, 'external_requirements': [{'parameter': 0, 'representation': 'Bytes', 'protection': 'continuously live outside owner du",
      "observed_status": "conditional_component_certificate",
      "observed_work": 4,
      "rejection": null
    },
    {
      "record": "N_loop_rank",
      "variant": "wrong_bound",
      "entry": ".minyar.fn.minyar_module_1_snow",
      "expected": "rejected",
      "options": {},
      "input_sha256": "ac494989428b9e6ed3a7bc088129ad7e19e6398ba7a773a48dd089d7dbb8d224",
      "passed": false,
      "error": "AssertionError: {'boundary': {'offset': 52911, 'end': 52915, 'line': 1057, 'column': 3, 'position': 'before instruction', 'policy': 'first instruction of maximal terminal rc_step?;rc_leave;stack_leave;ret void suffix'}, 'generations': [{'id': '%value.1', 'constructor': {'offset': 52148, 'end': 52156, 'line': 1044, 'column': 3}, 'kind': 'ScalarList', 'length': 3, 'capacity': 4, 'sealed': True, 'token': {'chunk': 0, 'slot': 0}, 'ownership_word': 10, 'producer_interval': {'start': {'offset': 52148, 'end': 52156, 'line': 1044, 'column': 3}, 'end': {'offset': 52360, 'end': 52364, 'line': 1048, 'column': 3}}, 'keep': {'offset': 52360, 'end': 52364, 'line': 1048, 'column': 3}, 'active_chunk_protection': {'start': {'offset': 52360, 'end': 52364, 'line': 1048, 'column': 3}, 'end': {'offset': 52911, 'end': 52915, 'line': 1057, 'column': 3}}}, {'id': '%value.2', 'constructor': {'offset': 52402, 'end': 52410, 'line': 1049, 'column': 3}, 'kind': 'ScalarList', 'length': 2, 'capacity': 2, 'sealed': True, 'token': {'chunk': 0, 'slot': 1}, 'ownership_word': 10, 'producer_interval': {'start': {'offset': 52402, 'end': 52410, 'line': 1049, 'column': 3}, 'end': {'offset': 52641, 'end': 52645, 'line': 1054, 'column': 3}}, 'keep': {'offset': 52641, 'end': 52645, 'line': 1054, 'column': 3}, 'active_chunk_protection': {'start': {'offset': 52641, 'end': 52645, 'line': 1054, 'column': 3}, 'end': {'offset': 52911, 'end': 52915, 'line': 1057, 'column': 3}}}], 'chunks': [['%value.1', '%value.2']], 'frame': {'activation': {'offset': 51993, 'end': 51997, 'line': 1042, 'column': 3}, 'written_locals': 0, 'finalizers': 1}, 'work': {'V': 2, 'F': 2, 'Q': 0, 'R': 0, 'E': 0, 'W_full_service_component': 4}, 'external_requirements': [{'parameter': 0, 'representation': 'Bytes', 'protection': 'continuously live outside owner du",
      "observed_status": "conditional_component_certificate",
      "observed_work": 4,
      "rejection": null
    },
    {
      "record": "N_guard",
      "variant": "continuing_leave",
      "entry": ".minyar.fn.minyar_module_1_snow",
      "expected": "rejected",
      "options": {},
      "input_sha256": "34467b9d9f91240bb5adf9de52c1b34ed3ced1085b1f930fbfd9372c248dfccc",
      "passed": false,
      "error": "AssertionError: {'boundary': {'offset': 52911, 'end': 52915, 'line': 1057, 'column': 3, 'position': 'before instruction', 'policy': 'first instruction of maximal terminal rc_step?;rc_leave;stack_leave;ret void suffix'}, 'generations': [{'id': '%value.1', 'constructor': {'offset': 52148, 'end': 52156, 'line': 1044, 'column': 3}, 'kind': 'ScalarList', 'length': 3, 'capacity': 4, 'sealed': True, 'token': {'chunk': 0, 'slot': 0}, 'ownership_word': 10, 'producer_interval': {'start': {'offset': 52148, 'end': 52156, 'line': 1044, 'column': 3}, 'end': {'offset': 52360, 'end': 52364, 'line': 1048, 'column': 3}}, 'keep': {'offset': 52360, 'end': 52364, 'line': 1048, 'column': 3}, 'active_chunk_protection': {'start': {'offset': 52360, 'end': 52364, 'line': 1048, 'column': 3}, 'end': {'offset': 52911, 'end': 52915, 'line': 1057, 'column': 3}}}, {'id': '%value.2', 'constructor': {'offset': 52402, 'end': 52410, 'line': 1049, 'column': 3}, 'kind': 'ScalarList', 'length': 2, 'capacity': 2, 'sealed': True, 'token': {'chunk': 0, 'slot': 1}, 'ownership_word': 10, 'producer_interval': {'start': {'offset': 52402, 'end': 52410, 'line': 1049, 'column': 3}, 'end': {'offset': 52641, 'end': 52645, 'line': 1054, 'column': 3}}, 'keep': {'offset': 52641, 'end': 52645, 'line': 1054, 'column': 3}, 'active_chunk_protection': {'start': {'offset': 52641, 'end': 52645, 'line': 1054, 'column': 3}, 'end': {'offset': 52911, 'end': 52915, 'line': 1057, 'column': 3}}}], 'chunks': [['%value.1', '%value.2']], 'frame': {'activation': {'offset': 51993, 'end': 51997, 'line': 1042, 'column': 3}, 'written_locals': 0, 'finalizers': 1}, 'work': {'V': 2, 'F': 2, 'Q': 0, 'R': 0, 'E': 0, 'W_full_service_component': 4}, 'external_requirements': [{'parameter': 0, 'representation': 'Bytes', 'protection': 'continuously live outside owner du",
      "observed_status": "conditional_component_certificate",
      "observed_work": 4,
      "rejection": null
    },
    {
      "record": "N_guard",
      "variant": "missing_return_leave",
      "entry": ".minyar.fn.minyar_module_1_snow",
      "expected": "rejected",
      "options": {},
      "input_sha256": "7377541069d7aacbd0e4e3ee2c50ad7a3338d9ee82ff5cee8f6faa19e18646c7",
      "passed": false,
      "error": "AssertionError: {'boundary': {'offset': 52911, 'end': 52915, 'line': 1057, 'column': 3, 'position': 'before instruction', 'policy': 'first instruction of maximal terminal rc_step?;rc_leave;stack_leave;ret void suffix'}, 'generations': [{'id': '%value.1', 'constructor': {'offset': 52148, 'end': 52156, 'line': 1044, 'column': 3}, 'kind': 'ScalarList', 'length': 3, 'capacity': 4, 'sealed': True, 'token': {'chunk': 0, 'slot': 0}, 'ownership_word': 10, 'producer_interval': {'start': {'offset': 52148, 'end': 52156, 'line': 1044, 'column': 3}, 'end': {'offset': 52360, 'end': 52364, 'line': 1048, 'column': 3}}, 'keep': {'offset': 52360, 'end': 52364, 'line': 1048, 'column': 3}, 'active_chunk_protection': {'start': {'offset': 52360, 'end': 52364, 'line': 1048, 'column': 3}, 'end': {'offset': 52911, 'end': 52915, 'line': 1057, 'column': 3}}}, {'id': '%value.2', 'constructor': {'offset': 52402, 'end': 52410, 'line': 1049, 'column': 3}, 'kind': 'ScalarList', 'length': 2, 'capacity': 2, 'sealed': True, 'token': {'chunk': 0, 'slot': 1}, 'ownership_word': 10, 'producer_interval': {'start': {'offset': 52402, 'end': 52410, 'line': 1049, 'column': 3}, 'end': {'offset': 52641, 'end': 52645, 'line': 1054, 'column': 3}}, 'keep': {'offset': 52641, 'end': 52645, 'line': 1054, 'column': 3}, 'active_chunk_protection': {'start': {'offset': 52641, 'end': 52645, 'line': 1054, 'column': 3}, 'end': {'offset': 52911, 'end': 52915, 'line': 1057, 'column': 3}}}], 'chunks': [['%value.1', '%value.2']], 'frame': {'activation': {'offset': 51993, 'end': 51997, 'line': 1042, 'column': 3}, 'written_locals': 0, 'finalizers': 1}, 'work': {'V': 2, 'F': 2, 'Q': 0, 'R': 0, 'E': 0, 'W_full_service_component': 4}, 'external_requirements': [{'parameter': 0, 'representation': 'Bytes', 'protection': 'continuously live outside owner du",
      "observed_status": "conditional_component_certificate",
      "observed_work": 4,
      "rejection": null
    },
    {
      "record": "N_early_step",
      "variant": "before_pick",
      "entry": ".minyar.fn.minyar_module_1_snow",
      "expected": "rejected",
      "options": {},
      "input_sha256": "aba23b6869c98edac133c88a9c280ffe3815720662bf18487ea7b5e3181c740d",
      "passed": false,
      "error": "AssertionError: {'boundary': {'offset': 52911, 'end': 52915, 'line': 1057, 'column': 3, 'position': 'before instruction', 'policy': 'first instruction of maximal terminal rc_step?;rc_leave;stack_leave;ret void suffix'}, 'generations': [{'id': '%value.1', 'constructor': {'offset': 52148, 'end': 52156, 'line': 1044, 'column': 3}, 'kind': 'ScalarList', 'length': 3, 'capacity': 4, 'sealed': True, 'token': {'chunk': 0, 'slot': 0}, 'ownership_word': 10, 'producer_interval': {'start': {'offset': 52148, 'end': 52156, 'line': 1044, 'column': 3}, 'end': {'offset': 52360, 'end': 52364, 'line': 1048, 'column': 3}}, 'keep': {'offset': 52360, 'end': 52364, 'line': 1048, 'column': 3}, 'active_chunk_protection': {'start': {'offset': 52360, 'end': 52364, 'line': 1048, 'column': 3}, 'end': {'offset': 52911, 'end': 52915, 'line': 1057, 'column': 3}}}, {'id': '%value.2', 'constructor': {'offset': 52402, 'end': 52410, 'line': 1049, 'column': 3}, 'kind': 'ScalarList', 'length': 2, 'capacity': 2, 'sealed': True, 'token': {'chunk': 0, 'slot': 1}, 'ownership_word': 10, 'producer_interval': {'start': {'offset': 52402, 'end': 52410, 'line': 1049, 'column': 3}, 'end': {'offset': 52641, 'end': 52645, 'line': 1054, 'column': 3}}, 'keep': {'offset': 52641, 'end': 52645, 'line': 1054, 'column': 3}, 'active_chunk_protection': {'start': {'offset': 52641, 'end': 52645, 'line': 1054, 'column': 3}, 'end': {'offset': 52911, 'end': 52915, 'line': 1057, 'column': 3}}}], 'chunks': [['%value.1', '%value.2']], 'frame': {'activation': {'offset': 51993, 'end': 51997, 'line': 1042, 'column': 3}, 'written_locals': 0, 'finalizers': 1}, 'work': {'V': 2, 'F': 2, 'Q': 0, 'R': 0, 'E': 0, 'W_full_service_component': 4}, 'external_requirements': [{'parameter': 0, 'representation': 'Bytes', 'protection': 'continuously live outside owner du",
      "observed_status": "conditional_component_certificate",
      "observed_work": 4,
      "rejection": null
    },
    {
      "record": "N_early_step",
      "variant": "append",
      "entry": ".minyar.fn.minyar_module_1_snow",
      "expected": "rejected",
      "options": {},
      "input_sha256": "3444ef003bdf2e535536294a7d592c0823cac74b8d61fe7b793cb0a2c65f07c6",
      "passed": false,
      "error": "AssertionError: {'boundary': {'offset': 52911, 'end': 52915, 'line': 1057, 'column': 3, 'position': 'before instruction', 'policy': 'first instruction of maximal terminal rc_step?;rc_leave;stack_leave;ret void suffix'}, 'generations': [{'id': '%value.1', 'constructor': {'offset': 52148, 'end': 52156, 'line': 1044, 'column': 3}, 'kind': 'ScalarList', 'length': 3, 'capacity': 4, 'sealed': True, 'token': {'chunk': 0, 'slot': 0}, 'ownership_word': 10, 'producer_interval': {'start': {'offset': 52148, 'end': 52156, 'line': 1044, 'column': 3}, 'end': {'offset': 52360, 'end': 52364, 'line': 1048, 'column': 3}}, 'keep': {'offset': 52360, 'end': 52364, 'line': 1048, 'column': 3}, 'active_chunk_protection': {'start': {'offset': 52360, 'end': 52364, 'line': 1048, 'column': 3}, 'end': {'offset': 52911, 'end': 52915, 'line': 1057, 'column': 3}}}, {'id': '%value.2', 'constructor': {'offset': 52402, 'end': 52410, 'line': 1049, 'column': 3}, 'kind': 'ScalarList', 'length': 2, 'capacity': 2, 'sealed': True, 'token': {'chunk': 0, 'slot': 1}, 'ownership_word': 10, 'producer_interval': {'start': {'offset': 52402, 'end': 52410, 'line': 1049, 'column': 3}, 'end': {'offset': 52641, 'end': 52645, 'line': 1054, 'column': 3}}, 'keep': {'offset': 52641, 'end': 52645, 'line': 1054, 'column': 3}, 'active_chunk_protection': {'start': {'offset': 52641, 'end': 52645, 'line': 1054, 'column': 3}, 'end': {'offset': 52911, 'end': 52915, 'line': 1057, 'column': 3}}}], 'chunks': [['%value.1', '%value.2']], 'frame': {'activation': {'offset': 51993, 'end': 51997, 'line': 1042, 'column': 3}, 'written_locals': 0, 'finalizers': 1}, 'work': {'V': 2, 'F': 2, 'Q': 0, 'R': 0, 'E': 0, 'W_full_service_component': 4}, 'external_requirements': [{'parameter': 0, 'representation': 'Bytes', 'protection': 'continuously live outside owner du",
      "observed_status": "conditional_component_certificate",
      "observed_work": 4,
      "rejection": null
    },
    {
      "record": "N_early_step",
      "variant": "read",
      "entry": ".minyar.fn.minyar_module_1_snow",
      "expected": "rejected",
      "options": {},
      "input_sha256": "651705c837fd5ac8663a9017538c3983bcbde3d7fe3da61e8acdfaf2cf604cfc",
      "passed": false,
      "error": "AssertionError: {'boundary': {'offset': 52911, 'end': 52915, 'line': 1057, 'column': 3, 'position': 'before instruction', 'policy': 'first instruction of maximal terminal rc_step?;rc_leave;stack_leave;ret void suffix'}, 'generations': [{'id': '%value.1', 'constructor': {'offset': 52148, 'end': 52156, 'line': 1044, 'column': 3}, 'kind': 'ScalarList', 'length': 3, 'capacity': 4, 'sealed': True, 'token': {'chunk': 0, 'slot': 0}, 'ownership_word': 10, 'producer_interval': {'start': {'offset': 52148, 'end': 52156, 'line': 1044, 'column': 3}, 'end': {'offset': 52360, 'end': 52364, 'line': 1048, 'column': 3}}, 'keep': {'offset': 52360, 'end': 52364, 'line': 1048, 'column': 3}, 'active_chunk_protection': {'start': {'offset': 52360, 'end': 52364, 'line': 1048, 'column': 3}, 'end': {'offset': 52911, 'end': 52915, 'line': 1057, 'column': 3}}}, {'id': '%value.2', 'constructor': {'offset': 52402, 'end': 52410, 'line': 1049, 'column': 3}, 'kind': 'ScalarList', 'length': 2, 'capacity': 2, 'sealed': True, 'token': {'chunk': 0, 'slot': 1}, 'ownership_word': 10, 'producer_interval': {'start': {'offset': 52402, 'end': 52410, 'line': 1049, 'column': 3}, 'end': {'offset': 52641, 'end': 52645, 'line': 1054, 'column': 3}}, 'keep': {'offset': 52641, 'end': 52645, 'line': 1054, 'column': 3}, 'active_chunk_protection': {'start': {'offset': 52641, 'end': 52645, 'line': 1054, 'column': 3}, 'end': {'offset': 52911, 'end': 52915, 'line': 1057, 'column': 3}}}], 'chunks': [['%value.1', '%value.2']], 'frame': {'activation': {'offset': 51993, 'end': 51997, 'line': 1042, 'column': 3}, 'written_locals': 0, 'finalizers': 1}, 'work': {'V': 2, 'F': 2, 'Q': 0, 'R': 0, 'E': 0, 'W_full_service_component': 4}, 'external_requirements': [{'parameter': 0, 'representation': 'Bytes', 'protection': 'continuously live outside owner du",
      "observed_status": "conditional_component_certificate",
      "observed_work": 4,
      "rejection": null
    },
    {
      "record": "N_leave",
      "variant": "missing",
      "entry": ".minyar.fn.minyar_module_1_snow",
      "expected": "rejected",
      "options": {},
      "input_sha256": "bd215ddb505f00b8f9a1889a63a491efb0136790c55cec7331ce364a59362853",
      "passed": false,
      "error": "AssertionError: {'boundary': {'offset': 52911, 'end': 52915, 'line': 1057, 'column': 3, 'position': 'before instruction', 'policy': 'first instruction of maximal terminal rc_step?;rc_leave;stack_leave;ret void suffix'}, 'generations': [{'id': '%value.1', 'constructor': {'offset': 52148, 'end': 52156, 'line': 1044, 'column': 3}, 'kind': 'ScalarList', 'length': 3, 'capacity': 4, 'sealed': True, 'token': {'chunk': 0, 'slot': 0}, 'ownership_word': 10, 'producer_interval': {'start': {'offset': 52148, 'end': 52156, 'line': 1044, 'column': 3}, 'end': {'offset': 52360, 'end': 52364, 'line': 1048, 'column': 3}}, 'keep': {'offset': 52360, 'end': 52364, 'line': 1048, 'column': 3}, 'active_chunk_protection': {'start': {'offset': 52360, 'end': 52364, 'line': 1048, 'column': 3}, 'end': {'offset': 52911, 'end': 52915, 'line': 1057, 'column': 3}}}, {'id': '%value.2', 'constructor': {'offset': 52402, 'end': 52410, 'line': 1049, 'column': 3}, 'kind': 'ScalarList', 'length': 2, 'capacity': 2, 'sealed': True, 'token': {'chunk': 0, 'slot': 1}, 'ownership_word': 10, 'producer_interval': {'start': {'offset': 52402, 'end': 52410, 'line': 1049, 'column': 3}, 'end': {'offset': 52641, 'end': 52645, 'line': 1054, 'column': 3}}, 'keep': {'offset': 52641, 'end': 52645, 'line': 1054, 'column': 3}, 'active_chunk_protection': {'start': {'offset': 52641, 'end': 52645, 'line': 1054, 'column': 3}, 'end': {'offset': 52911, 'end': 52915, 'line': 1057, 'column': 3}}}], 'chunks': [['%value.1', '%value.2']], 'frame': {'activation': {'offset': 51993, 'end': 51997, 'line': 1042, 'column': 3}, 'written_locals': 0, 'finalizers': 1}, 'work': {'V': 2, 'F': 2, 'Q': 0, 'R': 0, 'E': 0, 'W_full_service_component': 4}, 'external_requirements': [{'parameter': 0, 'representation': 'Bytes', 'protection': 'continuously live outside owner du",
      "observed_status": "conditional_component_certificate",
      "observed_work": 4,
      "rejection": null
    },
    {
      "record": "N_leave",
      "variant": "double",
      "entry": ".minyar.fn.minyar_module_1_snow",
      "expected": "rejected",
      "options": {},
      "input_sha256": "37844c31edff5320c56e7ea4b7563a6b1e63310eebb590cbfe065f9893481ffa",
      "passed": false,
      "error": "AssertionError: {'boundary': {'offset': 52911, 'end': 52915, 'line': 1057, 'column': 3, 'position': 'before instruction', 'policy': 'first instruction of maximal terminal rc_step?;rc_leave;stack_leave;ret void suffix'}, 'generations': [{'id': '%value.1', 'constructor': {'offset': 52148, 'end': 52156, 'line': 1044, 'column': 3}, 'kind': 'ScalarList', 'length': 3, 'capacity': 4, 'sealed': True, 'token': {'chunk': 0, 'slot': 0}, 'ownership_word': 10, 'producer_interval': {'start': {'offset': 52148, 'end': 52156, 'line': 1044, 'column': 3}, 'end': {'offset': 52360, 'end': 52364, 'line': 1048, 'column': 3}}, 'keep': {'offset': 52360, 'end': 52364, 'line': 1048, 'column': 3}, 'active_chunk_protection': {'start': {'offset': 52360, 'end': 52364, 'line': 1048, 'column': 3}, 'end': {'offset': 52911, 'end': 52915, 'line': 1057, 'column': 3}}}, {'id': '%value.2', 'constructor': {'offset': 52402, 'end': 52410, 'line': 1049, 'column': 3}, 'kind': 'ScalarList', 'length': 2, 'capacity': 2, 'sealed': True, 'token': {'chunk': 0, 'slot': 1}, 'ownership_word': 10, 'producer_interval': {'start': {'offset': 52402, 'end': 52410, 'line': 1049, 'column': 3}, 'end': {'offset': 52641, 'end': 52645, 'line': 1054, 'column': 3}}, 'keep': {'offset': 52641, 'end': 52645, 'line': 1054, 'column': 3}, 'active_chunk_protection': {'start': {'offset': 52641, 'end': 52645, 'line': 1054, 'column': 3}, 'end': {'offset': 52911, 'end': 52915, 'line': 1057, 'column': 3}}}], 'chunks': [['%value.1', '%value.2']], 'frame': {'activation': {'offset': 51993, 'end': 51997, 'line': 1042, 'column': 3}, 'written_locals': 0, 'finalizers': 1}, 'work': {'V': 2, 'F': 2, 'Q': 0, 'R': 0, 'E': 0, 'W_full_service_component': 4}, 'external_requirements': [{'parameter': 0, 'representation': 'Bytes', 'protection': 'continuously live outside owner du",
      "observed_status": "conditional_component_certificate",
      "observed_work": 4,
      "rejection": null
    },
    {
      "record": "N_leave",
      "variant": "slots_1",
      "entry": ".minyar.fn.minyar_module_1_snow",
      "expected": "rejected",
      "options": {},
      "input_sha256": "e661eb6e47abeb9915052854603789c0e82a59a08660d28dd86450205d4638d0",
      "passed": false,
      "error": "AssertionError: {'boundary': {'offset': 52911, 'end': 52915, 'line': 1057, 'column': 3, 'position': 'before instruction', 'policy': 'first instruction of maximal terminal rc_step?;rc_leave;stack_leave;ret void suffix'}, 'generations': [{'id': '%value.1', 'constructor': {'offset': 52148, 'end': 52156, 'line': 1044, 'column': 3}, 'kind': 'ScalarList', 'length': 3, 'capacity': 4, 'sealed': True, 'token': {'chunk': 0, 'slot': 0}, 'ownership_word': 10, 'producer_interval': {'start': {'offset': 52148, 'end': 52156, 'line': 1044, 'column': 3}, 'end': {'offset': 52360, 'end': 52364, 'line': 1048, 'column': 3}}, 'keep': {'offset': 52360, 'end': 52364, 'line': 1048, 'column': 3}, 'active_chunk_protection': {'start': {'offset': 52360, 'end': 52364, 'line': 1048, 'column': 3}, 'end': {'offset': 52911, 'end': 52915, 'line': 1057, 'column': 3}}}, {'id': '%value.2', 'constructor': {'offset': 52402, 'end': 52410, 'line': 1049, 'column': 3}, 'kind': 'ScalarList', 'length': 2, 'capacity': 2, 'sealed': True, 'token': {'chunk': 0, 'slot': 1}, 'ownership_word': 10, 'producer_interval': {'start': {'offset': 52402, 'end': 52410, 'line': 1049, 'column': 3}, 'end': {'offset': 52641, 'end': 52645, 'line': 1054, 'column': 3}}, 'keep': {'offset': 52641, 'end': 52645, 'line': 1054, 'column': 3}, 'active_chunk_protection': {'start': {'offset': 52641, 'end': 52645, 'line': 1054, 'column': 3}, 'end': {'offset': 52911, 'end': 52915, 'line': 1057, 'column': 3}}}], 'chunks': [['%value.1', '%value.2']], 'frame': {'activation': {'offset': 51993, 'end': 51997, 'line': 1042, 'column': 3}, 'written_locals': 0, 'finalizers': 1}, 'work': {'V': 2, 'F': 2, 'Q': 0, 'R': 0, 'E': 0, 'W_full_service_component': 4}, 'external_requirements': [{'parameter': 0, 'representation': 'Bytes', 'protection': 'continuously live outside owner du",
      "observed_status": "conditional_component_certificate",
      "observed_work": 4,
      "rejection": null
    },
    {
      "record": "N_leave",
      "variant": "slots_%argument.1",
      "entry": ".minyar.fn.minyar_module_1_snow",
      "expected": "rejected",
      "options": {},
      "input_sha256": "5d5f3f81b5f77bfe0055dd35835fa02d77fe1e650d6ecf7460f44b8e92b1f22d",
      "passed": false,
      "error": "AssertionError: {'boundary': {'offset': 52911, 'end': 52915, 'line': 1057, 'column': 3, 'position': 'before instruction', 'policy': 'first instruction of maximal terminal rc_step?;rc_leave;stack_leave;ret void suffix'}, 'generations': [{'id': '%value.1', 'constructor': {'offset': 52148, 'end': 52156, 'line': 1044, 'column': 3}, 'kind': 'ScalarList', 'length': 3, 'capacity': 4, 'sealed': True, 'token': {'chunk': 0, 'slot': 0}, 'ownership_word': 10, 'producer_interval': {'start': {'offset': 52148, 'end': 52156, 'line': 1044, 'column': 3}, 'end': {'offset': 52360, 'end': 52364, 'line': 1048, 'column': 3}}, 'keep': {'offset': 52360, 'end': 52364, 'line': 1048, 'column': 3}, 'active_chunk_protection': {'start': {'offset': 52360, 'end': 52364, 'line': 1048, 'column': 3}, 'end': {'offset': 52911, 'end': 52915, 'line': 1057, 'column': 3}}}, {'id': '%value.2', 'constructor': {'offset': 52402, 'end': 52410, 'line': 1049, 'column': 3}, 'kind': 'ScalarList', 'length': 2, 'capacity': 2, 'sealed': True, 'token': {'chunk': 0, 'slot': 1}, 'ownership_word': 10, 'producer_interval': {'start': {'offset': 52402, 'end': 52410, 'line': 1049, 'column': 3}, 'end': {'offset': 52641, 'end': 52645, 'line': 1054, 'column': 3}}, 'keep': {'offset': 52641, 'end': 52645, 'line': 1054, 'column': 3}, 'active_chunk_protection': {'start': {'offset': 52641, 'end': 52645, 'line': 1054, 'column': 3}, 'end': {'offset': 52911, 'end': 52915, 'line': 1057, 'column': 3}}}], 'chunks': [['%value.1', '%value.2']], 'frame': {'activation': {'offset': 51993, 'end': 51997, 'line': 1042, 'column': 3}, 'written_locals': 0, 'finalizers': 1}, 'work': {'V': 2, 'F': 2, 'Q': 0, 'R': 0, 'E': 0, 'W_full_service_component': 4}, 'external_requirements': [{'parameter': 0, 'representation': 'Bytes', 'protection': 'continuously live outside owner du",
      "observed_status": "conditional_component_certificate",
      "observed_work": 4,
      "rejection": null
    },
    {
      "record": "N_leave",
      "variant": "slots_9223372036854775808",
      "entry": ".minyar.fn.minyar_module_1_snow",
      "expected": "rejected",
      "options": {},
      "input_sha256": "62490d7c2cf5e95beaeb0bbda93357a398478a46d95ca6271ed0321e3ba3c4fb",
      "passed": false,
      "error": "AssertionError: {'boundary': {'offset': 52911, 'end': 52915, 'line': 1057, 'column': 3, 'position': 'before instruction', 'policy': 'first instruction of maximal terminal rc_step?;rc_leave;stack_leave;ret void suffix'}, 'generations': [{'id': '%value.1', 'constructor': {'offset': 52148, 'end': 52156, 'line': 1044, 'column': 3}, 'kind': 'ScalarList', 'length': 3, 'capacity': 4, 'sealed': True, 'token': {'chunk': 0, 'slot': 0}, 'ownership_word': 10, 'producer_interval': {'start': {'offset': 52148, 'end': 52156, 'line': 1044, 'column': 3}, 'end': {'offset': 52360, 'end': 52364, 'line': 1048, 'column': 3}}, 'keep': {'offset': 52360, 'end': 52364, 'line': 1048, 'column': 3}, 'active_chunk_protection': {'start': {'offset': 52360, 'end': 52364, 'line': 1048, 'column': 3}, 'end': {'offset': 52911, 'end': 52915, 'line': 1057, 'column': 3}}}, {'id': '%value.2', 'constructor': {'offset': 52402, 'end': 52410, 'line': 1049, 'column': 3}, 'kind': 'ScalarList', 'length': 2, 'capacity': 2, 'sealed': True, 'token': {'chunk': 0, 'slot': 1}, 'ownership_word': 10, 'producer_interval': {'start': {'offset': 52402, 'end': 52410, 'line': 1049, 'column': 3}, 'end': {'offset': 52641, 'end': 52645, 'line': 1054, 'column': 3}}, 'keep': {'offset': 52641, 'end': 52645, 'line': 1054, 'column': 3}, 'active_chunk_protection': {'start': {'offset': 52641, 'end': 52645, 'line': 1054, 'column': 3}, 'end': {'offset': 52911, 'end': 52915, 'line': 1057, 'column': 3}}}], 'chunks': [['%value.1', '%value.2']], 'frame': {'activation': {'offset': 51993, 'end': 51997, 'line': 1042, 'column': 3}, 'written_locals': 0, 'finalizers': 1}, 'work': {'V': 2, 'F': 2, 'Q': 0, 'R': 0, 'E': 0, 'W_full_service_component': 4}, 'external_requirements': [{'parameter': 0, 'representation': 'Bytes', 'protection': 'continuously live outside owner du",
      "observed_status": "conditional_component_certificate",
      "observed_work": 4,
      "rejection": null
    },
    {
      "record": "N_getter_guard",
      "variant": "removed_guard",
      "entry": ".minyar.fn.minyar_module_1_snow",
      "expected": "rejected",
      "options": {},
      "input_sha256": "4a272fad645a199d55147669f2185359d121c989861a3f2d42186c7e755eb5e0",
      "passed": false,
      "error": "AssertionError: {'boundary': {'offset': 52911, 'end': 52915, 'line': 1057, 'column': 3, 'position': 'before instruction', 'policy': 'first instruction of maximal terminal rc_step?;rc_leave;stack_leave;ret void suffix'}, 'generations': [{'id': '%value.1', 'constructor': {'offset': 52148, 'end': 52156, 'line': 1044, 'column': 3}, 'kind': 'ScalarList', 'length': 3, 'capacity': 4, 'sealed': True, 'token': {'chunk': 0, 'slot': 0}, 'ownership_word': 10, 'producer_interval': {'start': {'offset': 52148, 'end': 52156, 'line': 1044, 'column': 3}, 'end': {'offset': 52360, 'end': 52364, 'line': 1048, 'column': 3}}, 'keep': {'offset': 52360, 'end': 52364, 'line': 1048, 'column': 3}, 'active_chunk_protection': {'start': {'offset': 52360, 'end': 52364, 'line': 1048, 'column': 3}, 'end': {'offset': 52911, 'end': 52915, 'line': 1057, 'column': 3}}}, {'id': '%value.2', 'constructor': {'offset': 52402, 'end': 52410, 'line': 1049, 'column': 3}, 'kind': 'ScalarList', 'length': 2, 'capacity': 2, 'sealed': True, 'token': {'chunk': 0, 'slot': 1}, 'ownership_word': 10, 'producer_interval': {'start': {'offset': 52402, 'end': 52410, 'line': 1049, 'column': 3}, 'end': {'offset': 52641, 'end': 52645, 'line': 1054, 'column': 3}}, 'keep': {'offset': 52641, 'end': 52645, 'line': 1054, 'column': 3}, 'active_chunk_protection': {'start': {'offset': 52641, 'end': 52645, 'line': 1054, 'column': 3}, 'end': {'offset': 52911, 'end': 52915, 'line': 1057, 'column': 3}}}], 'chunks': [['%value.1', '%value.2']], 'frame': {'activation': {'offset': 51993, 'end': 51997, 'line': 1042, 'column': 3}, 'written_locals': 0, 'finalizers': 1}, 'work': {'V': 2, 'F': 2, 'Q': 0, 'R': 0, 'E': 0, 'W_full_service_component': 4}, 'external_requirements': [{'parameter': 0, 'representation': 'Bytes', 'protection': 'continuously live outside owner du",
      "observed_status": "conditional_component_certificate",
      "observed_work": 4,
      "rejection": null
    },
    {
      "record": "N_getter_guard",
      "variant": "signed_guard",
      "entry": ".minyar.fn.minyar_module_1_snow",
      "expected": "rejected",
      "options": {},
      "input_sha256": "04b39371a098614e50c51ecb138a26b624b845d63ebdab89ce31abfa9167cf11",
      "passed": false,
      "error": "AssertionError: {'boundary': {'offset': 52911, 'end': 52915, 'line': 1057, 'column': 3, 'position': 'before instruction', 'policy': 'first instruction of maximal terminal rc_step?;rc_leave;stack_leave;ret void suffix'}, 'generations': [{'id': '%value.1', 'constructor': {'offset': 52148, 'end': 52156, 'line': 1044, 'column': 3}, 'kind': 'ScalarList', 'length': 3, 'capacity': 4, 'sealed': True, 'token': {'chunk': 0, 'slot': 0}, 'ownership_word': 10, 'producer_interval': {'start': {'offset': 52148, 'end': 52156, 'line': 1044, 'column': 3}, 'end': {'offset': 52360, 'end': 52364, 'line': 1048, 'column': 3}}, 'keep': {'offset': 52360, 'end': 52364, 'line': 1048, 'column': 3}, 'active_chunk_protection': {'start': {'offset': 52360, 'end': 52364, 'line': 1048, 'column': 3}, 'end': {'offset': 52911, 'end': 52915, 'line': 1057, 'column': 3}}}, {'id': '%value.2', 'constructor': {'offset': 52402, 'end': 52410, 'line': 1049, 'column': 3}, 'kind': 'ScalarList', 'length': 2, 'capacity': 2, 'sealed': True, 'token': {'chunk': 0, 'slot': 1}, 'ownership_word': 10, 'producer_interval': {'start': {'offset': 52402, 'end': 52410, 'line': 1049, 'column': 3}, 'end': {'offset': 52641, 'end': 52645, 'line': 1054, 'column': 3}}, 'keep': {'offset': 52641, 'end': 52645, 'line': 1054, 'column': 3}, 'active_chunk_protection': {'start': {'offset': 52641, 'end': 52645, 'line': 1054, 'column': 3}, 'end': {'offset': 52911, 'end': 52915, 'line': 1057, 'column': 3}}}], 'chunks': [['%value.1', '%value.2']], 'frame': {'activation': {'offset': 51993, 'end': 51997, 'line': 1042, 'column': 3}, 'written_locals': 0, 'finalizers': 1}, 'work': {'V': 2, 'F': 2, 'Q': 0, 'R': 0, 'E': 0, 'W_full_service_component': 4}, 'external_requirements': [{'parameter': 0, 'representation': 'Bytes', 'protection': 'continuously live outside owner du",
      "observed_status": "conditional_component_certificate",
      "observed_work": 4,
      "rejection": null
    },
    {
      "record": "N_getter_guard",
      "variant": "field",
      "entry": ".minyar.fn.minyar_module_1_snow",
      "expected": "rejected",
      "options": {},
      "input_sha256": "9caab1bfb8e2ca2dc18842f0fd6dd8828789fb0a36b2d0a5df1dd8205031bf26",
      "passed": false,
      "error": "AssertionError: {'boundary': {'offset': 52911, 'end': 52915, 'line': 1057, 'column': 3, 'position': 'before instruction', 'policy': 'first instruction of maximal terminal rc_step?;rc_leave;stack_leave;ret void suffix'}, 'generations': [{'id': '%value.1', 'constructor': {'offset': 52148, 'end': 52156, 'line': 1044, 'column': 3}, 'kind': 'ScalarList', 'length': 3, 'capacity': 4, 'sealed': True, 'token': {'chunk': 0, 'slot': 0}, 'ownership_word': 10, 'producer_interval': {'start': {'offset': 52148, 'end': 52156, 'line': 1044, 'column': 3}, 'end': {'offset': 52360, 'end': 52364, 'line': 1048, 'column': 3}}, 'keep': {'offset': 52360, 'end': 52364, 'line': 1048, 'column': 3}, 'active_chunk_protection': {'start': {'offset': 52360, 'end': 52364, 'line': 1048, 'column': 3}, 'end': {'offset': 52911, 'end': 52915, 'line': 1057, 'column': 3}}}, {'id': '%value.2', 'constructor': {'offset': 52402, 'end': 52410, 'line': 1049, 'column': 3}, 'kind': 'ScalarList', 'length': 2, 'capacity': 2, 'sealed': True, 'token': {'chunk': 0, 'slot': 1}, 'ownership_word': 10, 'producer_interval': {'start': {'offset': 52402, 'end': 52410, 'line': 1049, 'column': 3}, 'end': {'offset': 52641, 'end': 52645, 'line': 1054, 'column': 3}}, 'keep': {'offset': 52641, 'end': 52645, 'line': 1054, 'column': 3}, 'active_chunk_protection': {'start': {'offset': 52641, 'end': 52645, 'line': 1054, 'column': 3}, 'end': {'offset': 52911, 'end': 52915, 'line': 1057, 'column': 3}}}], 'chunks': [['%value.1', '%value.2']], 'frame': {'activation': {'offset': 51993, 'end': 51997, 'line': 1042, 'column': 3}, 'written_locals': 0, 'finalizers': 1}, 'work': {'V': 2, 'F': 2, 'Q': 0, 'R': 0, 'E': 0, 'W_full_service_component': 4}, 'external_requirements': [{'parameter': 0, 'representation': 'Bytes', 'protection': 'continuously live outside owner du",
      "observed_status": "conditional_component_certificate",
      "observed_work": 4,
      "rejection": null
    },
    {
      "record": "N_getter_guard",
      "variant": "slot_type",
      "entry": ".minyar.fn.minyar_module_1_snow",
      "expected": "rejected",
      "options": {},
      "input_sha256": "a3971e4d804cd05349b5f0c90621b65dacde1e2c2d1d4962b06c57f3adc6af05",
      "passed": false,
      "error": "AssertionError: {'boundary': {'offset': 52911, 'end': 52915, 'line': 1057, 'column': 3, 'position': 'before instruction', 'policy': 'first instruction of maximal terminal rc_step?;rc_leave;stack_leave;ret void suffix'}, 'generations': [{'id': '%value.1', 'constructor': {'offset': 52148, 'end': 52156, 'line': 1044, 'column': 3}, 'kind': 'ScalarList', 'length': 3, 'capacity': 4, 'sealed': True, 'token': {'chunk': 0, 'slot': 0}, 'ownership_word': 10, 'producer_interval': {'start': {'offset': 52148, 'end': 52156, 'line': 1044, 'column': 3}, 'end': {'offset': 52360, 'end': 52364, 'line': 1048, 'column': 3}}, 'keep': {'offset': 52360, 'end': 52364, 'line': 1048, 'column': 3}, 'active_chunk_protection': {'start': {'offset': 52360, 'end': 52364, 'line': 1048, 'column': 3}, 'end': {'offset': 52911, 'end': 52915, 'line': 1057, 'column': 3}}}, {'id': '%value.2', 'constructor': {'offset': 52402, 'end': 52410, 'line': 1049, 'column': 3}, 'kind': 'ScalarList', 'length': 2, 'capacity': 2, 'sealed': True, 'token': {'chunk': 0, 'slot': 1}, 'ownership_word': 10, 'producer_interval': {'start': {'offset': 52402, 'end': 52410, 'line': 1049, 'column': 3}, 'end': {'offset': 52641, 'end': 52645, 'line': 1054, 'column': 3}}, 'keep': {'offset': 52641, 'end': 52645, 'line': 1054, 'column': 3}, 'active_chunk_protection': {'start': {'offset': 52641, 'end': 52645, 'line': 1054, 'column': 3}, 'end': {'offset': 52911, 'end': 52915, 'line': 1057, 'column': 3}}}], 'chunks': [['%value.1', '%value.2']], 'frame': {'activation': {'offset': 51993, 'end': 51997, 'line': 1042, 'column': 3}, 'written_locals': 0, 'finalizers': 1}, 'work': {'V': 2, 'F': 2, 'Q': 0, 'R': 0, 'E': 0, 'W_full_service_component': 4}, 'external_requirements': [{'parameter': 0, 'representation': 'Bytes', 'protection': 'continuously live outside owner du",
      "observed_status": "conditional_component_certificate",
      "observed_work": 4,
      "rejection": null
    },
    {
      "record": "N_getter_guard",
      "variant": "inbounds",
      "entry": ".minyar.fn.minyar_module_1_snow",
      "expected": "rejected",
      "options": {},
      "input_sha256": "4e2878db4a92422ff0d22e5755c8e199883272e1d51a8c55fd6ceb676d68389e",
      "passed": false,
      "error": "AssertionError: {'boundary': {'offset': 52911, 'end': 52915, 'line': 1057, 'column': 3, 'position': 'before instruction', 'policy': 'first instruction of maximal terminal rc_step?;rc_leave;stack_leave;ret void suffix'}, 'generations': [{'id': '%value.1', 'constructor': {'offset': 52148, 'end': 52156, 'line': 1044, 'column': 3}, 'kind': 'ScalarList', 'length': 3, 'capacity': 4, 'sealed': True, 'token': {'chunk': 0, 'slot': 0}, 'ownership_word': 10, 'producer_interval': {'start': {'offset': 52148, 'end': 52156, 'line': 1044, 'column': 3}, 'end': {'offset': 52360, 'end': 52364, 'line': 1048, 'column': 3}}, 'keep': {'offset': 52360, 'end': 52364, 'line': 1048, 'column': 3}, 'active_chunk_protection': {'start': {'offset': 52360, 'end': 52364, 'line': 1048, 'column': 3}, 'end': {'offset': 52911, 'end': 52915, 'line': 1057, 'column': 3}}}, {'id': '%value.2', 'constructor': {'offset': 52402, 'end': 52410, 'line': 1049, 'column': 3}, 'kind': 'ScalarList', 'length': 2, 'capacity': 2, 'sealed': True, 'token': {'chunk': 0, 'slot': 1}, 'ownership_word': 10, 'producer_interval': {'start': {'offset': 52402, 'end': 52410, 'line': 1049, 'column': 3}, 'end': {'offset': 52641, 'end': 52645, 'line': 1054, 'column': 3}}, 'keep': {'offset': 52641, 'end': 52645, 'line': 1054, 'column': 3}, 'active_chunk_protection': {'start': {'offset': 52641, 'end': 52645, 'line': 1054, 'column': 3}, 'end': {'offset': 52911, 'end': 52915, 'line': 1057, 'column': 3}}}], 'chunks': [['%value.1', '%value.2']], 'frame': {'activation': {'offset': 51993, 'end': 51997, 'line': 1042, 'column': 3}, 'written_locals': 0, 'finalizers': 1}, 'work': {'V': 2, 'F': 2, 'Q': 0, 'R': 0, 'E': 0, 'W_full_service_component': 4}, 'external_requirements': [{'parameter': 0, 'representation': 'Bytes', 'protection': 'continuously live outside owner du",
      "observed_status": "conditional_component_certificate",
      "observed_work": 4,
      "rejection": null
    },
    {
      "record": "N_getter_guard",
      "variant": "wrong_index",
      "entry": ".minyar.fn.minyar_module_1_snow",
      "expected": "rejected",
      "options": {},
      "input_sha256": "f60331799222ea1f8095663021ccd3de7e7708ea9f7d258279d9d86ee347b90b",
      "passed": false,
      "error": "AssertionError: {'boundary': {'offset': 52911, 'end': 52915, 'line': 1057, 'column': 3, 'position': 'before instruction', 'policy': 'first instruction of maximal terminal rc_step?;rc_leave;stack_leave;ret void suffix'}, 'generations': [{'id': '%value.1', 'constructor': {'offset': 52148, 'end': 52156, 'line': 1044, 'column': 3}, 'kind': 'ScalarList', 'length': 3, 'capacity': 4, 'sealed': True, 'token': {'chunk': 0, 'slot': 0}, 'ownership_word': 10, 'producer_interval': {'start': {'offset': 52148, 'end': 52156, 'line': 1044, 'column': 3}, 'end': {'offset': 52360, 'end': 52364, 'line': 1048, 'column': 3}}, 'keep': {'offset': 52360, 'end': 52364, 'line': 1048, 'column': 3}, 'active_chunk_protection': {'start': {'offset': 52360, 'end': 52364, 'line': 1048, 'column': 3}, 'end': {'offset': 52911, 'end': 52915, 'line': 1057, 'column': 3}}}, {'id': '%value.2', 'constructor': {'offset': 52402, 'end': 52410, 'line': 1049, 'column': 3}, 'kind': 'ScalarList', 'length': 2, 'capacity': 2, 'sealed': True, 'token': {'chunk': 0, 'slot': 1}, 'ownership_word': 10, 'producer_interval': {'start': {'offset': 52402, 'end': 52410, 'line': 1049, 'column': 3}, 'end': {'offset': 52641, 'end': 52645, 'line': 1054, 'column': 3}}, 'keep': {'offset': 52641, 'end': 52645, 'line': 1054, 'column': 3}, 'active_chunk_protection': {'start': {'offset': 52641, 'end': 52645, 'line': 1054, 'column': 3}, 'end': {'offset': 52911, 'end': 52915, 'line': 1057, 'column': 3}}}], 'chunks': [['%value.1', '%value.2']], 'frame': {'activation': {'offset': 51993, 'end': 51997, 'line': 1042, 'column': 3}, 'written_locals': 0, 'finalizers': 1}, 'work': {'V': 2, 'F': 2, 'Q': 0, 'R': 0, 'E': 0, 'W_full_service_component': 4}, 'external_requirements': [{'parameter': 0, 'representation': 'Bytes', 'protection': 'continuously live outside owner du",
      "observed_status": "conditional_component_certificate",
      "observed_work": 4,
      "rejection": null
    },
    {
      "record": "N_profile",
      "variant": "eager",
      "entry": ".minyar.fn.minyar_module_1_snow",
      "expected": "rejected",
      "options": {
        "profile": "eager"
      },
      "input_sha256": "b7e797c2aedf36ab4d09eefcdd29f4b0cdc5e3a5a7d2663b1982bf31b158b62e",
      "passed": false,
      "error": "AssertionError: {'boundary': {'offset': 52911, 'end': 52915, 'line': 1057, 'column': 3, 'position': 'before instruction', 'policy': 'first instruction of maximal terminal rc_step?;rc_leave;stack_leave;ret void suffix'}, 'generations': [{'id': '%value.1', 'constructor': {'offset': 52148, 'end': 52156, 'line': 1044, 'column': 3}, 'kind': 'ScalarList', 'length': 3, 'capacity': 4, 'sealed': True, 'token': {'chunk': 0, 'slot': 0}, 'ownership_word': 10, 'producer_interval': {'start': {'offset': 52148, 'end': 52156, 'line': 1044, 'column': 3}, 'end': {'offset': 52360, 'end': 52364, 'line': 1048, 'column': 3}}, 'keep': {'offset': 52360, 'end': 52364, 'line': 1048, 'column': 3}, 'active_chunk_protection': {'start': {'offset': 52360, 'end': 52364, 'line': 1048, 'column': 3}, 'end': {'offset': 52911, 'end': 52915, 'line': 1057, 'column': 3}}}, {'id': '%value.2', 'constructor': {'offset': 52402, 'end': 52410, 'line': 1049, 'column': 3}, 'kind': 'ScalarList', 'length': 2, 'capacity': 2, 'sealed': True, 'token': {'chunk': 0, 'slot': 1}, 'ownership_word': 10, 'producer_interval': {'start': {'offset': 52402, 'end': 52410, 'line': 1049, 'column': 3}, 'end': {'offset': 52641, 'end': 52645, 'line': 1054, 'column': 3}}, 'keep': {'offset': 52641, 'end': 52645, 'line': 1054, 'column': 3}, 'active_chunk_protection': {'start': {'offset': 52641, 'end': 52645, 'line': 1054, 'column': 3}, 'end': {'offset': 52911, 'end': 52915, 'line': 1057, 'column': 3}}}], 'chunks': [['%value.1', '%value.2']], 'frame': {'activation': {'offset': 51993, 'end': 51997, 'line': 1042, 'column': 3}, 'written_locals': 0, 'finalizers': 1}, 'work': {'V': 2, 'F': 2, 'Q': 0, 'R': 0, 'E': 0, 'W_full_service_component': 4}, 'external_requirements': [{'parameter': 0, 'representation': 'Bytes', 'protection': 'continuously live outside owner du",
      "observed_status": "conditional_component_certificate",
      "observed_work": 4,
      "rejection": null
    },
    {
      "record": "N_profile",
      "variant": "arena",
      "entry": ".minyar.fn.minyar_module_1_snow",
      "expected": "rejected",
      "options": {
        "profile": "arena"
      },
      "input_sha256": "b7e797c2aedf36ab4d09eefcdd29f4b0cdc5e3a5a7d2663b1982bf31b158b62e",
      "passed": false,
      "error": "AssertionError: {'boundary': {'offset': 52911, 'end': 52915, 'line': 1057, 'column': 3, 'position': 'before instruction', 'policy': 'first instruction of maximal terminal rc_step?;rc_leave;stack_leave;ret void suffix'}, 'generations': [{'id': '%value.1', 'constructor': {'offset': 52148, 'end': 52156, 'line': 1044, 'column': 3}, 'kind': 'ScalarList', 'length': 3, 'capacity': 4, 'sealed': True, 'token': {'chunk': 0, 'slot': 0}, 'ownership_word': 10, 'producer_interval': {'start': {'offset': 52148, 'end': 52156, 'line': 1044, 'column': 3}, 'end': {'offset': 52360, 'end': 52364, 'line': 1048, 'column': 3}}, 'keep': {'offset': 52360, 'end': 52364, 'line': 1048, 'column': 3}, 'active_chunk_protection': {'start': {'offset': 52360, 'end': 52364, 'line': 1048, 'column': 3}, 'end': {'offset': 52911, 'end': 52915, 'line': 1057, 'column': 3}}}, {'id': '%value.2', 'constructor': {'offset': 52402, 'end': 52410, 'line': 1049, 'column': 3}, 'kind': 'ScalarList', 'length': 2, 'capacity': 2, 'sealed': True, 'token': {'chunk': 0, 'slot': 1}, 'ownership_word': 10, 'producer_interval': {'start': {'offset': 52402, 'end': 52410, 'line': 1049, 'column': 3}, 'end': {'offset': 52641, 'end': 52645, 'line': 1054, 'column': 3}}, 'keep': {'offset': 52641, 'end': 52645, 'line': 1054, 'column': 3}, 'active_chunk_protection': {'start': {'offset': 52641, 'end': 52645, 'line': 1054, 'column': 3}, 'end': {'offset': 52911, 'end': 52915, 'line': 1057, 'column': 3}}}], 'chunks': [['%value.1', '%value.2']], 'frame': {'activation': {'offset': 51993, 'end': 51997, 'line': 1042, 'column': 3}, 'written_locals': 0, 'finalizers': 1}, 'work': {'V': 2, 'F': 2, 'Q': 0, 'R': 0, 'E': 0, 'W_full_service_component': 4}, 'external_requirements': [{'parameter': 0, 'representation': 'Bytes', 'protection': 'continuously live outside owner du",
      "observed_status": "conditional_component_certificate",
      "observed_work": 4,
      "rejection": null
    },
    {
      "record": "N_profile",
      "variant": "stack_owner",
      "entry": ".minyar.fn.minyar_module_1_snow",
      "expected": "rejected",
      "options": {
        "profile": "stack_owner"
      },
      "input_sha256": "b7e797c2aedf36ab4d09eefcdd29f4b0cdc5e3a5a7d2663b1982bf31b158b62e",
      "passed": false,
      "error": "AssertionError: {'boundary': {'offset': 52911, 'end': 52915, 'line': 1057, 'column': 3, 'position': 'before instruction', 'policy': 'first instruction of maximal terminal rc_step?;rc_leave;stack_leave;ret void suffix'}, 'generations': [{'id': '%value.1', 'constructor': {'offset': 52148, 'end': 52156, 'line': 1044, 'column': 3}, 'kind': 'ScalarList', 'length': 3, 'capacity': 4, 'sealed': True, 'token': {'chunk': 0, 'slot': 0}, 'ownership_word': 10, 'producer_interval': {'start': {'offset': 52148, 'end': 52156, 'line': 1044, 'column': 3}, 'end': {'offset': 52360, 'end': 52364, 'line': 1048, 'column': 3}}, 'keep': {'offset': 52360, 'end': 52364, 'line': 1048, 'column': 3}, 'active_chunk_protection': {'start': {'offset': 52360, 'end': 52364, 'line': 1048, 'column': 3}, 'end': {'offset': 52911, 'end': 52915, 'line': 1057, 'column': 3}}}, {'id': '%value.2', 'constructor': {'offset': 52402, 'end': 52410, 'line': 1049, 'column': 3}, 'kind': 'ScalarList', 'length': 2, 'capacity': 2, 'sealed': True, 'token': {'chunk': 0, 'slot': 1}, 'ownership_word': 10, 'producer_interval': {'start': {'offset': 52402, 'end': 52410, 'line': 1049, 'column': 3}, 'end': {'offset': 52641, 'end': 52645, 'line': 1054, 'column': 3}}, 'keep': {'offset': 52641, 'end': 52645, 'line': 1054, 'column': 3}, 'active_chunk_protection': {'start': {'offset': 52641, 'end': 52645, 'line': 1054, 'column': 3}, 'end': {'offset': 52911, 'end': 52915, 'line': 1057, 'column': 3}}}], 'chunks': [['%value.1', '%value.2']], 'frame': {'activation': {'offset': 51993, 'end': 51997, 'line': 1042, 'column': 3}, 'written_locals': 0, 'finalizers': 1}, 'work': {'V': 2, 'F': 2, 'Q': 0, 'R': 0, 'E': 0, 'W_full_service_component': 4}, 'external_requirements': [{'parameter': 0, 'representation': 'Bytes', 'protection': 'continuously live outside owner du",
      "observed_status": "conditional_component_certificate",
      "observed_work": 4,
      "rejection": null
    },
    {
      "record": "N_profile",
      "variant": "system_k1",
      "entry": ".minyar.fn.minyar_module_1_snow",
      "expected": "rejected",
      "options": {
        "profile": "system_k1"
      },
      "input_sha256": "b7e797c2aedf36ab4d09eefcdd29f4b0cdc5e3a5a7d2663b1982bf31b158b62e",
      "passed": false,
      "error": "AssertionError: {'boundary': {'offset': 52911, 'end': 52915, 'line': 1057, 'column': 3, 'position': 'before instruction', 'policy': 'first instruction of maximal terminal rc_step?;rc_leave;stack_leave;ret void suffix'}, 'generations': [{'id': '%value.1', 'constructor': {'offset': 52148, 'end': 52156, 'line': 1044, 'column': 3}, 'kind': 'ScalarList', 'length': 3, 'capacity': 4, 'sealed': True, 'token': {'chunk': 0, 'slot': 0}, 'ownership_word': 10, 'producer_interval': {'start': {'offset': 52148, 'end': 52156, 'line': 1044, 'column': 3}, 'end': {'offset': 52360, 'end': 52364, 'line': 1048, 'column': 3}}, 'keep': {'offset': 52360, 'end': 52364, 'line': 1048, 'column': 3}, 'active_chunk_protection': {'start': {'offset': 52360, 'end': 52364, 'line': 1048, 'column': 3}, 'end': {'offset': 52911, 'end': 52915, 'line': 1057, 'column': 3}}}, {'id': '%value.2', 'constructor': {'offset': 52402, 'end': 52410, 'line': 1049, 'column': 3}, 'kind': 'ScalarList', 'length': 2, 'capacity': 2, 'sealed': True, 'token': {'chunk': 0, 'slot': 1}, 'ownership_word': 10, 'producer_interval': {'start': {'offset': 52402, 'end': 52410, 'line': 1049, 'column': 3}, 'end': {'offset': 52641, 'end': 52645, 'line': 1054, 'column': 3}}, 'keep': {'offset': 52641, 'end': 52645, 'line': 1054, 'column': 3}, 'active_chunk_protection': {'start': {'offset': 52641, 'end': 52645, 'line': 1054, 'column': 3}, 'end': {'offset': 52911, 'end': 52915, 'line': 1057, 'column': 3}}}], 'chunks': [['%value.1', '%value.2']], 'frame': {'activation': {'offset': 51993, 'end': 51997, 'line': 1042, 'column': 3}, 'written_locals': 0, 'finalizers': 1}, 'work': {'V': 2, 'F': 2, 'Q': 0, 'R': 0, 'E': 0, 'W_full_service_component': 4}, 'external_requirements': [{'parameter': 0, 'representation': 'Bytes', 'protection': 'continuously live outside owner du",
      "observed_status": "conditional_component_certificate",
      "observed_work": 4,
      "rejection": null
    },
    {
      "record": "N_profile",
      "variant": "catalog_digest",
      "entry": ".minyar.fn.minyar_module_1_snow",
      "expected": "rejected",
      "options": {
        "catalog_sha256": "0000000000000000000000000000000000000000000000000000000000000000"
      },
      "input_sha256": "b7e797c2aedf36ab4d09eefcdd29f4b0cdc5e3a5a7d2663b1982bf31b158b62e",
      "passed": false,
      "error": "AssertionError: {'boundary': {'offset': 52911, 'end': 52915, 'line': 1057, 'column': 3, 'position': 'before instruction', 'policy': 'first instruction of maximal terminal rc_step?;rc_leave;stack_leave;ret void suffix'}, 'generations': [{'id': '%value.1', 'constructor': {'offset': 52148, 'end': 52156, 'line': 1044, 'column': 3}, 'kind': 'ScalarList', 'length': 3, 'capacity': 4, 'sealed': True, 'token': {'chunk': 0, 'slot': 0}, 'ownership_word': 10, 'producer_interval': {'start': {'offset': 52148, 'end': 52156, 'line': 1044, 'column': 3}, 'end': {'offset': 52360, 'end': 52364, 'line': 1048, 'column': 3}}, 'keep': {'offset': 52360, 'end': 52364, 'line': 1048, 'column': 3}, 'active_chunk_protection': {'start': {'offset': 52360, 'end': 52364, 'line': 1048, 'column': 3}, 'end': {'offset': 52911, 'end': 52915, 'line': 1057, 'column': 3}}}, {'id': '%value.2', 'constructor': {'offset': 52402, 'end': 52410, 'line': 1049, 'column': 3}, 'kind': 'ScalarList', 'length': 2, 'capacity': 2, 'sealed': True, 'token': {'chunk': 0, 'slot': 1}, 'ownership_word': 10, 'producer_interval': {'start': {'offset': 52402, 'end': 52410, 'line': 1049, 'column': 3}, 'end': {'offset': 52641, 'end': 52645, 'line': 1054, 'column': 3}}, 'keep': {'offset': 52641, 'end': 52645, 'line': 1054, 'column': 3}, 'active_chunk_protection': {'start': {'offset': 52641, 'end': 52645, 'line': 1054, 'column': 3}, 'end': {'offset': 52911, 'end': 52915, 'line': 1057, 'column': 3}}}], 'chunks': [['%value.1', '%value.2']], 'frame': {'activation': {'offset': 51993, 'end': 51997, 'line': 1042, 'column': 3}, 'written_locals': 0, 'finalizers': 1}, 'work': {'V': 2, 'F': 2, 'Q': 0, 'R': 0, 'E': 0, 'W_full_service_component': 4}, 'external_requirements': [{'parameter': 0, 'representation': 'Bytes', 'protection': 'continuously live outside owner du",
      "observed_status": "conditional_component_certificate",
      "observed_work": 4,
      "rejection": null
    },
    {
      "record": "N_profile",
      "variant": "source_digest",
      "entry": ".minyar.fn.minyar_module_1_snow",
      "expected": "rejected",
      "options": {
        "runtime_hashes": {
          "minyar_runtime.c": "0000000000000000000000000000000000000000000000000000000000000000"
        }
      },
      "input_sha256": "b7e797c2aedf36ab4d09eefcdd29f4b0cdc5e3a5a7d2663b1982bf31b158b62e",
      "passed": false,
      "error": "AssertionError: {'boundary': {'offset': 52911, 'end': 52915, 'line': 1057, 'column': 3, 'position': 'before instruction', 'policy': 'first instruction of maximal terminal rc_step?;rc_leave;stack_leave;ret void suffix'}, 'generations': [{'id': '%value.1', 'constructor': {'offset': 52148, 'end': 52156, 'line': 1044, 'column': 3}, 'kind': 'ScalarList', 'length': 3, 'capacity': 4, 'sealed': True, 'token': {'chunk': 0, 'slot': 0}, 'ownership_word': 10, 'producer_interval': {'start': {'offset': 52148, 'end': 52156, 'line': 1044, 'column': 3}, 'end': {'offset': 52360, 'end': 52364, 'line': 1048, 'column': 3}}, 'keep': {'offset': 52360, 'end': 52364, 'line': 1048, 'column': 3}, 'active_chunk_protection': {'start': {'offset': 52360, 'end': 52364, 'line': 1048, 'column': 3}, 'end': {'offset': 52911, 'end': 52915, 'line': 1057, 'column': 3}}}, {'id': '%value.2', 'constructor': {'offset': 52402, 'end': 52410, 'line': 1049, 'column': 3}, 'kind': 'ScalarList', 'length': 2, 'capacity': 2, 'sealed': True, 'token': {'chunk': 0, 'slot': 1}, 'ownership_word': 10, 'producer_interval': {'start': {'offset': 52402, 'end': 52410, 'line': 1049, 'column': 3}, 'end': {'offset': 52641, 'end': 52645, 'line': 1054, 'column': 3}}, 'keep': {'offset': 52641, 'end': 52645, 'line': 1054, 'column': 3}, 'active_chunk_protection': {'start': {'offset': 52641, 'end': 52645, 'line': 1054, 'column': 3}, 'end': {'offset': 52911, 'end': 52915, 'line': 1057, 'column': 3}}}], 'chunks': [['%value.1', '%value.2']], 'frame': {'activation': {'offset': 51993, 'end': 51997, 'line': 1042, 'column': 3}, 'written_locals': 0, 'finalizers': 1}, 'work': {'V': 2, 'F': 2, 'Q': 0, 'R': 0, 'E': 0, 'W_full_service_component': 4}, 'external_requirements': [{'parameter': 0, 'representation': 'Bytes', 'protection': 'continuously live outside owner du",
      "observed_status": "conditional_component_certificate",
      "observed_work": 4,
      "rejection": null
    },
    {
      "record": "N_arithmetic",
      "variant": "large_integer",
      "entry": ".minyar.fn.minyar_module_1_snow",
      "expected": "rejected",
      "options": {},
      "input_sha256": "f964e724cbe6cb23e1865c13673df1bf752abdfca184868176b62c6f225091fd",
      "passed": false,
      "error": "AssertionError: {'boundary': {'offset': 52911, 'end': 52915, 'line': 1057, 'column': 3, 'position': 'before instruction', 'policy': 'first instruction of maximal terminal rc_step?;rc_leave;stack_leave;ret void suffix'}, 'generations': [{'id': '%value.1', 'constructor': {'offset': 52148, 'end': 52156, 'line': 1044, 'column': 3}, 'kind': 'ScalarList', 'length': 3, 'capacity': 4, 'sealed': True, 'token': {'chunk': 0, 'slot': 0}, 'ownership_word': 10, 'producer_interval': {'start': {'offset': 52148, 'end': 52156, 'line': 1044, 'column': 3}, 'end': {'offset': 52360, 'end': 52364, 'line': 1048, 'column': 3}}, 'keep': {'offset': 52360, 'end': 52364, 'line': 1048, 'column': 3}, 'active_chunk_protection': {'start': {'offset': 52360, 'end': 52364, 'line': 1048, 'column': 3}, 'end': {'offset': 52911, 'end': 52915, 'line': 1057, 'column': 3}}}, {'id': '%value.2', 'constructor': {'offset': 52402, 'end': 52410, 'line': 1049, 'column': 3}, 'kind': 'ScalarList', 'length': 2, 'capacity': 2, 'sealed': True, 'token': {'chunk': 0, 'slot': 1}, 'ownership_word': 10, 'producer_interval': {'start': {'offset': 52402, 'end': 52410, 'line': 1049, 'column': 3}, 'end': {'offset': 52641, 'end': 52645, 'line': 1054, 'column': 3}}, 'keep': {'offset': 52641, 'end': 52645, 'line': 1054, 'column': 3}, 'active_chunk_protection': {'start': {'offset': 52641, 'end': 52645, 'line': 1054, 'column': 3}, 'end': {'offset': 52911, 'end': 52915, 'line': 1057, 'column': 3}}}], 'chunks': [['%value.1', '%value.2']], 'frame': {'activation': {'offset': 51993, 'end': 51997, 'line': 1042, 'column': 3}, 'written_locals': 0, 'finalizers': 1}, 'work': {'V': 2, 'F': 2, 'Q': 0, 'R': 0, 'E': 0, 'W_full_service_component': 4}, 'external_requirements': [{'parameter': 0, 'representation': 'Bytes', 'protection': 'continuously live outside owner du",
      "observed_status": "conditional_component_certificate",
      "observed_work": 4,
      "rejection": null
    },
    {
      "record": "N_arithmetic",
      "variant": "huge_literal",
      "entry": ".minyar.fn.minyar_module_1_snow",
      "expected": "rejected",
      "options": {},
      "input_sha256": "c58d2518aefbdb22e6245b84b418bbd188f37bce52f1c270a99891c0f4e11487",
      "passed": false,
      "error": "AssertionError: {'boundary': {'offset': 52911, 'end': 52915, 'line': 1057, 'column': 3, 'position': 'before instruction', 'policy': 'first instruction of maximal terminal rc_step?;rc_leave;stack_leave;ret void suffix'}, 'generations': [{'id': '%value.1', 'constructor': {'offset': 52148, 'end': 52156, 'line': 1044, 'column': 3}, 'kind': 'ScalarList', 'length': 3, 'capacity': 4, 'sealed': True, 'token': {'chunk': 0, 'slot': 0}, 'ownership_word': 10, 'producer_interval': {'start': {'offset': 52148, 'end': 52156, 'line': 1044, 'column': 3}, 'end': {'offset': 52360, 'end': 52364, 'line': 1048, 'column': 3}}, 'keep': {'offset': 52360, 'end': 52364, 'line': 1048, 'column': 3}, 'active_chunk_protection': {'start': {'offset': 52360, 'end': 52364, 'line': 1048, 'column': 3}, 'end': {'offset': 52911, 'end': 52915, 'line': 1057, 'column': 3}}}, {'id': '%value.2', 'constructor': {'offset': 52402, 'end': 52410, 'line': 1049, 'column': 3}, 'kind': 'ScalarList', 'length': 2, 'capacity': 2, 'sealed': True, 'token': {'chunk': 0, 'slot': 1}, 'ownership_word': 10, 'producer_interval': {'start': {'offset': 52402, 'end': 52410, 'line': 1049, 'column': 3}, 'end': {'offset': 52641, 'end': 52645, 'line': 1054, 'column': 3}}, 'keep': {'offset': 52641, 'end': 52645, 'line': 1054, 'column': 3}, 'active_chunk_protection': {'start': {'offset': 52641, 'end': 52645, 'line': 1054, 'column': 3}, 'end': {'offset': 52911, 'end': 52915, 'line': 1057, 'column': 3}}}], 'chunks': [['%value.1', '%value.2']], 'frame': {'activation': {'offset': 51993, 'end': 51997, 'line': 1042, 'column': 3}, 'written_locals': 0, 'finalizers': 1}, 'work': {'V': 2, 'F': 2, 'Q': 0, 'R': 0, 'E': 0, 'W_full_service_component': 4}, 'external_requirements': [{'parameter': 0, 'representation': 'Bytes', 'protection': 'continuously live outside owner du",
      "observed_status": "conditional_component_certificate",
      "observed_work": 4,
      "rejection": null
    },
    {
      "record": "N_arithmetic",
      "variant": "nonfinite",
      "entry": ".minyar.fn.minyar_module_1_snow",
      "expected": "rejected",
      "options": {},
      "input_sha256": "1aa0bb19b49bcf82f7edd0c12680ee87b535332421649017bed38cc761eece9b",
      "passed": false,
      "error": "AssertionError: {'boundary': {'offset': 52911, 'end': 52915, 'line': 1057, 'column': 3, 'position': 'before instruction', 'policy': 'first instruction of maximal terminal rc_step?;rc_leave;stack_leave;ret void suffix'}, 'generations': [{'id': '%value.1', 'constructor': {'offset': 52148, 'end': 52156, 'line': 1044, 'column': 3}, 'kind': 'ScalarList', 'length': 3, 'capacity': 4, 'sealed': True, 'token': {'chunk': 0, 'slot': 0}, 'ownership_word': 10, 'producer_interval': {'start': {'offset': 52148, 'end': 52156, 'line': 1044, 'column': 3}, 'end': {'offset': 52360, 'end': 52364, 'line': 1048, 'column': 3}}, 'keep': {'offset': 52360, 'end': 52364, 'line': 1048, 'column': 3}, 'active_chunk_protection': {'start': {'offset': 52360, 'end': 52364, 'line': 1048, 'column': 3}, 'end': {'offset': 52911, 'end': 52915, 'line': 1057, 'column': 3}}}, {'id': '%value.2', 'constructor': {'offset': 52402, 'end': 52410, 'line': 1049, 'column': 3}, 'kind': 'ScalarList', 'length': 2, 'capacity': 2, 'sealed': True, 'token': {'chunk': 0, 'slot': 1}, 'ownership_word': 10, 'producer_interval': {'start': {'offset': 52402, 'end': 52410, 'line': 1049, 'column': 3}, 'end': {'offset': 52641, 'end': 52645, 'line': 1054, 'column': 3}}, 'keep': {'offset': 52641, 'end': 52645, 'line': 1054, 'column': 3}, 'active_chunk_protection': {'start': {'offset': 52641, 'end': 52645, 'line': 1054, 'column': 3}, 'end': {'offset': 52911, 'end': 52915, 'line': 1057, 'column': 3}}}], 'chunks': [['%value.1', '%value.2']], 'frame': {'activation': {'offset': 51993, 'end': 51997, 'line': 1042, 'column': 3}, 'written_locals': 0, 'finalizers': 1}, 'work': {'V': 2, 'F': 2, 'Q': 0, 'R': 0, 'E': 0, 'W_full_service_component': 4}, 'external_requirements': [{'parameter': 0, 'representation': 'Bytes', 'protection': 'continuously live outside owner du",
      "observed_status": "conditional_component_certificate",
      "observed_work": 4,
      "rejection": null
    },
    {
      "record": "N_arithmetic",
      "variant": "input_limit",
      "entry": ".minyar.fn.minyar_module_1_snow",
      "expected": "rejected",
      "options": {},
      "input_sha256": "de39443cba5b46a72a4a1a4d00e2f63bc7abdb1a63f3476743dee69cee27258f",
      "passed": false,
      "error": "AssertionError: {'boundary': {'offset': 52911, 'end': 52915, 'line': 1057, 'column': 3, 'position': 'before instruction', 'policy': 'first instruction of maximal terminal rc_step?;rc_leave;stack_leave;ret void suffix'}, 'generations': [{'id': '%value.1', 'constructor': {'offset': 52148, 'end': 52156, 'line': 1044, 'column': 3}, 'kind': 'ScalarList', 'length': 3, 'capacity': 4, 'sealed': True, 'token': {'chunk': 0, 'slot': 0}, 'ownership_word': 10, 'producer_interval': {'start': {'offset': 52148, 'end': 52156, 'line': 1044, 'column': 3}, 'end': {'offset': 52360, 'end': 52364, 'line': 1048, 'column': 3}}, 'keep': {'offset': 52360, 'end': 52364, 'line': 1048, 'column': 3}, 'active_chunk_protection': {'start': {'offset': 52360, 'end': 52364, 'line': 1048, 'column': 3}, 'end': {'offset': 52911, 'end': 52915, 'line': 1057, 'column': 3}}}, {'id': '%value.2', 'constructor': {'offset': 52402, 'end': 52410, 'line': 1049, 'column': 3}, 'kind': 'ScalarList', 'length': 2, 'capacity': 2, 'sealed': True, 'token': {'chunk': 0, 'slot': 1}, 'ownership_word': 10, 'producer_interval': {'start': {'offset': 52402, 'end': 52410, 'line': 1049, 'column': 3}, 'end': {'offset': 52641, 'end': 52645, 'line': 1054, 'column': 3}}, 'keep': {'offset': 52641, 'end': 52645, 'line': 1054, 'column': 3}, 'active_chunk_protection': {'start': {'offset': 52641, 'end': 52645, 'line': 1054, 'column': 3}, 'end': {'offset': 52911, 'end': 52915, 'line': 1057, 'column': 3}}}], 'chunks': [['%value.1', '%value.2']], 'frame': {'activation': {'offset': 51993, 'end': 51997, 'line': 1042, 'column': 3}, 'written_locals': 0, 'finalizers': 1}, 'work': {'V': 2, 'F': 2, 'Q': 0, 'R': 0, 'E': 0, 'W_full_service_component': 4}, 'external_requirements': [{'parameter': 0, 'representation': 'Bytes', 'protection': 'continuously live outside owner du",
      "observed_status": "conditional_component_certificate",
      "observed_work": 4,
      "rejection": null
    },
    {
      "record": "N_grammar",
      "variant": "poison",
      "entry": ".minyar.fn.minyar_module_1_snow",
      "expected": "rejected",
      "options": {},
      "input_sha256": "9ef3e19e217e382e4060914101742c3dcd58c668414792cd15e965b404784a5f",
      "passed": false,
      "error": "AssertionError: {'boundary': {'offset': 52911, 'end': 52915, 'line': 1057, 'column': 3, 'position': 'before instruction', 'policy': 'first instruction of maximal terminal rc_step?;rc_leave;stack_leave;ret void suffix'}, 'generations': [{'id': '%value.1', 'constructor': {'offset': 52148, 'end': 52156, 'line': 1044, 'column': 3}, 'kind': 'ScalarList', 'length': 3, 'capacity': 4, 'sealed': True, 'token': {'chunk': 0, 'slot': 0}, 'ownership_word': 10, 'producer_interval': {'start': {'offset': 52148, 'end': 52156, 'line': 1044, 'column': 3}, 'end': {'offset': 52360, 'end': 52364, 'line': 1048, 'column': 3}}, 'keep': {'offset': 52360, 'end': 52364, 'line': 1048, 'column': 3}, 'active_chunk_protection': {'start': {'offset': 52360, 'end': 52364, 'line': 1048, 'column': 3}, 'end': {'offset': 52911, 'end': 52915, 'line': 1057, 'column': 3}}}, {'id': '%value.2', 'constructor': {'offset': 52402, 'end': 52410, 'line': 1049, 'column': 3}, 'kind': 'ScalarList', 'length': 2, 'capacity': 2, 'sealed': True, 'token': {'chunk': 0, 'slot': 1}, 'ownership_word': 10, 'producer_interval': {'start': {'offset': 52402, 'end': 52410, 'line': 1049, 'column': 3}, 'end': {'offset': 52641, 'end': 52645, 'line': 1054, 'column': 3}}, 'keep': {'offset': 52641, 'end': 52645, 'line': 1054, 'column': 3}, 'active_chunk_protection': {'start': {'offset': 52641, 'end': 52645, 'line': 1054, 'column': 3}, 'end': {'offset': 52911, 'end': 52915, 'line': 1057, 'column': 3}}}], 'chunks': [['%value.1', '%value.2']], 'frame': {'activation': {'offset': 51993, 'end': 51997, 'line': 1042, 'column': 3}, 'written_locals': 0, 'finalizers': 1}, 'work': {'V': 2, 'F': 2, 'Q': 0, 'R': 0, 'E': 0, 'W_full_service_component': 4}, 'external_requirements': [{'parameter': 0, 'representation': 'Bytes', 'protection': 'continuously live outside owner du",
      "observed_status": "conditional_component_certificate",
      "observed_work": 4,
      "rejection": null
    },
    {
      "record": "N_grammar",
      "variant": "undef",
      "entry": ".minyar.fn.minyar_module_1_snow",
      "expected": "rejected",
      "options": {},
      "input_sha256": "920942b9df3c704a66a82104a4ce014e8b3f12c3d0cec99cfa7c4b5bd1f0f8d8",
      "passed": false,
      "error": "AssertionError: {'boundary': {'offset': 52911, 'end': 52915, 'line': 1057, 'column': 3, 'position': 'before instruction', 'policy': 'first instruction of maximal terminal rc_step?;rc_leave;stack_leave;ret void suffix'}, 'generations': [{'id': '%value.1', 'constructor': {'offset': 52148, 'end': 52156, 'line': 1044, 'column': 3}, 'kind': 'ScalarList', 'length': 3, 'capacity': 4, 'sealed': True, 'token': {'chunk': 0, 'slot': 0}, 'ownership_word': 10, 'producer_interval': {'start': {'offset': 52148, 'end': 52156, 'line': 1044, 'column': 3}, 'end': {'offset': 52360, 'end': 52364, 'line': 1048, 'column': 3}}, 'keep': {'offset': 52360, 'end': 52364, 'line': 1048, 'column': 3}, 'active_chunk_protection': {'start': {'offset': 52360, 'end': 52364, 'line': 1048, 'column': 3}, 'end': {'offset': 52911, 'end': 52915, 'line': 1057, 'column': 3}}}, {'id': '%value.2', 'constructor': {'offset': 52402, 'end': 52410, 'line': 1049, 'column': 3}, 'kind': 'ScalarList', 'length': 2, 'capacity': 2, 'sealed': True, 'token': {'chunk': 0, 'slot': 1}, 'ownership_word': 10, 'producer_interval': {'start': {'offset': 52402, 'end': 52410, 'line': 1049, 'column': 3}, 'end': {'offset': 52641, 'end': 52645, 'line': 1054, 'column': 3}}, 'keep': {'offset': 52641, 'end': 52645, 'line': 1054, 'column': 3}, 'active_chunk_protection': {'start': {'offset': 52641, 'end': 52645, 'line': 1054, 'column': 3}, 'end': {'offset': 52911, 'end': 52915, 'line': 1057, 'column': 3}}}], 'chunks': [['%value.1', '%value.2']], 'frame': {'activation': {'offset': 51993, 'end': 51997, 'line': 1042, 'column': 3}, 'written_locals': 0, 'finalizers': 1}, 'work': {'V': 2, 'F': 2, 'Q': 0, 'R': 0, 'E': 0, 'W_full_service_component': 4}, 'external_requirements': [{'parameter': 0, 'representation': 'Bytes', 'protection': 'continuously live outside owner du",
      "observed_status": "conditional_component_certificate",
      "observed_work": 4,
      "rejection": null
    },
    {
      "record": "N_grammar",
      "variant": "duplicate_ssa",
      "entry": ".minyar.fn.minyar_module_1_snow",
      "expected": "rejected",
      "options": {},
      "input_sha256": "d39731efe473b8eb770e1f2e290a3ae3c483bffd22a13ddd47bd8ed75952406f",
      "passed": false,
      "error": "AssertionError: {'boundary': {'offset': 52911, 'end': 52915, 'line': 1057, 'column': 3, 'position': 'before instruction', 'policy': 'first instruction of maximal terminal rc_step?;rc_leave;stack_leave;ret void suffix'}, 'generations': [{'id': '%value.1', 'constructor': {'offset': 52148, 'end': 52156, 'line': 1044, 'column': 3}, 'kind': 'ScalarList', 'length': 3, 'capacity': 4, 'sealed': True, 'token': {'chunk': 0, 'slot': 0}, 'ownership_word': 10, 'producer_interval': {'start': {'offset': 52148, 'end': 52156, 'line': 1044, 'column': 3}, 'end': {'offset': 52360, 'end': 52364, 'line': 1048, 'column': 3}}, 'keep': {'offset': 52360, 'end': 52364, 'line': 1048, 'column': 3}, 'active_chunk_protection': {'start': {'offset': 52360, 'end': 52364, 'line': 1048, 'column': 3}, 'end': {'offset': 52911, 'end': 52915, 'line': 1057, 'column': 3}}}, {'id': '%value.2', 'constructor': {'offset': 52402, 'end': 52410, 'line': 1049, 'column': 3}, 'kind': 'ScalarList', 'length': 2, 'capacity': 2, 'sealed': True, 'token': {'chunk': 0, 'slot': 1}, 'ownership_word': 10, 'producer_interval': {'start': {'offset': 52402, 'end': 52410, 'line': 1049, 'column': 3}, 'end': {'offset': 52641, 'end': 52645, 'line': 1054, 'column': 3}}, 'keep': {'offset': 52641, 'end': 52645, 'line': 1054, 'column': 3}, 'active_chunk_protection': {'start': {'offset': 52641, 'end': 52645, 'line': 1054, 'column': 3}, 'end': {'offset': 52911, 'end': 52915, 'line': 1057, 'column': 3}}}], 'chunks': [['%value.1', '%value.2']], 'frame': {'activation': {'offset': 51993, 'end': 51997, 'line': 1042, 'column': 3}, 'written_locals': 0, 'finalizers': 1}, 'work': {'V': 2, 'F': 2, 'Q': 0, 'R': 0, 'E': 0, 'W_full_service_component': 4}, 'external_requirements': [{'parameter': 0, 'representation': 'Bytes', 'protection': 'continuously live outside owner du",
      "observed_status": "conditional_component_certificate",
      "observed_work": 4,
      "rejection": null
    },
    {
      "record": "N_grammar",
      "variant": "type",
      "entry": ".minyar.fn.minyar_module_1_snow",
      "expected": "rejected",
      "options": {},
      "input_sha256": "e9848687bf9076063b7d50cb451e6d9a5f9a85442843e74f659da39122c9234d",
      "passed": false,
      "error": "AssertionError: {'boundary': {'offset': 52911, 'end': 52915, 'line': 1057, 'column': 3, 'position': 'before instruction', 'policy': 'first instruction of maximal terminal rc_step?;rc_leave;stack_leave;ret void suffix'}, 'generations': [{'id': '%value.1', 'constructor': {'offset': 52148, 'end': 52156, 'line': 1044, 'column': 3}, 'kind': 'ScalarList', 'length': 3, 'capacity': 4, 'sealed': True, 'token': {'chunk': 0, 'slot': 0}, 'ownership_word': 10, 'producer_interval': {'start': {'offset': 52148, 'end': 52156, 'line': 1044, 'column': 3}, 'end': {'offset': 52360, 'end': 52364, 'line': 1048, 'column': 3}}, 'keep': {'offset': 52360, 'end': 52364, 'line': 1048, 'column': 3}, 'active_chunk_protection': {'start': {'offset': 52360, 'end': 52364, 'line': 1048, 'column': 3}, 'end': {'offset': 52911, 'end': 52915, 'line': 1057, 'column': 3}}}, {'id': '%value.2', 'constructor': {'offset': 52402, 'end': 52410, 'line': 1049, 'column': 3}, 'kind': 'ScalarList', 'length': 2, 'capacity': 2, 'sealed': True, 'token': {'chunk': 0, 'slot': 1}, 'ownership_word': 10, 'producer_interval': {'start': {'offset': 52402, 'end': 52410, 'line': 1049, 'column': 3}, 'end': {'offset': 52641, 'end': 52645, 'line': 1054, 'column': 3}}, 'keep': {'offset': 52641, 'end': 52645, 'line': 1054, 'column': 3}, 'active_chunk_protection': {'start': {'offset': 52641, 'end': 52645, 'line': 1054, 'column': 3}, 'end': {'offset': 52911, 'end': 52915, 'line': 1057, 'column': 3}}}], 'chunks': [['%value.1', '%value.2']], 'frame': {'activation': {'offset': 51993, 'end': 51997, 'line': 1042, 'column': 3}, 'written_locals': 0, 'finalizers': 1}, 'work': {'V': 2, 'F': 2, 'Q': 0, 'R': 0, 'E': 0, 'W_full_service_component': 4}, 'external_requirements': [{'parameter': 0, 'representation': 'Bytes', 'protection': 'continuously live outside owner du",
      "observed_status": "conditional_component_certificate",
      "observed_work": 4,
      "rejection": null
    },
    {
      "record": "N_grammar",
      "variant": "tail",
      "entry": ".minyar.fn.minyar_module_1_snow",
      "expected": "rejected",
      "options": {},
      "input_sha256": "c8aed80e82704bb6ff539e2b6c6b6aa7d8a86a5e68bf7779f1be9e562c10bb6a",
      "passed": false,
      "error": "AssertionError: {'boundary': {'offset': 52911, 'end': 52915, 'line': 1057, 'column': 3, 'position': 'before instruction', 'policy': 'first instruction of maximal terminal rc_step?;rc_leave;stack_leave;ret void suffix'}, 'generations': [{'id': '%value.1', 'constructor': {'offset': 52148, 'end': 52156, 'line': 1044, 'column': 3}, 'kind': 'ScalarList', 'length': 3, 'capacity': 4, 'sealed': True, 'token': {'chunk': 0, 'slot': 0}, 'ownership_word': 10, 'producer_interval': {'start': {'offset': 52148, 'end': 52156, 'line': 1044, 'column': 3}, 'end': {'offset': 52360, 'end': 52364, 'line': 1048, 'column': 3}}, 'keep': {'offset': 52360, 'end': 52364, 'line': 1048, 'column': 3}, 'active_chunk_protection': {'start': {'offset': 52360, 'end': 52364, 'line': 1048, 'column': 3}, 'end': {'offset': 52911, 'end': 52915, 'line': 1057, 'column': 3}}}, {'id': '%value.2', 'constructor': {'offset': 52402, 'end': 52410, 'line': 1049, 'column': 3}, 'kind': 'ScalarList', 'length': 2, 'capacity': 2, 'sealed': True, 'token': {'chunk': 0, 'slot': 1}, 'ownership_word': 10, 'producer_interval': {'start': {'offset': 52402, 'end': 52410, 'line': 1049, 'column': 3}, 'end': {'offset': 52641, 'end': 52645, 'line': 1054, 'column': 3}}, 'keep': {'offset': 52641, 'end': 52645, 'line': 1054, 'column': 3}, 'active_chunk_protection': {'start': {'offset': 52641, 'end': 52645, 'line': 1054, 'column': 3}, 'end': {'offset': 52911, 'end': 52915, 'line': 1057, 'column': 3}}}], 'chunks': [['%value.1', '%value.2']], 'frame': {'activation': {'offset': 51993, 'end': 51997, 'line': 1042, 'column': 3}, 'written_locals': 0, 'finalizers': 1}, 'work': {'V': 2, 'F': 2, 'Q': 0, 'R': 0, 'E': 0, 'W_full_service_component': 4}, 'external_requirements': [{'parameter': 0, 'representation': 'Bytes', 'protection': 'continuously live outside owner du",
      "observed_status": "conditional_component_certificate",
      "observed_work": 4,
      "rejection": null
    },
    {
      "record": "N_grammar",
      "variant": "extra_operand",
      "entry": ".minyar.fn.minyar_module_1_snow",
      "expected": "rejected",
      "options": {},
      "input_sha256": "721e3c5ab47335756550a450b049a66326de465fa2c92a1e1143dff1a724ebaa",
      "passed": false,
      "error": "AssertionError: {'boundary': {'offset': 52911, 'end': 52915, 'line': 1057, 'column': 3, 'position': 'before instruction', 'policy': 'first instruction of maximal terminal rc_step?;rc_leave;stack_leave;ret void suffix'}, 'generations': [{'id': '%value.1', 'constructor': {'offset': 52148, 'end': 52156, 'line': 1044, 'column': 3}, 'kind': 'ScalarList', 'length': 3, 'capacity': 4, 'sealed': True, 'token': {'chunk': 0, 'slot': 0}, 'ownership_word': 10, 'producer_interval': {'start': {'offset': 52148, 'end': 52156, 'line': 1044, 'column': 3}, 'end': {'offset': 52360, 'end': 52364, 'line': 1048, 'column': 3}}, 'keep': {'offset': 52360, 'end': 52364, 'line': 1048, 'column': 3}, 'active_chunk_protection': {'start': {'offset': 52360, 'end': 52364, 'line': 1048, 'column': 3}, 'end': {'offset': 52911, 'end': 52915, 'line': 1057, 'column': 3}}}, {'id': '%value.2', 'constructor': {'offset': 52402, 'end': 52410, 'line': 1049, 'column': 3}, 'kind': 'ScalarList', 'length': 2, 'capacity': 2, 'sealed': True, 'token': {'chunk': 0, 'slot': 1}, 'ownership_word': 10, 'producer_interval': {'start': {'offset': 52402, 'end': 52410, 'line': 1049, 'column': 3}, 'end': {'offset': 52641, 'end': 52645, 'line': 1054, 'column': 3}}, 'keep': {'offset': 52641, 'end': 52645, 'line': 1054, 'column': 3}, 'active_chunk_protection': {'start': {'offset': 52641, 'end': 52645, 'line': 1054, 'column': 3}, 'end': {'offset': 52911, 'end': 52915, 'line': 1057, 'column': 3}}}], 'chunks': [['%value.1', '%value.2']], 'frame': {'activation': {'offset': 51993, 'end': 51997, 'line': 1042, 'column': 3}, 'written_locals': 0, 'finalizers': 1}, 'work': {'V': 2, 'F': 2, 'Q': 0, 'R': 0, 'E': 0, 'W_full_service_component': 4}, 'external_requirements': [{'parameter': 0, 'representation': 'Bytes', 'protection': 'continuously live outside owner du",
      "observed_status": "conditional_component_certificate",
      "observed_work": 4,
      "rejection": null
    },
    {
      "record": "N_grammar",
      "variant": "missing_target",
      "entry": ".minyar.fn.minyar_module_1_snow",
      "expected": "rejected",
      "options": {},
      "input_sha256": "3bb8a2c06188fc2f262ddd16590abdc6432c27afcb6a372d99fceb4a63cba84b",
      "passed": false,
      "error": "AssertionError: {'boundary': {'offset': 52911, 'end': 52915, 'line': 1057, 'column': 3, 'position': 'before instruction', 'policy': 'first instruction of maximal terminal rc_step?;rc_leave;stack_leave;ret void suffix'}, 'generations': [{'id': '%value.1', 'constructor': {'offset': 52148, 'end': 52156, 'line': 1044, 'column': 3}, 'kind': 'ScalarList', 'length': 3, 'capacity': 4, 'sealed': True, 'token': {'chunk': 0, 'slot': 0}, 'ownership_word': 10, 'producer_interval': {'start': {'offset': 52148, 'end': 52156, 'line': 1044, 'column': 3}, 'end': {'offset': 52360, 'end': 52364, 'line': 1048, 'column': 3}}, 'keep': {'offset': 52360, 'end': 52364, 'line': 1048, 'column': 3}, 'active_chunk_protection': {'start': {'offset': 52360, 'end': 52364, 'line': 1048, 'column': 3}, 'end': {'offset': 52911, 'end': 52915, 'line': 1057, 'column': 3}}}, {'id': '%value.2', 'constructor': {'offset': 52402, 'end': 52410, 'line': 1049, 'column': 3}, 'kind': 'ScalarList', 'length': 2, 'capacity': 2, 'sealed': True, 'token': {'chunk': 0, 'slot': 1}, 'ownership_word': 10, 'producer_interval': {'start': {'offset': 52402, 'end': 52410, 'line': 1049, 'column': 3}, 'end': {'offset': 52641, 'end': 52645, 'line': 1054, 'column': 3}}, 'keep': {'offset': 52641, 'end': 52645, 'line': 1054, 'column': 3}, 'active_chunk_protection': {'start': {'offset': 52641, 'end': 52645, 'line': 1054, 'column': 3}, 'end': {'offset': 52911, 'end': 52915, 'line': 1057, 'column': 3}}}], 'chunks': [['%value.1', '%value.2']], 'frame': {'activation': {'offset': 51993, 'end': 51997, 'line': 1042, 'column': 3}, 'written_locals': 0, 'finalizers': 1}, 'work': {'V': 2, 'F': 2, 'Q': 0, 'R': 0, 'E': 0, 'W_full_service_component': 4}, 'external_requirements': [{'parameter': 0, 'representation': 'Bytes', 'protection': 'continuously live outside owner du",
      "observed_status": "conditional_component_certificate",
      "observed_work": 4,
      "rejection": null
    },
    {
      "record": "N_grammar",
      "variant": "undefined",
      "entry": ".minyar.fn.minyar_module_1_snow",
      "expected": "rejected",
      "options": {},
      "input_sha256": "00f97e1fb2400f90d3e1081f8f251e446012c684124bcf4be93efa34ad0a552e",
      "passed": false,
      "error": "AssertionError: {'boundary': {'offset': 52911, 'end': 52915, 'line': 1057, 'column': 3, 'position': 'before instruction', 'policy': 'first instruction of maximal terminal rc_step?;rc_leave;stack_leave;ret void suffix'}, 'generations': [{'id': '%value.1', 'constructor': {'offset': 52148, 'end': 52156, 'line': 1044, 'column': 3}, 'kind': 'ScalarList', 'length': 3, 'capacity': 4, 'sealed': True, 'token': {'chunk': 0, 'slot': 0}, 'ownership_word': 10, 'producer_interval': {'start': {'offset': 52148, 'end': 52156, 'line': 1044, 'column': 3}, 'end': {'offset': 52360, 'end': 52364, 'line': 1048, 'column': 3}}, 'keep': {'offset': 52360, 'end': 52364, 'line': 1048, 'column': 3}, 'active_chunk_protection': {'start': {'offset': 52360, 'end': 52364, 'line': 1048, 'column': 3}, 'end': {'offset': 52911, 'end': 52915, 'line': 1057, 'column': 3}}}, {'id': '%value.2', 'constructor': {'offset': 52402, 'end': 52410, 'line': 1049, 'column': 3}, 'kind': 'ScalarList', 'length': 2, 'capacity': 2, 'sealed': True, 'token': {'chunk': 0, 'slot': 1}, 'ownership_word': 10, 'producer_interval': {'start': {'offset': 52402, 'end': 52410, 'line': 1049, 'column': 3}, 'end': {'offset': 52641, 'end': 52645, 'line': 1054, 'column': 3}}, 'keep': {'offset': 52641, 'end': 52645, 'line': 1054, 'column': 3}, 'active_chunk_protection': {'start': {'offset': 52641, 'end': 52645, 'line': 1054, 'column': 3}, 'end': {'offset': 52911, 'end': 52915, 'line': 1057, 'column': 3}}}], 'chunks': [['%value.1', '%value.2']], 'frame': {'activation': {'offset': 51993, 'end': 51997, 'line': 1042, 'column': 3}, 'written_locals': 0, 'finalizers': 1}, 'work': {'V': 2, 'F': 2, 'Q': 0, 'R': 0, 'E': 0, 'W_full_service_component': 4}, 'external_requirements': [{'parameter': 0, 'representation': 'Bytes', 'protection': 'continuously live outside owner du",
      "observed_status": "conditional_component_certificate",
      "observed_work": 4,
      "rejection": null
    },
    {
      "record": "N_grammar",
      "variant": "unknown_opcode",
      "entry": ".minyar.fn.minyar_module_1_snow",
      "expected": "rejected",
      "options": {},
      "input_sha256": "95eb70864c7443d21c6e3122aa9838dc69073a43d633281ea61f2842f44fe466",
      "passed": false,
      "error": "AssertionError: {'boundary': {'offset': 52911, 'end': 52915, 'line': 1057, 'column': 3, 'position': 'before instruction', 'policy': 'first instruction of maximal terminal rc_step?;rc_leave;stack_leave;ret void suffix'}, 'generations': [{'id': '%value.1', 'constructor': {'offset': 52148, 'end': 52156, 'line': 1044, 'column': 3}, 'kind': 'ScalarList', 'length': 3, 'capacity': 4, 'sealed': True, 'token': {'chunk': 0, 'slot': 0}, 'ownership_word': 10, 'producer_interval': {'start': {'offset': 52148, 'end': 52156, 'line': 1044, 'column': 3}, 'end': {'offset': 52360, 'end': 52364, 'line': 1048, 'column': 3}}, 'keep': {'offset': 52360, 'end': 52364, 'line': 1048, 'column': 3}, 'active_chunk_protection': {'start': {'offset': 52360, 'end': 52364, 'line': 1048, 'column': 3}, 'end': {'offset': 52911, 'end': 52915, 'line': 1057, 'column': 3}}}, {'id': '%value.2', 'constructor': {'offset': 52402, 'end': 52410, 'line': 1049, 'column': 3}, 'kind': 'ScalarList', 'length': 2, 'capacity': 2, 'sealed': True, 'token': {'chunk': 0, 'slot': 1}, 'ownership_word': 10, 'producer_interval': {'start': {'offset': 52402, 'end': 52410, 'line': 1049, 'column': 3}, 'end': {'offset': 52641, 'end': 52645, 'line': 1054, 'column': 3}}, 'keep': {'offset': 52641, 'end': 52645, 'line': 1054, 'column': 3}, 'active_chunk_protection': {'start': {'offset': 52641, 'end': 52645, 'line': 1054, 'column': 3}, 'end': {'offset': 52911, 'end': 52915, 'line': 1057, 'column': 3}}}], 'chunks': [['%value.1', '%value.2']], 'frame': {'activation': {'offset': 51993, 'end': 51997, 'line': 1042, 'column': 3}, 'written_locals': 0, 'finalizers': 1}, 'work': {'V': 2, 'F': 2, 'Q': 0, 'R': 0, 'E': 0, 'W_full_service_component': 4}, 'external_requirements': [{'parameter': 0, 'representation': 'Bytes', 'protection': 'continuously live outside owner du",
      "observed_status": "conditional_component_certificate",
      "observed_work": 4,
      "rejection": null
    },
    {
      "record": "N_grammar",
      "variant": "indirect_call",
      "entry": ".minyar.fn.minyar_module_1_snow",
      "expected": "rejected",
      "options": {},
      "input_sha256": "0ee45a22de13eabba1b8141e679ef70a90bc0e0fed71401ff011ab2e33294191",
      "passed": false,
      "error": "AssertionError: {'boundary': {'offset': 52911, 'end': 52915, 'line': 1057, 'column': 3, 'position': 'before instruction', 'policy': 'first instruction of maximal terminal rc_step?;rc_leave;stack_leave;ret void suffix'}, 'generations': [{'id': '%value.1', 'constructor': {'offset': 52148, 'end': 52156, 'line': 1044, 'column': 3}, 'kind': 'ScalarList', 'length': 3, 'capacity': 4, 'sealed': True, 'token': {'chunk': 0, 'slot': 0}, 'ownership_word': 10, 'producer_interval': {'start': {'offset': 52148, 'end': 52156, 'line': 1044, 'column': 3}, 'end': {'offset': 52360, 'end': 52364, 'line': 1048, 'column': 3}}, 'keep': {'offset': 52360, 'end': 52364, 'line': 1048, 'column': 3}, 'active_chunk_protection': {'start': {'offset': 52360, 'end': 52364, 'line': 1048, 'column': 3}, 'end': {'offset': 52911, 'end': 52915, 'line': 1057, 'column': 3}}}, {'id': '%value.2', 'constructor': {'offset': 52402, 'end': 52410, 'line': 1049, 'column': 3}, 'kind': 'ScalarList', 'length': 2, 'capacity': 2, 'sealed': True, 'token': {'chunk': 0, 'slot': 1}, 'ownership_word': 10, 'producer_interval': {'start': {'offset': 52402, 'end': 52410, 'line': 1049, 'column': 3}, 'end': {'offset': 52641, 'end': 52645, 'line': 1054, 'column': 3}}, 'keep': {'offset': 52641, 'end': 52645, 'line': 1054, 'column': 3}, 'active_chunk_protection': {'start': {'offset': 52641, 'end': 52645, 'line': 1054, 'column': 3}, 'end': {'offset': 52911, 'end': 52915, 'line': 1057, 'column': 3}}}], 'chunks': [['%value.1', '%value.2']], 'frame': {'activation': {'offset': 51993, 'end': 51997, 'line': 1042, 'column': 3}, 'written_locals': 0, 'finalizers': 1}, 'work': {'V': 2, 'F': 2, 'Q': 0, 'R': 0, 'E': 0, 'W_full_service_component': 4}, 'external_requirements': [{'parameter': 0, 'representation': 'Bytes', 'protection': 'continuously live outside owner du",
      "observed_status": "conditional_component_certificate",
      "observed_work": 4,
      "rejection": null
    },
    {
      "record": "N_grammar",
      "variant": "call_modifier",
      "entry": ".minyar.fn.minyar_module_1_snow",
      "expected": "rejected",
      "options": {},
      "input_sha256": "89c794f27d4f66c43226490bfcaa25ab02204095c4e1e116241185482055cb1a",
      "passed": false,
      "error": "AssertionError: {'boundary': {'offset': 52911, 'end': 52915, 'line': 1057, 'column': 3, 'position': 'before instruction', 'policy': 'first instruction of maximal terminal rc_step?;rc_leave;stack_leave;ret void suffix'}, 'generations': [{'id': '%value.1', 'constructor': {'offset': 52148, 'end': 52156, 'line': 1044, 'column': 3}, 'kind': 'ScalarList', 'length': 3, 'capacity': 4, 'sealed': True, 'token': {'chunk': 0, 'slot': 0}, 'ownership_word': 10, 'producer_interval': {'start': {'offset': 52148, 'end': 52156, 'line': 1044, 'column': 3}, 'end': {'offset': 52360, 'end': 52364, 'line': 1048, 'column': 3}}, 'keep': {'offset': 52360, 'end': 52364, 'line': 1048, 'column': 3}, 'active_chunk_protection': {'start': {'offset': 52360, 'end': 52364, 'line': 1048, 'column': 3}, 'end': {'offset': 52911, 'end': 52915, 'line': 1057, 'column': 3}}}, {'id': '%value.2', 'constructor': {'offset': 52402, 'end': 52410, 'line': 1049, 'column': 3}, 'kind': 'ScalarList', 'length': 2, 'capacity': 2, 'sealed': True, 'token': {'chunk': 0, 'slot': 1}, 'ownership_word': 10, 'producer_interval': {'start': {'offset': 52402, 'end': 52410, 'line': 1049, 'column': 3}, 'end': {'offset': 52641, 'end': 52645, 'line': 1054, 'column': 3}}, 'keep': {'offset': 52641, 'end': 52645, 'line': 1054, 'column': 3}, 'active_chunk_protection': {'start': {'offset': 52641, 'end': 52645, 'line': 1054, 'column': 3}, 'end': {'offset': 52911, 'end': 52915, 'line': 1057, 'column': 3}}}], 'chunks': [['%value.1', '%value.2']], 'frame': {'activation': {'offset': 51993, 'end': 51997, 'line': 1042, 'column': 3}, 'written_locals': 0, 'finalizers': 1}, 'work': {'V': 2, 'F': 2, 'Q': 0, 'R': 0, 'E': 0, 'W_full_service_component': 4}, 'external_requirements': [{'parameter': 0, 'representation': 'Bytes', 'protection': 'continuously live outside owner du",
      "observed_status": "conditional_component_certificate",
      "observed_work": 4,
      "rejection": null
    },
    {
      "record": "N_grammar",
      "variant": "duplicate_symbol",
      "entry": ".minyar.fn.minyar_module_1_snow",
      "expected": "rejected",
      "options": {},
      "input_sha256": "13d2a778499bc233778e614ff02ef4f570d7b6dd4e30dd163c8518f7beeb784e",
      "passed": false,
      "error": "AssertionError: {'boundary': {'offset': 52911, 'end': 52915, 'line': 1057, 'column': 3, 'position': 'before instruction', 'policy': 'first instruction of maximal terminal rc_step?;rc_leave;stack_leave;ret void suffix'}, 'generations': [{'id': '%value.1', 'constructor': {'offset': 52148, 'end': 52156, 'line': 1044, 'column': 3}, 'kind': 'ScalarList', 'length': 3, 'capacity': 4, 'sealed': True, 'token': {'chunk': 0, 'slot': 0}, 'ownership_word': 10, 'producer_interval': {'start': {'offset': 52148, 'end': 52156, 'line': 1044, 'column': 3}, 'end': {'offset': 52360, 'end': 52364, 'line': 1048, 'column': 3}}, 'keep': {'offset': 52360, 'end': 52364, 'line': 1048, 'column': 3}, 'active_chunk_protection': {'start': {'offset': 52360, 'end': 52364, 'line': 1048, 'column': 3}, 'end': {'offset': 52911, 'end': 52915, 'line': 1057, 'column': 3}}}, {'id': '%value.2', 'constructor': {'offset': 52402, 'end': 52410, 'line': 1049, 'column': 3}, 'kind': 'ScalarList', 'length': 2, 'capacity': 2, 'sealed': True, 'token': {'chunk': 0, 'slot': 1}, 'ownership_word': 10, 'producer_interval': {'start': {'offset': 52402, 'end': 52410, 'line': 1049, 'column': 3}, 'end': {'offset': 52641, 'end': 52645, 'line': 1054, 'column': 3}}, 'keep': {'offset': 52641, 'end': 52645, 'line': 1054, 'column': 3}, 'active_chunk_protection': {'start': {'offset': 52641, 'end': 52645, 'line': 1054, 'column': 3}, 'end': {'offset': 52911, 'end': 52915, 'line': 1057, 'column': 3}}}], 'chunks': [['%value.1', '%value.2']], 'frame': {'activation': {'offset': 51993, 'end': 51997, 'line': 1042, 'column': 3}, 'written_locals': 0, 'finalizers': 1}, 'work': {'V': 2, 'F': 2, 'Q': 0, 'R': 0, 'E': 0, 'W_full_service_component': 4}, 'external_requirements': [{'parameter': 0, 'representation': 'Bytes', 'protection': 'continuously live outside owner du",
      "observed_status": "conditional_component_certificate",
      "observed_work": 4,
      "rejection": null
    },
    {
      "record": "N_grammar",
      "variant": "runtime_shadow",
      "entry": ".minyar.fn.minyar_module_1_snow",
      "expected": "rejected",
      "options": {},
      "input_sha256": "52be941904651e84d68685413ccd3dc8d2546ab51cfe22731bb1452a3c4debbc",
      "passed": false,
      "error": "AssertionError: {'boundary': {'offset': 52911, 'end': 52915, 'line': 1057, 'column': 3, 'position': 'before instruction', 'policy': 'first instruction of maximal terminal rc_step?;rc_leave;stack_leave;ret void suffix'}, 'generations': [{'id': '%value.1', 'constructor': {'offset': 52148, 'end': 52156, 'line': 1044, 'column': 3}, 'kind': 'ScalarList', 'length': 3, 'capacity': 4, 'sealed': True, 'token': {'chunk': 0, 'slot': 0}, 'ownership_word': 10, 'producer_interval': {'start': {'offset': 52148, 'end': 52156, 'line': 1044, 'column': 3}, 'end': {'offset': 52360, 'end': 52364, 'line': 1048, 'column': 3}}, 'keep': {'offset': 52360, 'end': 52364, 'line': 1048, 'column': 3}, 'active_chunk_protection': {'start': {'offset': 52360, 'end': 52364, 'line': 1048, 'column': 3}, 'end': {'offset': 52911, 'end': 52915, 'line': 1057, 'column': 3}}}, {'id': '%value.2', 'constructor': {'offset': 52402, 'end': 52410, 'line': 1049, 'column': 3}, 'kind': 'ScalarList', 'length': 2, 'capacity': 2, 'sealed': True, 'token': {'chunk': 0, 'slot': 1}, 'ownership_word': 10, 'producer_interval': {'start': {'offset': 52402, 'end': 52410, 'line': 1049, 'column': 3}, 'end': {'offset': 52641, 'end': 52645, 'line': 1054, 'column': 3}}, 'keep': {'offset': 52641, 'end': 52645, 'line': 1054, 'column': 3}, 'active_chunk_protection': {'start': {'offset': 52641, 'end': 52645, 'line': 1054, 'column': 3}, 'end': {'offset': 52911, 'end': 52915, 'line': 1057, 'column': 3}}}], 'chunks': [['%value.1', '%value.2']], 'frame': {'activation': {'offset': 51993, 'end': 51997, 'line': 1042, 'column': 3}, 'written_locals': 0, 'finalizers': 1}, 'work': {'V': 2, 'F': 2, 'Q': 0, 'R': 0, 'E': 0, 'W_full_service_component': 4}, 'external_requirements': [{'parameter': 0, 'representation': 'Bytes', 'protection': 'continuously live outside owner du",
      "observed_status": "conditional_component_certificate",
      "observed_work": 4,
      "rejection": null
    },
    {
      "record": "N_grammar",
      "variant": "alias",
      "entry": ".minyar.fn.minyar_module_1_snow",
      "expected": "rejected",
      "options": {},
      "input_sha256": "769a85773536928e4552fbf92eb4ddbc85a79bdafca221ecd405c4c0706984a0",
      "passed": false,
      "error": "AssertionError: {'boundary': {'offset': 52911, 'end': 52915, 'line': 1057, 'column': 3, 'position': 'before instruction', 'policy': 'first instruction of maximal terminal rc_step?;rc_leave;stack_leave;ret void suffix'}, 'generations': [{'id': '%value.1', 'constructor': {'offset': 52148, 'end': 52156, 'line': 1044, 'column': 3}, 'kind': 'ScalarList', 'length': 3, 'capacity': 4, 'sealed': True, 'token': {'chunk': 0, 'slot': 0}, 'ownership_word': 10, 'producer_interval': {'start': {'offset': 52148, 'end': 52156, 'line': 1044, 'column': 3}, 'end': {'offset': 52360, 'end': 52364, 'line': 1048, 'column': 3}}, 'keep': {'offset': 52360, 'end': 52364, 'line': 1048, 'column': 3}, 'active_chunk_protection': {'start': {'offset': 52360, 'end': 52364, 'line': 1048, 'column': 3}, 'end': {'offset': 52911, 'end': 52915, 'line': 1057, 'column': 3}}}, {'id': '%value.2', 'constructor': {'offset': 52402, 'end': 52410, 'line': 1049, 'column': 3}, 'kind': 'ScalarList', 'length': 2, 'capacity': 2, 'sealed': True, 'token': {'chunk': 0, 'slot': 1}, 'ownership_word': 10, 'producer_interval': {'start': {'offset': 52402, 'end': 52410, 'line': 1049, 'column': 3}, 'end': {'offset': 52641, 'end': 52645, 'line': 1054, 'column': 3}}, 'keep': {'offset': 52641, 'end': 52645, 'line': 1054, 'column': 3}, 'active_chunk_protection': {'start': {'offset': 52641, 'end': 52645, 'line': 1054, 'column': 3}, 'end': {'offset': 52911, 'end': 52915, 'line': 1057, 'column': 3}}}], 'chunks': [['%value.1', '%value.2']], 'frame': {'activation': {'offset': 51993, 'end': 51997, 'line': 1042, 'column': 3}, 'written_locals': 0, 'finalizers': 1}, 'work': {'V': 2, 'F': 2, 'Q': 0, 'R': 0, 'E': 0, 'W_full_service_component': 4}, 'external_requirements': [{'parameter': 0, 'representation': 'Bytes', 'protection': 'continuously live outside owner du",
      "observed_status": "conditional_component_certificate",
      "observed_work": 4,
      "rejection": null
    },
    {
      "record": "N_grammar",
      "variant": "truncated_body",
      "entry": ".minyar.fn.minyar_module_1_snow",
      "expected": "rejected",
      "options": {},
      "input_sha256": "edb48d009a29b06e40e493a8df63025dedb3800e005b120e351cea5a1d57b1b2",
      "passed": false,
      "error": "AssertionError: {'boundary': {'offset': 52911, 'end': 52915, 'line': 1057, 'column': 3, 'position': 'before instruction', 'policy': 'first instruction of maximal terminal rc_step?;rc_leave;stack_leave;ret void suffix'}, 'generations': [{'id': '%value.1', 'constructor': {'offset': 52148, 'end': 52156, 'line': 1044, 'column': 3}, 'kind': 'ScalarList', 'length': 3, 'capacity': 4, 'sealed': True, 'token': {'chunk': 0, 'slot': 0}, 'ownership_word': 10, 'producer_interval': {'start': {'offset': 52148, 'end': 52156, 'line': 1044, 'column': 3}, 'end': {'offset': 52360, 'end': 52364, 'line': 1048, 'column': 3}}, 'keep': {'offset': 52360, 'end': 52364, 'line': 1048, 'column': 3}, 'active_chunk_protection': {'start': {'offset': 52360, 'end': 52364, 'line': 1048, 'column': 3}, 'end': {'offset': 52911, 'end': 52915, 'line': 1057, 'column': 3}}}, {'id': '%value.2', 'constructor': {'offset': 52402, 'end': 52410, 'line': 1049, 'column': 3}, 'kind': 'ScalarList', 'length': 2, 'capacity': 2, 'sealed': True, 'token': {'chunk': 0, 'slot': 1}, 'ownership_word': 10, 'producer_interval': {'start': {'offset': 52402, 'end': 52410, 'line': 1049, 'column': 3}, 'end': {'offset': 52641, 'end': 52645, 'line': 1054, 'column': 3}}, 'keep': {'offset': 52641, 'end': 52645, 'line': 1054, 'column': 3}, 'active_chunk_protection': {'start': {'offset': 52641, 'end': 52645, 'line': 1054, 'column': 3}, 'end': {'offset': 52911, 'end': 52915, 'line': 1057, 'column': 3}}}], 'chunks': [['%value.1', '%value.2']], 'frame': {'activation': {'offset': 51993, 'end': 51997, 'line': 1042, 'column': 3}, 'written_locals': 0, 'finalizers': 1}, 'work': {'V': 2, 'F': 2, 'Q': 0, 'R': 0, 'E': 0, 'W_full_service_component': 4}, 'external_requirements': [{'parameter': 0, 'representation': 'Bytes', 'protection': 'continuously live outside owner du",
      "observed_status": "conditional_component_certificate",
      "observed_work": 4,
      "rejection": null
    },
    {
      "record": "N_grammar",
      "variant": "getter_nondominating",
      "entry": ".minyar.fn.minyar_module_1_snow",
      "expected": "rejected",
      "options": {},
      "input_sha256": "74f5e5237dc28adf3609c8bf7c7d056dbcc294250a3b4825eb7af1b34c55e95d",
      "passed": false,
      "error": "AssertionError: {'boundary': {'offset': 52911, 'end': 52915, 'line': 1057, 'column': 3, 'position': 'before instruction', 'policy': 'first instruction of maximal terminal rc_step?;rc_leave;stack_leave;ret void suffix'}, 'generations': [{'id': '%value.1', 'constructor': {'offset': 52148, 'end': 52156, 'line': 1044, 'column': 3}, 'kind': 'ScalarList', 'length': 3, 'capacity': 4, 'sealed': True, 'token': {'chunk': 0, 'slot': 0}, 'ownership_word': 10, 'producer_interval': {'start': {'offset': 52148, 'end': 52156, 'line': 1044, 'column': 3}, 'end': {'offset': 52360, 'end': 52364, 'line': 1048, 'column': 3}}, 'keep': {'offset': 52360, 'end': 52364, 'line': 1048, 'column': 3}, 'active_chunk_protection': {'start': {'offset': 52360, 'end': 52364, 'line': 1048, 'column': 3}, 'end': {'offset': 52911, 'end': 52915, 'line': 1057, 'column': 3}}}, {'id': '%value.2', 'constructor': {'offset': 52402, 'end': 52410, 'line': 1049, 'column': 3}, 'kind': 'ScalarList', 'length': 2, 'capacity': 2, 'sealed': True, 'token': {'chunk': 0, 'slot': 1}, 'ownership_word': 10, 'producer_interval': {'start': {'offset': 52402, 'end': 52410, 'line': 1049, 'column': 3}, 'end': {'offset': 52641, 'end': 52645, 'line': 1054, 'column': 3}}, 'keep': {'offset': 52641, 'end': 52645, 'line': 1054, 'column': 3}, 'active_chunk_protection': {'start': {'offset': 52641, 'end': 52645, 'line': 1054, 'column': 3}, 'end': {'offset': 52911, 'end': 52915, 'line': 1057, 'column': 3}}}], 'chunks': [['%value.1', '%value.2']], 'frame': {'activation': {'offset': 51993, 'end': 51997, 'line': 1042, 'column': 3}, 'written_locals': 0, 'finalizers': 1}, 'work': {'V': 2, 'F': 2, 'Q': 0, 'R': 0, 'E': 0, 'W_full_service_component': 4}, 'external_requirements': [{'parameter': 0, 'representation': 'Bytes', 'protection': 'continuously live outside owner du",
      "observed_status": "conditional_component_certificate",
      "observed_work": 4,
      "rejection": null
    },
    {
      "record": "N_grammar",
      "variant": "duplicate_block",
      "entry": ".minyar.fn.minyar_module_1_snow",
      "expected": "rejected",
      "options": {},
      "input_sha256": "3517eff5535d487d3aa8381feade34545e6aaeb229f2727cc64607d6aaca6ef5",
      "passed": false,
      "error": "AssertionError: {'boundary': {'offset': 52911, 'end': 52915, 'line': 1057, 'column': 3, 'position': 'before instruction', 'policy': 'first instruction of maximal terminal rc_step?;rc_leave;stack_leave;ret void suffix'}, 'generations': [{'id': '%value.1', 'constructor': {'offset': 52148, 'end': 52156, 'line': 1044, 'column': 3}, 'kind': 'ScalarList', 'length': 3, 'capacity': 4, 'sealed': True, 'token': {'chunk': 0, 'slot': 0}, 'ownership_word': 10, 'producer_interval': {'start': {'offset': 52148, 'end': 52156, 'line': 1044, 'column': 3}, 'end': {'offset': 52360, 'end': 52364, 'line': 1048, 'column': 3}}, 'keep': {'offset': 52360, 'end': 52364, 'line': 1048, 'column': 3}, 'active_chunk_protection': {'start': {'offset': 52360, 'end': 52364, 'line': 1048, 'column': 3}, 'end': {'offset': 52911, 'end': 52915, 'line': 1057, 'column': 3}}}, {'id': '%value.2', 'constructor': {'offset': 52402, 'end': 52410, 'line': 1049, 'column': 3}, 'kind': 'ScalarList', 'length': 2, 'capacity': 2, 'sealed': True, 'token': {'chunk': 0, 'slot': 1}, 'ownership_word': 10, 'producer_interval': {'start': {'offset': 52402, 'end': 52410, 'line': 1049, 'column': 3}, 'end': {'offset': 52641, 'end': 52645, 'line': 1054, 'column': 3}}, 'keep': {'offset': 52641, 'end': 52645, 'line': 1054, 'column': 3}, 'active_chunk_protection': {'start': {'offset': 52641, 'end': 52645, 'line': 1054, 'column': 3}, 'end': {'offset': 52911, 'end': 52915, 'line': 1057, 'column': 3}}}], 'chunks': [['%value.1', '%value.2']], 'frame': {'activation': {'offset': 51993, 'end': 51997, 'line': 1042, 'column': 3}, 'written_locals': 0, 'finalizers': 1}, 'work': {'V': 2, 'F': 2, 'Q': 0, 'R': 0, 'E': 0, 'W_full_service_component': 4}, 'external_requirements': [{'parameter': 0, 'representation': 'Bytes', 'protection': 'continuously live outside owner du",
      "observed_status": "conditional_component_certificate",
      "observed_work": 4,
      "rejection": null
    },
    {
      "record": "C_unprotected",
      "variant": "context_closed",
      "entry": ".minyar.fn.minyar_module_1_snow",
      "expected": "rejected",
      "options": {
        "conclusion": "context_closed",
        "external_protection": false
      },
      "input_sha256": "b7e797c2aedf36ab4d09eefcdd29f4b0cdc5e3a5a7d2663b1982bf31b158b62e",
      "passed": false,
      "error": "AssertionError: {'boundary': {'offset': 52911, 'end': 52915, 'line': 1057, 'column': 3, 'position': 'before instruction', 'policy': 'first instruction of maximal terminal rc_step?;rc_leave;stack_leave;ret void suffix'}, 'generations': [{'id': '%value.1', 'constructor': {'offset': 52148, 'end': 52156, 'line': 1044, 'column': 3}, 'kind': 'ScalarList', 'length': 3, 'capacity': 4, 'sealed': True, 'token': {'chunk': 0, 'slot': 0}, 'ownership_word': 10, 'producer_interval': {'start': {'offset': 52148, 'end': 52156, 'line': 1044, 'column': 3}, 'end': {'offset': 52360, 'end': 52364, 'line': 1048, 'column': 3}}, 'keep': {'offset': 52360, 'end': 52364, 'line': 1048, 'column': 3}, 'active_chunk_protection': {'start': {'offset': 52360, 'end': 52364, 'line': 1048, 'column': 3}, 'end': {'offset': 52911, 'end': 52915, 'line': 1057, 'column': 3}}}, {'id': '%value.2', 'constructor': {'offset': 52402, 'end': 52410, 'line': 1049, 'column': 3}, 'kind': 'ScalarList', 'length': 2, 'capacity': 2, 'sealed': True, 'token': {'chunk': 0, 'slot': 1}, 'ownership_word': 10, 'producer_interval': {'start': {'offset': 52402, 'end': 52410, 'line': 1049, 'column': 3}, 'end': {'offset': 52641, 'end': 52645, 'line': 1054, 'column': 3}}, 'keep': {'offset': 52641, 'end': 52645, 'line': 1054, 'column': 3}, 'active_chunk_protection': {'start': {'offset': 52641, 'end': 52645, 'line': 1054, 'column': 3}, 'end': {'offset': 52911, 'end': 52915, 'line': 1057, 'column': 3}}}], 'chunks': [['%value.1', '%value.2']], 'frame': {'activation': {'offset': 51993, 'end': 51997, 'line': 1042, 'column': 3}, 'written_locals': 0, 'finalizers': 1}, 'work': {'V': 2, 'F': 2, 'Q': 0, 'R': 0, 'E': 0, 'W_full_service_component': 4}, 'external_requirements': [{'parameter': 0, 'representation': 'Bytes', 'protection': 'continuously live outside owner du",
      "observed_status": "conditional_component_certificate",
      "observed_work": 4,
      "rejection": null
    },
    {
      "record": "C_unprotected",
      "variant": "process_closed",
      "entry": ".minyar.fn.minyar_module_1_snow",
      "expected": "rejected",
      "options": {
        "conclusion": "process_closed"
      },
      "input_sha256": "b7e797c2aedf36ab4d09eefcdd29f4b0cdc5e3a5a7d2663b1982bf31b158b62e",
      "passed": false,
      "error": "AssertionError: {'boundary': {'offset': 52911, 'end': 52915, 'line': 1057, 'column': 3, 'position': 'before instruction', 'policy': 'first instruction of maximal terminal rc_step?;rc_leave;stack_leave;ret void suffix'}, 'generations': [{'id': '%value.1', 'constructor': {'offset': 52148, 'end': 52156, 'line': 1044, 'column': 3}, 'kind': 'ScalarList', 'length': 3, 'capacity': 4, 'sealed': True, 'token': {'chunk': 0, 'slot': 0}, 'ownership_word': 10, 'producer_interval': {'start': {'offset': 52148, 'end': 52156, 'line': 1044, 'column': 3}, 'end': {'offset': 52360, 'end': 52364, 'line': 1048, 'column': 3}}, 'keep': {'offset': 52360, 'end': 52364, 'line': 1048, 'column': 3}, 'active_chunk_protection': {'start': {'offset': 52360, 'end': 52364, 'line': 1048, 'column': 3}, 'end': {'offset': 52911, 'end': 52915, 'line': 1057, 'column': 3}}}, {'id': '%value.2', 'constructor': {'offset': 52402, 'end': 52410, 'line': 1049, 'column': 3}, 'kind': 'ScalarList', 'length': 2, 'capacity': 2, 'sealed': True, 'token': {'chunk': 0, 'slot': 1}, 'ownership_word': 10, 'producer_interval': {'start': {'offset': 52402, 'end': 52410, 'line': 1049, 'column': 3}, 'end': {'offset': 52641, 'end': 52645, 'line': 1054, 'column': 3}}, 'keep': {'offset': 52641, 'end': 52645, 'line': 1054, 'column': 3}, 'active_chunk_protection': {'start': {'offset': 52641, 'end': 52645, 'line': 1054, 'column': 3}, 'end': {'offset': 52911, 'end': 52915, 'line': 1057, 'column': 3}}}], 'chunks': [['%value.1', '%value.2']], 'frame': {'activation': {'offset': 51993, 'end': 51997, 'line': 1042, 'column': 3}, 'written_locals': 0, 'finalizers': 1}, 'work': {'V': 2, 'F': 2, 'Q': 0, 'R': 0, 'E': 0, 'W_full_service_component': 4}, 'external_requirements': [{'parameter': 0, 'representation': 'Bytes', 'protection': 'continuously live outside owner du",
      "observed_status": "conditional_component_certificate",
      "observed_work": 4,
      "rejection": null
    },
    {
      "record": "C_unprotected",
      "variant": "unfulfilled_conditional",
      "entry": ".minyar.fn.minyar_module_1_snow",
      "expected": 4,
      "options": {
        "external_protection": false
      },
      "input_sha256": "b7e797c2aedf36ab4d09eefcdd29f4b0cdc5e3a5a7d2663b1982bf31b158b62e",
      "passed": true,
      "error": null,
      "observed_status": "conditional_component_certificate",
      "observed_work": 4,
      "rejection": null
    },
    {
      "record": "C_outside_debt",
      "variant": "arbitrary_debt",
      "entry": ".minyar.fn.minyar_module_1_snow",
      "expected": 4,
      "options": {
        "outside_debt": "arbitrary"
      },
      "input_sha256": "b7e797c2aedf36ab4d09eefcdd29f4b0cdc5e3a5a7d2663b1982bf31b158b62e",
      "passed": true,
      "error": null,
      "observed_status": "conditional_component_certificate",
      "observed_work": 4,
      "rejection": null
    },
    {
      "record": "unsupported_corpus",
      "variant": "build",
      "entry": ".minyar.fn.minyar_module_1_build",
      "expected": "rejected",
      "options": {},
      "input_sha256": "b7e797c2aedf36ab4d09eefcdd29f4b0cdc5e3a5a7d2663b1982bf31b158b62e",
      "passed": true,
      "error": null,
      "observed_status": "rejected",
      "observed_work": null,
      "rejection": {
        "status": "rejected",
        "reason": "pointer_return_escape",
        "location": {
          "offset": 170086,
          "end": 170089,
          "line": 4152,
          "column": 3
        },
        "detail": "",
        "schema_version": 1,
        "analysis_version": "research-subset-v0"
      }
    },
    {
      "record": "unsupported_corpus",
      "variant": "drawTile",
      "entry": ".minyar.fn.minyar_module_1_drawTile",
      "expected": "rejected",
      "options": {},
      "input_sha256": "b7e797c2aedf36ab4d09eefcdd29f4b0cdc5e3a5a7d2663b1982bf31b158b62e",
      "passed": true,
      "error": null,
      "observed_status": "rejected",
      "observed_work": null,
      "rejection": {
        "status": "rejected",
        "reason": "unsupported_instruction",
        "location": {
          "offset": 70660,
          "end": 70663,
          "line": 1551,
          "column": 14
        },
        "detail": "phi",
        "schema_version": 1,
        "analysis_version": "research-subset-v0"
      }
    },
    {
      "record": "unsupported_corpus",
      "variant": "main",
      "entry": "main",
      "expected": "rejected",
      "options": {},
      "input_sha256": "b7e797c2aedf36ab4d09eefcdd29f4b0cdc5e3a5a7d2663b1982bf31b158b62e",
      "passed": true,
      "error": null,
      "observed_status": "rejected",
      "observed_work": null,
      "rejection": {
        "status": "rejected",
        "reason": "unsupported_value",
        "location": {
          "offset": 272565,
          "end": 272578,
          "line": 6638,
          "column": 64
        },
        "detail": "only singleton SSA pointer/aggregate operands",
        "schema_version": 1,
        "analysis_version": "research-subset-v0"
      }
    },
    {
      "record": "callee_effect",
      "variant": "put_rc_leave",
      "entry": ".minyar.fn.minyar_module_1_snow",
      "expected": "rejected",
      "options": {},
      "input_sha256": "ba0419accb39ac43b84851014bdc6c1a92e06f317b560636813c259e107e585e",
      "passed": false,
      "error": "AssertionError: {'boundary': {'offset': 52911, 'end': 52915, 'line': 1057, 'column': 3, 'position': 'before instruction', 'policy': 'first instruction of maximal terminal rc_step?;rc_leave;stack_leave;ret void suffix'}, 'generations': [{'id': '%value.1', 'constructor': {'offset': 52148, 'end': 52156, 'line': 1044, 'column': 3}, 'kind': 'ScalarList', 'length': 3, 'capacity': 4, 'sealed': True, 'token': {'chunk': 0, 'slot': 0}, 'ownership_word': 10, 'producer_interval': {'start': {'offset': 52148, 'end': 52156, 'line': 1044, 'column': 3}, 'end': {'offset': 52360, 'end': 52364, 'line': 1048, 'column': 3}}, 'keep': {'offset': 52360, 'end': 52364, 'line': 1048, 'column': 3}, 'active_chunk_protection': {'start': {'offset': 52360, 'end': 52364, 'line': 1048, 'column': 3}, 'end': {'offset': 52911, 'end': 52915, 'line': 1057, 'column': 3}}}, {'id': '%value.2', 'constructor': {'offset': 52402, 'end': 52410, 'line': 1049, 'column': 3}, 'kind': 'ScalarList', 'length': 2, 'capacity': 2, 'sealed': True, 'token': {'chunk': 0, 'slot': 1}, 'ownership_word': 10, 'producer_interval': {'start': {'offset': 52402, 'end': 52410, 'line': 1049, 'column': 3}, 'end': {'offset': 52641, 'end': 52645, 'line': 1054, 'column': 3}}, 'keep': {'offset': 52641, 'end': 52645, 'line': 1054, 'column': 3}, 'active_chunk_protection': {'start': {'offset': 52641, 'end': 52645, 'line': 1054, 'column': 3}, 'end': {'offset': 52911, 'end': 52915, 'line': 1057, 'column': 3}}}], 'chunks': [['%value.1', '%value.2']], 'frame': {'activation': {'offset': 51993, 'end': 51997, 'line': 1042, 'column': 3}, 'written_locals': 0, 'finalizers': 1}, 'work': {'V': 2, 'F': 2, 'Q': 0, 'R': 0, 'E': 0, 'W_full_service_component': 4}, 'external_requirements': [{'parameter': 0, 'representation': 'Bytes', 'protection': 'continuously live outside owner du",
      "observed_status": "conditional_component_certificate",
      "observed_work": 4,
      "rejection": null
    },
    {
      "record": "callee_effect",
      "variant": "unreachable_store",
      "entry": ".minyar.fn.minyar_module_1_snow",
      "expected": "rejected",
      "options": {},
      "input_sha256": "1dde12cad44a4dd5db35099b72614ece957918b12a2692bfa11283c186464f1c",
      "passed": false,
      "error": "AssertionError: {'boundary': {'offset': 52911, 'end': 52915, 'line': 1057, 'column': 3, 'position': 'before instruction', 'policy': 'first instruction of maximal terminal rc_step?;rc_leave;stack_leave;ret void suffix'}, 'generations': [{'id': '%value.1', 'constructor': {'offset': 52148, 'end': 52156, 'line': 1044, 'column': 3}, 'kind': 'ScalarList', 'length': 3, 'capacity': 4, 'sealed': True, 'token': {'chunk': 0, 'slot': 0}, 'ownership_word': 10, 'producer_interval': {'start': {'offset': 52148, 'end': 52156, 'line': 1044, 'column': 3}, 'end': {'offset': 52360, 'end': 52364, 'line': 1048, 'column': 3}}, 'keep': {'offset': 52360, 'end': 52364, 'line': 1048, 'column': 3}, 'active_chunk_protection': {'start': {'offset': 52360, 'end': 52364, 'line': 1048, 'column': 3}, 'end': {'offset': 52911, 'end': 52915, 'line': 1057, 'column': 3}}}, {'id': '%value.2', 'constructor': {'offset': 52402, 'end': 52410, 'line': 1049, 'column': 3}, 'kind': 'ScalarList', 'length': 2, 'capacity': 2, 'sealed': True, 'token': {'chunk': 0, 'slot': 1}, 'ownership_word': 10, 'producer_interval': {'start': {'offset': 52402, 'end': 52410, 'line': 1049, 'column': 3}, 'end': {'offset': 52641, 'end': 52645, 'line': 1054, 'column': 3}}, 'keep': {'offset': 52641, 'end': 52645, 'line': 1054, 'column': 3}, 'active_chunk_protection': {'start': {'offset': 52641, 'end': 52645, 'line': 1054, 'column': 3}, 'end': {'offset': 52911, 'end': 52915, 'line': 1057, 'column': 3}}}], 'chunks': [['%value.1', '%value.2']], 'frame': {'activation': {'offset': 51993, 'end': 51997, 'line': 1042, 'column': 3}, 'written_locals': 0, 'finalizers': 1}, 'work': {'V': 2, 'F': 2, 'Q': 0, 'R': 0, 'E': 0, 'W_full_service_component': 4}, 'external_requirements': [{'parameter': 0, 'representation': 'Bytes', 'protection': 'continuously live outside owner du",
      "observed_status": "conditional_component_certificate",
      "observed_work": 4,
      "rejection": null
    },
    {
      "record": "additional_parser",
      "variant": "load_width",
      "entry": ".minyar.fn.minyar_module_1_snow",
      "expected": "rejected",
      "options": {},
      "input_sha256": "0ab4fad8bd7246351bdc6e745553956393835868f50f86813a99b88cc5567bec",
      "passed": false,
      "error": "AssertionError: {'boundary': {'offset': 52911, 'end': 52915, 'line': 1057, 'column': 3, 'position': 'before instruction', 'policy': 'first instruction of maximal terminal rc_step?;rc_leave;stack_leave;ret void suffix'}, 'generations': [{'id': '%value.1', 'constructor': {'offset': 52148, 'end': 52156, 'line': 1044, 'column': 3}, 'kind': 'ScalarList', 'length': 3, 'capacity': 4, 'sealed': True, 'token': {'chunk': 0, 'slot': 0}, 'ownership_word': 10, 'producer_interval': {'start': {'offset': 52148, 'end': 52156, 'line': 1044, 'column': 3}, 'end': {'offset': 52360, 'end': 52364, 'line': 1048, 'column': 3}}, 'keep': {'offset': 52360, 'end': 52364, 'line': 1048, 'column': 3}, 'active_chunk_protection': {'start': {'offset': 52360, 'end': 52364, 'line': 1048, 'column': 3}, 'end': {'offset': 52911, 'end': 52915, 'line': 1057, 'column': 3}}}, {'id': '%value.2', 'constructor': {'offset': 52402, 'end': 52410, 'line': 1049, 'column': 3}, 'kind': 'ScalarList', 'length': 2, 'capacity': 2, 'sealed': True, 'token': {'chunk': 0, 'slot': 1}, 'ownership_word': 10, 'producer_interval': {'start': {'offset': 52402, 'end': 52410, 'line': 1049, 'column': 3}, 'end': {'offset': 52641, 'end': 52645, 'line': 1054, 'column': 3}}, 'keep': {'offset': 52641, 'end': 52645, 'line': 1054, 'column': 3}, 'active_chunk_protection': {'start': {'offset': 52641, 'end': 52645, 'line': 1054, 'column': 3}, 'end': {'offset': 52911, 'end': 52915, 'line': 1057, 'column': 3}}}], 'chunks': [['%value.1', '%value.2']], 'frame': {'activation': {'offset': 51993, 'end': 51997, 'line': 1042, 'column': 3}, 'written_locals': 0, 'finalizers': 1}, 'work': {'V': 2, 'F': 2, 'Q': 0, 'R': 0, 'E': 0, 'W_full_service_component': 4}, 'external_requirements': [{'parameter': 0, 'representation': 'Bytes', 'protection': 'continuously live outside owner du",
      "observed_status": "conditional_component_certificate",
      "observed_work": 4,
      "rejection": null
    },
    {
      "record": "additional_parser",
      "variant": "base_operand_type",
      "entry": ".minyar.fn.minyar_module_1_snow",
      "expected": "rejected",
      "options": {},
      "input_sha256": "84827e791c3bc1ded384179e6d84a85268f58eebec60a151fccdfe41b5e85c7e",
      "passed": false,
      "error": "AssertionError: {'boundary': {'offset': 52911, 'end': 52915, 'line': 1057, 'column': 3, 'position': 'before instruction', 'policy': 'first instruction of maximal terminal rc_step?;rc_leave;stack_leave;ret void suffix'}, 'generations': [{'id': '%value.1', 'constructor': {'offset': 52148, 'end': 52156, 'line': 1044, 'column': 3}, 'kind': 'ScalarList', 'length': 3, 'capacity': 4, 'sealed': True, 'token': {'chunk': 0, 'slot': 0}, 'ownership_word': 10, 'producer_interval': {'start': {'offset': 52148, 'end': 52156, 'line': 1044, 'column': 3}, 'end': {'offset': 52360, 'end': 52364, 'line': 1048, 'column': 3}}, 'keep': {'offset': 52360, 'end': 52364, 'line': 1048, 'column': 3}, 'active_chunk_protection': {'start': {'offset': 52360, 'end': 52364, 'line': 1048, 'column': 3}, 'end': {'offset': 52911, 'end': 52915, 'line': 1057, 'column': 3}}}, {'id': '%value.2', 'constructor': {'offset': 52402, 'end': 52410, 'line': 1049, 'column': 3}, 'kind': 'ScalarList', 'length': 2, 'capacity': 2, 'sealed': True, 'token': {'chunk': 0, 'slot': 1}, 'ownership_word': 10, 'producer_interval': {'start': {'offset': 52402, 'end': 52410, 'line': 1049, 'column': 3}, 'end': {'offset': 52641, 'end': 52645, 'line': 1054, 'column': 3}}, 'keep': {'offset': 52641, 'end': 52645, 'line': 1054, 'column': 3}, 'active_chunk_protection': {'start': {'offset': 52641, 'end': 52645, 'line': 1054, 'column': 3}, 'end': {'offset': 52911, 'end': 52915, 'line': 1057, 'column': 3}}}], 'chunks': [['%value.1', '%value.2']], 'frame': {'activation': {'offset': 51993, 'end': 51997, 'line': 1042, 'column': 3}, 'written_locals': 0, 'finalizers': 1}, 'work': {'V': 2, 'F': 2, 'Q': 0, 'R': 0, 'E': 0, 'W_full_service_component': 4}, 'external_requirements': [{'parameter': 0, 'representation': 'Bytes', 'protection': 'continuously live outside owner du",
      "observed_status": "conditional_component_certificate",
      "observed_work": 4,
      "rejection": null
    },
    {
      "record": "additional_parser",
      "variant": "uninitialized",
      "entry": ".minyar.fn.minyar_module_1_snow",
      "expected": "rejected",
      "options": {},
      "input_sha256": "f1f5cb642bfc07179e23082af92b2a2963953fce585431592bc1fa42bb8251f0",
      "passed": false,
      "error": "AssertionError: {'boundary': {'offset': 52911, 'end': 52915, 'line': 1057, 'column': 3, 'position': 'before instruction', 'policy': 'first instruction of maximal terminal rc_step?;rc_leave;stack_leave;ret void suffix'}, 'generations': [{'id': '%value.1', 'constructor': {'offset': 52148, 'end': 52156, 'line': 1044, 'column': 3}, 'kind': 'ScalarList', 'length': 3, 'capacity': 4, 'sealed': True, 'token': {'chunk': 0, 'slot': 0}, 'ownership_word': 10, 'producer_interval': {'start': {'offset': 52148, 'end': 52156, 'line': 1044, 'column': 3}, 'end': {'offset': 52360, 'end': 52364, 'line': 1048, 'column': 3}}, 'keep': {'offset': 52360, 'end': 52364, 'line': 1048, 'column': 3}, 'active_chunk_protection': {'start': {'offset': 52360, 'end': 52364, 'line': 1048, 'column': 3}, 'end': {'offset': 52911, 'end': 52915, 'line': 1057, 'column': 3}}}, {'id': '%value.2', 'constructor': {'offset': 52402, 'end': 52410, 'line': 1049, 'column': 3}, 'kind': 'ScalarList', 'length': 2, 'capacity': 2, 'sealed': True, 'token': {'chunk': 0, 'slot': 1}, 'ownership_word': 10, 'producer_interval': {'start': {'offset': 52402, 'end': 52410, 'line': 1049, 'column': 3}, 'end': {'offset': 52641, 'end': 52645, 'line': 1054, 'column': 3}}, 'keep': {'offset': 52641, 'end': 52645, 'line': 1054, 'column': 3}, 'active_chunk_protection': {'start': {'offset': 52641, 'end': 52645, 'line': 1054, 'column': 3}, 'end': {'offset': 52911, 'end': 52915, 'line': 1057, 'column': 3}}}], 'chunks': [['%value.1', '%value.2']], 'frame': {'activation': {'offset': 51993, 'end': 51997, 'line': 1042, 'column': 3}, 'written_locals': 0, 'finalizers': 1}, 'work': {'V': 2, 'F': 2, 'Q': 0, 'R': 0, 'E': 0, 'W_full_service_component': 4}, 'external_requirements': [{'parameter': 0, 'representation': 'Bytes', 'protection': 'continuously live outside owner du",
      "observed_status": "conditional_component_certificate",
      "observed_work": 4,
      "rejection": null
    },
    {
      "record": "additional_parser",
      "variant": "cell_escape",
      "entry": ".minyar.fn.minyar_module_1_snow",
      "expected": "rejected",
      "options": {},
      "input_sha256": "b29cacb1c9691b52743921b1c8d530340c61d4240e5d294822d10a22d5a831e4",
      "passed": false,
      "error": "AssertionError: {'boundary': {'offset': 52911, 'end': 52915, 'line': 1057, 'column': 3, 'position': 'before instruction', 'policy': 'first instruction of maximal terminal rc_step?;rc_leave;stack_leave;ret void suffix'}, 'generations': [{'id': '%value.1', 'constructor': {'offset': 52148, 'end': 52156, 'line': 1044, 'column': 3}, 'kind': 'ScalarList', 'length': 3, 'capacity': 4, 'sealed': True, 'token': {'chunk': 0, 'slot': 0}, 'ownership_word': 10, 'producer_interval': {'start': {'offset': 52148, 'end': 52156, 'line': 1044, 'column': 3}, 'end': {'offset': 52360, 'end': 52364, 'line': 1048, 'column': 3}}, 'keep': {'offset': 52360, 'end': 52364, 'line': 1048, 'column': 3}, 'active_chunk_protection': {'start': {'offset': 52360, 'end': 52364, 'line': 1048, 'column': 3}, 'end': {'offset': 52911, 'end': 52915, 'line': 1057, 'column': 3}}}, {'id': '%value.2', 'constructor': {'offset': 52402, 'end': 52410, 'line': 1049, 'column': 3}, 'kind': 'ScalarList', 'length': 2, 'capacity': 2, 'sealed': True, 'token': {'chunk': 0, 'slot': 1}, 'ownership_word': 10, 'producer_interval': {'start': {'offset': 52402, 'end': 52410, 'line': 1049, 'column': 3}, 'end': {'offset': 52641, 'end': 52645, 'line': 1054, 'column': 3}}, 'keep': {'offset': 52641, 'end': 52645, 'line': 1054, 'column': 3}, 'active_chunk_protection': {'start': {'offset': 52641, 'end': 52645, 'line': 1054, 'column': 3}, 'end': {'offset': 52911, 'end': 52915, 'line': 1057, 'column': 3}}}], 'chunks': [['%value.1', '%value.2']], 'frame': {'activation': {'offset': 51993, 'end': 51997, 'line': 1042, 'column': 3}, 'written_locals': 0, 'finalizers': 1}, 'work': {'V': 2, 'F': 2, 'Q': 0, 'R': 0, 'E': 0, 'W_full_service_component': 4}, 'external_requirements': [{'parameter': 0, 'representation': 'Bytes', 'protection': 'continuously live outside owner du",
      "observed_status": "conditional_component_certificate",
      "observed_work": 4,
      "rejection": null
    },
    {
      "record": "additional_parser",
      "variant": "nested_type",
      "entry": "component",
      "expected": "rejected",
      "options": {},
      "input_sha256": "72df40960727c1a5c584b8bb24907034a336b3825c3f905ee7828202b587ef06",
      "passed": true,
      "error": null,
      "observed_status": "rejected",
      "observed_work": null,
      "rejection": {
        "status": "rejected",
        "reason": "malformed_grammar",
        "location": {
          "offset": 454,
          "end": 455,
          "line": 15,
          "column": 43
        },
        "detail": "expected }",
        "schema_version": 1,
        "analysis_version": "research-subset-v0"
      }
    },
    {
      "record": "additional_dataflow",
      "variant": "entry_uninitialized",
      "entry": ".minyar.fn.minyar_module_1_snow",
      "expected": "rejected",
      "options": {},
      "input_sha256": "d825794da50e4fc30fc4de894a75095cd390aa37161a2b48a7d1398c8f24f150",
      "passed": false,
      "error": "AssertionError: {'boundary': {'offset': 52911, 'end': 52915, 'line': 1057, 'column': 3, 'position': 'before instruction', 'policy': 'first instruction of maximal terminal rc_step?;rc_leave;stack_leave;ret void suffix'}, 'generations': [{'id': '%value.1', 'constructor': {'offset': 52148, 'end': 52156, 'line': 1044, 'column': 3}, 'kind': 'ScalarList', 'length': 3, 'capacity': 4, 'sealed': True, 'token': {'chunk': 0, 'slot': 0}, 'ownership_word': 10, 'producer_interval': {'start': {'offset': 52148, 'end': 52156, 'line': 1044, 'column': 3}, 'end': {'offset': 52360, 'end': 52364, 'line': 1048, 'column': 3}}, 'keep': {'offset': 52360, 'end': 52364, 'line': 1048, 'column': 3}, 'active_chunk_protection': {'start': {'offset': 52360, 'end': 52364, 'line': 1048, 'column': 3}, 'end': {'offset': 52911, 'end': 52915, 'line': 1057, 'column': 3}}}, {'id': '%value.2', 'constructor': {'offset': 52402, 'end': 52410, 'line': 1049, 'column': 3}, 'kind': 'ScalarList', 'length': 2, 'capacity': 2, 'sealed': True, 'token': {'chunk': 0, 'slot': 1}, 'ownership_word': 10, 'producer_interval': {'start': {'offset': 52402, 'end': 52410, 'line': 1049, 'column': 3}, 'end': {'offset': 52641, 'end': 52645, 'line': 1054, 'column': 3}}, 'keep': {'offset': 52641, 'end': 52645, 'line': 1054, 'column': 3}, 'active_chunk_protection': {'start': {'offset': 52641, 'end': 52645, 'line': 1054, 'column': 3}, 'end': {'offset': 52911, 'end': 52915, 'line': 1057, 'column': 3}}}], 'chunks': [['%value.1', '%value.2']], 'frame': {'activation': {'offset': 51993, 'end': 51997, 'line': 1042, 'column': 3}, 'written_locals': 0, 'finalizers': 1}, 'work': {'V': 2, 'F': 2, 'Q': 0, 'R': 0, 'E': 0, 'W_full_service_component': 4}, 'external_requirements': [{'parameter': 0, 'representation': 'Bytes', 'protection': 'continuously live outside owner du",
      "observed_status": "conditional_component_certificate",
      "observed_work": 4,
      "rejection": null
    },
    {
      "record": "additional_dataflow",
      "variant": "late_enter",
      "entry": ".minyar.fn.minyar_module_1_snow",
      "expected": "rejected",
      "options": {},
      "input_sha256": "c0e2b6f545a7001e4f0256779815c815130a20208a71a20911ef4ea121f30e21",
      "passed": false,
      "error": "AssertionError: {'boundary': {'offset': 52911, 'end': 52915, 'line': 1057, 'column': 3, 'position': 'before instruction', 'policy': 'first instruction of maximal terminal rc_step?;rc_leave;stack_leave;ret void suffix'}, 'generations': [{'id': '%value.1', 'constructor': {'offset': 52148, 'end': 52156, 'line': 1044, 'column': 3}, 'kind': 'ScalarList', 'length': 3, 'capacity': 4, 'sealed': True, 'token': {'chunk': 0, 'slot': 0}, 'ownership_word': 10, 'producer_interval': {'start': {'offset': 52148, 'end': 52156, 'line': 1044, 'column': 3}, 'end': {'offset': 52360, 'end': 52364, 'line': 1048, 'column': 3}}, 'keep': {'offset': 52360, 'end': 52364, 'line': 1048, 'column': 3}, 'active_chunk_protection': {'start': {'offset': 52360, 'end': 52364, 'line': 1048, 'column': 3}, 'end': {'offset': 52911, 'end': 52915, 'line': 1057, 'column': 3}}}, {'id': '%value.2', 'constructor': {'offset': 52402, 'end': 52410, 'line': 1049, 'column': 3}, 'kind': 'ScalarList', 'length': 2, 'capacity': 2, 'sealed': True, 'token': {'chunk': 0, 'slot': 1}, 'ownership_word': 10, 'producer_interval': {'start': {'offset': 52402, 'end': 52410, 'line': 1049, 'column': 3}, 'end': {'offset': 52641, 'end': 52645, 'line': 1054, 'column': 3}}, 'keep': {'offset': 52641, 'end': 52645, 'line': 1054, 'column': 3}, 'active_chunk_protection': {'start': {'offset': 52641, 'end': 52645, 'line': 1054, 'column': 3}, 'end': {'offset': 52911, 'end': 52915, 'line': 1057, 'column': 3}}}], 'chunks': [['%value.1', '%value.2']], 'frame': {'activation': {'offset': 51993, 'end': 51997, 'line': 1042, 'column': 3}, 'written_locals': 0, 'finalizers': 1}, 'work': {'V': 2, 'F': 2, 'Q': 0, 'R': 0, 'E': 0, 'W_full_service_component': 4}, 'external_requirements': [{'parameter': 0, 'representation': 'Bytes', 'protection': 'continuously live outside owner du",
      "observed_status": "conditional_component_certificate",
      "observed_work": 4,
      "rejection": null
    },
    {
      "record": "additional_dataflow",
      "variant": "detached_guard_leave",
      "entry": ".minyar.fn.minyar_module_1_snow",
      "expected": "rejected",
      "options": {},
      "input_sha256": "e13e8913bee86cf70ef0d7d4dfd859a673a095f5ab9ae5b4c8dd7ab3e2b0b37c",
      "passed": false,
      "error": "AssertionError: {'boundary': {'offset': 52911, 'end': 52915, 'line': 1057, 'column': 3, 'position': 'before instruction', 'policy': 'first instruction of maximal terminal rc_step?;rc_leave;stack_leave;ret void suffix'}, 'generations': [{'id': '%value.1', 'constructor': {'offset': 52148, 'end': 52156, 'line': 1044, 'column': 3}, 'kind': 'ScalarList', 'length': 3, 'capacity': 4, 'sealed': True, 'token': {'chunk': 0, 'slot': 0}, 'ownership_word': 10, 'producer_interval': {'start': {'offset': 52148, 'end': 52156, 'line': 1044, 'column': 3}, 'end': {'offset': 52360, 'end': 52364, 'line': 1048, 'column': 3}}, 'keep': {'offset': 52360, 'end': 52364, 'line': 1048, 'column': 3}, 'active_chunk_protection': {'start': {'offset': 52360, 'end': 52364, 'line': 1048, 'column': 3}, 'end': {'offset': 52911, 'end': 52915, 'line': 1057, 'column': 3}}}, {'id': '%value.2', 'constructor': {'offset': 52402, 'end': 52410, 'line': 1049, 'column': 3}, 'kind': 'ScalarList', 'length': 2, 'capacity': 2, 'sealed': True, 'token': {'chunk': 0, 'slot': 1}, 'ownership_word': 10, 'producer_interval': {'start': {'offset': 52402, 'end': 52410, 'line': 1049, 'column': 3}, 'end': {'offset': 52641, 'end': 52645, 'line': 1054, 'column': 3}}, 'keep': {'offset': 52641, 'end': 52645, 'line': 1054, 'column': 3}, 'active_chunk_protection': {'start': {'offset': 52641, 'end': 52645, 'line': 1054, 'column': 3}, 'end': {'offset': 52911, 'end': 52915, 'line': 1057, 'column': 3}}}], 'chunks': [['%value.1', '%value.2']], 'frame': {'activation': {'offset': 51993, 'end': 51997, 'line': 1042, 'column': 3}, 'written_locals': 0, 'finalizers': 1}, 'work': {'V': 2, 'F': 2, 'Q': 0, 'R': 0, 'E': 0, 'W_full_service_component': 4}, 'external_requirements': [{'parameter': 0, 'representation': 'Bytes', 'protection': 'continuously live outside owner du",
      "observed_status": "conditional_component_certificate",
      "observed_work": 4,
      "rejection": null
    },
    {
      "record": "additional_loop",
      "variant": "write_in_returning_arm",
      "entry": ".minyar.fn.minyar_module_1_snow",
      "expected": "rejected",
      "options": {},
      "input_sha256": "6991de987d34e597ccd848c1ebbc8993ddc12a2e29cc241a9110c58fda8657da",
      "passed": false,
      "error": "AssertionError: {'boundary': {'offset': 52911, 'end': 52915, 'line': 1057, 'column': 3, 'position': 'before instruction', 'policy': 'first instruction of maximal terminal rc_step?;rc_leave;stack_leave;ret void suffix'}, 'generations': [{'id': '%value.1', 'constructor': {'offset': 52148, 'end': 52156, 'line': 1044, 'column': 3}, 'kind': 'ScalarList', 'length': 3, 'capacity': 4, 'sealed': True, 'token': {'chunk': 0, 'slot': 0}, 'ownership_word': 10, 'producer_interval': {'start': {'offset': 52148, 'end': 52156, 'line': 1044, 'column': 3}, 'end': {'offset': 52360, 'end': 52364, 'line': 1048, 'column': 3}}, 'keep': {'offset': 52360, 'end': 52364, 'line': 1048, 'column': 3}, 'active_chunk_protection': {'start': {'offset': 52360, 'end': 52364, 'line': 1048, 'column': 3}, 'end': {'offset': 52911, 'end': 52915, 'line': 1057, 'column': 3}}}, {'id': '%value.2', 'constructor': {'offset': 52402, 'end': 52410, 'line': 1049, 'column': 3}, 'kind': 'ScalarList', 'length': 2, 'capacity': 2, 'sealed': True, 'token': {'chunk': 0, 'slot': 1}, 'ownership_word': 10, 'producer_interval': {'start': {'offset': 52402, 'end': 52410, 'line': 1049, 'column': 3}, 'end': {'offset': 52641, 'end': 52645, 'line': 1054, 'column': 3}}, 'keep': {'offset': 52641, 'end': 52645, 'line': 1054, 'column': 3}, 'active_chunk_protection': {'start': {'offset': 52641, 'end': 52645, 'line': 1054, 'column': 3}, 'end': {'offset': 52911, 'end': 52915, 'line': 1057, 'column': 3}}}], 'chunks': [['%value.1', '%value.2']], 'frame': {'activation': {'offset': 51993, 'end': 51997, 'line': 1042, 'column': 3}, 'written_locals': 0, 'finalizers': 1}, 'work': {'V': 2, 'F': 2, 'Q': 0, 'R': 0, 'E': 0, 'W_full_service_component': 4}, 'external_requirements': [{'parameter': 0, 'representation': 'Bytes', 'protection': 'continuously live outside owner du",
      "observed_status": "conditional_component_certificate",
      "observed_work": 4,
      "rejection": null
    },
    {
      "record": "additional_loop",
      "variant": "write_distinct_bytes_in_returning_arm",
      "entry": ".minyar.fn.minyar_module_1_snow",
      "expected": "rejected",
      "options": {},
      "input_sha256": "6e4e9e26ecc58e781e2d96d96faf7a29b3235c7094e11fcae9c208eb91d97a41",
      "passed": false,
      "error": "AssertionError: {'boundary': {'offset': 52911, 'end': 52915, 'line': 1057, 'column': 3, 'position': 'before instruction', 'policy': 'first instruction of maximal terminal rc_step?;rc_leave;stack_leave;ret void suffix'}, 'generations': [{'id': '%value.1', 'constructor': {'offset': 52148, 'end': 52156, 'line': 1044, 'column': 3}, 'kind': 'ScalarList', 'length': 3, 'capacity': 4, 'sealed': True, 'token': {'chunk': 0, 'slot': 0}, 'ownership_word': 10, 'producer_interval': {'start': {'offset': 52148, 'end': 52156, 'line': 1044, 'column': 3}, 'end': {'offset': 52360, 'end': 52364, 'line': 1048, 'column': 3}}, 'keep': {'offset': 52360, 'end': 52364, 'line': 1048, 'column': 3}, 'active_chunk_protection': {'start': {'offset': 52360, 'end': 52364, 'line': 1048, 'column': 3}, 'end': {'offset': 52911, 'end': 52915, 'line': 1057, 'column': 3}}}, {'id': '%value.2', 'constructor': {'offset': 52402, 'end': 52410, 'line': 1049, 'column': 3}, 'kind': 'ScalarList', 'length': 2, 'capacity': 2, 'sealed': True, 'token': {'chunk': 0, 'slot': 1}, 'ownership_word': 10, 'producer_interval': {'start': {'offset': 52402, 'end': 52410, 'line': 1049, 'column': 3}, 'end': {'offset': 52641, 'end': 52645, 'line': 1054, 'column': 3}}, 'keep': {'offset': 52641, 'end': 52645, 'line': 1054, 'column': 3}, 'active_chunk_protection': {'start': {'offset': 52641, 'end': 52645, 'line': 1054, 'column': 3}, 'end': {'offset': 52911, 'end': 52915, 'line': 1057, 'column': 3}}}], 'chunks': [['%value.1', '%value.2']], 'frame': {'activation': {'offset': 51993, 'end': 51997, 'line': 1042, 'column': 3}, 'written_locals': 0, 'finalizers': 1}, 'work': {'V': 2, 'F': 2, 'Q': 0, 'R': 0, 'E': 0, 'W_full_service_component': 4}, 'external_requirements': [{'parameter': 0, 'representation': 'Bytes', 'protection': 'continuously live outside owner du",
      "observed_status": "conditional_component_certificate",
      "observed_work": 4,
      "rejection": null
    },
    {
      "record": "additional_loop",
      "variant": "wrapper_substitution",
      "entry": ".minyar.fn.minyar_module_1_snow",
      "expected": 4,
      "options": {},
      "input_sha256": "fd559ebe533d2ccdeb00787576318700941b80a7637dfa635676d09e49c74a3c",
      "passed": false,
      "error": "AssertionError: ",
      "observed_status": "conditional_component_certificate",
      "observed_work": 4,
      "rejection": null
    },
    {
      "record": "additional_loop",
      "variant": "latch_nsw_wrong",
      "entry": ".minyar.fn.minyar_module_1_snow",
      "expected": "rejected",
      "options": {},
      "input_sha256": "893c8e81cade28c16ec3e362af888380e5e0ae58e1821fde98a37c5f103c882c",
      "passed": false,
      "error": "AssertionError: {'boundary': {'offset': 52911, 'end': 52915, 'line': 1057, 'column': 3, 'position': 'before instruction', 'policy': 'first instruction of maximal terminal rc_step?;rc_leave;stack_leave;ret void suffix'}, 'generations': [{'id': '%value.1', 'constructor': {'offset': 52148, 'end': 52156, 'line': 1044, 'column': 3}, 'kind': 'ScalarList', 'length': 3, 'capacity': 4, 'sealed': True, 'token': {'chunk': 0, 'slot': 0}, 'ownership_word': 10, 'producer_interval': {'start': {'offset': 52148, 'end': 52156, 'line': 1044, 'column': 3}, 'end': {'offset': 52360, 'end': 52364, 'line': 1048, 'column': 3}}, 'keep': {'offset': 52360, 'end': 52364, 'line': 1048, 'column': 3}, 'active_chunk_protection': {'start': {'offset': 52360, 'end': 52364, 'line': 1048, 'column': 3}, 'end': {'offset': 52911, 'end': 52915, 'line': 1057, 'column': 3}}}, {'id': '%value.2', 'constructor': {'offset': 52402, 'end': 52410, 'line': 1049, 'column': 3}, 'kind': 'ScalarList', 'length': 2, 'capacity': 2, 'sealed': True, 'token': {'chunk': 0, 'slot': 1}, 'ownership_word': 10, 'producer_interval': {'start': {'offset': 52402, 'end': 52410, 'line': 1049, 'column': 3}, 'end': {'offset': 52641, 'end': 52645, 'line': 1054, 'column': 3}}, 'keep': {'offset': 52641, 'end': 52645, 'line': 1054, 'column': 3}, 'active_chunk_protection': {'start': {'offset': 52641, 'end': 52645, 'line': 1054, 'column': 3}, 'end': {'offset': 52911, 'end': 52915, 'line': 1057, 'column': 3}}}], 'chunks': [['%value.1', '%value.2']], 'frame': {'activation': {'offset': 51993, 'end': 51997, 'line': 1042, 'column': 3}, 'written_locals': 0, 'finalizers': 1}, 'work': {'V': 2, 'F': 2, 'Q': 0, 'R': 0, 'E': 0, 'W_full_service_component': 4}, 'external_requirements': [{'parameter': 0, 'representation': 'Bytes', 'protection': 'continuously live outside owner du",
      "observed_status": "conditional_component_certificate",
      "observed_work": 4,
      "rejection": null
    },
    {
      "record": "N_arithmetic",
      "variant": "block_limit",
      "entry": "component",
      "expected": "rejected",
      "options": {},
      "input_sha256": "d71cccfdad79b882c0bb6d935ae22bb596024f654ff6cc3bba61ffd56be7d5e2",
      "passed": true,
      "error": null,
      "observed_status": "rejected",
      "observed_work": null,
      "rejection": {
        "status": "rejected",
        "reason": "analysis_limit",
        "location": {
          "offset": 5185,
          "end": 5189,
          "line": 514,
          "column": 1
        },
        "detail": "block limit",
        "schema_version": 1,
        "analysis_version": "research-subset-v0"
      }
    },
    {
      "record": "N_arithmetic",
      "variant": "instruction_limit",
      "entry": "component",
      "expected": "rejected",
      "options": {},
      "input_sha256": "f89e865d1a60fa42b963cd637df295a66b9f63012d0a90cd1d427ddd86e0c24e",
      "passed": true,
      "error": null,
      "observed_status": "rejected",
      "observed_work": null,
      "rejection": {
        "status": "rejected",
        "reason": "analysis_limit",
        "location": {
          "offset": 274,
          "end": 280,
          "line": 10,
          "column": 1
        },
        "detail": "selected instruction limit",
        "schema_version": 1,
        "analysis_version": "research-subset-v0"
      }
    },
    {
      "record": "N_arithmetic",
      "variant": "definition_limit",
      "entry": "f0",
      "expected": "rejected",
      "options": {},
      "input_sha256": "e5059fc451bec208ffc08f2b617687fb9d4f3116b076dc08516d9cf5ed63b8fd",
      "passed": true,
      "error": null,
      "observed_status": "rejected",
      "observed_work": null,
      "rejection": {
        "status": "rejected",
        "reason": "analysis_limit",
        "location": {
          "offset": 7206,
          "end": 7212,
          "line": 641,
          "column": 1
        },
        "detail": "selected definition limit",
        "schema_version": 1,
        "analysis_version": "research-subset-v0"
      }
    },
    {
      "record": "N_arithmetic",
      "variant": "token_limit",
      "entry": "component",
      "expected": "rejected",
      "options": {},
      "input_sha256": "f5379c28f9366efe11c0b89feb633b61a954b5dd5490a21a469edef14393e5c2",
      "passed": true,
      "error": null,
      "observed_status": "rejected",
      "observed_work": null,
      "rejection": {
        "status": "rejected",
        "reason": "analysis_limit",
        "location": {
          "offset": 1000000,
          "end": 1000001,
          "line": 1,
          "column": 1000001
        },
        "detail": "token limit",
        "schema_version": 1,
        "analysis_version": "research-subset-v0"
      }
    },
    {
      "record": "additional_dataflow",
      "variant": "branch_uninitialized",
      "entry": "component",
      "expected": "rejected",
      "options": {},
      "input_sha256": "8ee0142ada178cafdd730b0d55f1102bc1cf30083c043f3d4740baee9eed20cd",
      "passed": true,
      "error": null,
      "observed_status": "rejected",
      "observed_work": null,
      "rejection": {
        "status": "rejected",
        "reason": "uninitialized_cell",
        "location": {
          "offset": 162,
          "end": 167,
          "line": 11,
          "column": 1
        },
        "detail": "",
        "schema_version": 1,
        "analysis_version": "research-subset-v0"
      }
    },
    {
      "record": "additional_positive",
      "variant": "branch_initialized",
      "entry": "component",
      "expected": 3,
      "options": {},
      "input_sha256": "77c7243a25b2fd756323288bb7d3ae8609fb1e5122f54de21b89e05679c4ce2a",
      "passed": true,
      "error": null,
      "observed_status": "conditional_component_certificate",
      "observed_work": 3,
      "rejection": null
    },
    {
      "record": "N_grammar",
      "variant": "varargs",
      "entry": ".minyar.fn.minyar_module_1_snow",
      "expected": "rejected",
      "options": {},
      "input_sha256": "54f4690b262ab3c1d093fcbdc34cd2346d54a1e0e2796f9bba560b2957f3333c",
      "passed": false,
      "error": "AssertionError: {'boundary': {'offset': 52911, 'end': 52915, 'line': 1057, 'column': 3, 'position': 'before instruction', 'policy': 'first instruction of maximal terminal rc_step?;rc_leave;stack_leave;ret void suffix'}, 'generations': [{'id': '%value.1', 'constructor': {'offset': 52148, 'end': 52156, 'line': 1044, 'column': 3}, 'kind': 'ScalarList', 'length': 3, 'capacity': 4, 'sealed': True, 'token': {'chunk': 0, 'slot': 0}, 'ownership_word': 10, 'producer_interval': {'start': {'offset': 52148, 'end': 52156, 'line': 1044, 'column': 3}, 'end': {'offset': 52360, 'end': 52364, 'line': 1048, 'column': 3}}, 'keep': {'offset': 52360, 'end': 52364, 'line': 1048, 'column': 3}, 'active_chunk_protection': {'start': {'offset': 52360, 'end': 52364, 'line': 1048, 'column': 3}, 'end': {'offset': 52911, 'end': 52915, 'line': 1057, 'column': 3}}}, {'id': '%value.2', 'constructor': {'offset': 52402, 'end': 52410, 'line': 1049, 'column': 3}, 'kind': 'ScalarList', 'length': 2, 'capacity': 2, 'sealed': True, 'token': {'chunk': 0, 'slot': 1}, 'ownership_word': 10, 'producer_interval': {'start': {'offset': 52402, 'end': 52410, 'line': 1049, 'column': 3}, 'end': {'offset': 52641, 'end': 52645, 'line': 1054, 'column': 3}}, 'keep': {'offset': 52641, 'end': 52645, 'line': 1054, 'column': 3}, 'active_chunk_protection': {'start': {'offset': 52641, 'end': 52645, 'line': 1054, 'column': 3}, 'end': {'offset': 52911, 'end': 52915, 'line': 1057, 'column': 3}}}], 'chunks': [['%value.1', '%value.2']], 'frame': {'activation': {'offset': 51993, 'end': 51997, 'line': 1042, 'column': 3}, 'written_locals': 0, 'finalizers': 1}, 'work': {'V': 2, 'F': 2, 'Q': 0, 'R': 0, 'E': 0, 'W_full_service_component': 4}, 'external_requirements': [{'parameter': 0, 'representation': 'Bytes', 'protection': 'continuously live outside owner du",
      "observed_status": "conditional_component_certificate",
      "observed_work": 4,
      "rejection": null
    },
    {
      "record": "N_grammar",
      "variant": "attribute_group",
      "entry": ".minyar.fn.minyar_module_1_snow",
      "expected": "rejected",
      "options": {},
      "input_sha256": "81465f062c0c65140e25688c65e8739d2dc8eddbfb82c207d144101319386f7f",
      "passed": false,
      "error": "AssertionError: {'boundary': {'offset': 52911, 'end': 52915, 'line': 1057, 'column': 3, 'position': 'before instruction', 'policy': 'first instruction of maximal terminal rc_step?;rc_leave;stack_leave;ret void suffix'}, 'generations': [{'id': '%value.1', 'constructor': {'offset': 52148, 'end': 52156, 'line': 1044, 'column': 3}, 'kind': 'ScalarList', 'length': 3, 'capacity': 4, 'sealed': True, 'token': {'chunk': 0, 'slot': 0}, 'ownership_word': 10, 'producer_interval': {'start': {'offset': 52148, 'end': 52156, 'line': 1044, 'column': 3}, 'end': {'offset': 52360, 'end': 52364, 'line': 1048, 'column': 3}}, 'keep': {'offset': 52360, 'end': 52364, 'line': 1048, 'column': 3}, 'active_chunk_protection': {'start': {'offset': 52360, 'end': 52364, 'line': 1048, 'column': 3}, 'end': {'offset': 52911, 'end': 52915, 'line': 1057, 'column': 3}}}, {'id': '%value.2', 'constructor': {'offset': 52402, 'end': 52410, 'line': 1049, 'column': 3}, 'kind': 'ScalarList', 'length': 2, 'capacity': 2, 'sealed': True, 'token': {'chunk': 0, 'slot': 1}, 'ownership_word': 10, 'producer_interval': {'start': {'offset': 52402, 'end': 52410, 'line': 1049, 'column': 3}, 'end': {'offset': 52641, 'end': 52645, 'line': 1054, 'column': 3}}, 'keep': {'offset': 52641, 'end': 52645, 'line': 1054, 'column': 3}, 'active_chunk_protection': {'start': {'offset': 52641, 'end': 52645, 'line': 1054, 'column': 3}, 'end': {'offset': 52911, 'end': 52915, 'line': 1057, 'column': 3}}}], 'chunks': [['%value.1', '%value.2']], 'frame': {'activation': {'offset': 51993, 'end': 51997, 'line': 1042, 'column': 3}, 'written_locals': 0, 'finalizers': 1}, 'work': {'V': 2, 'F': 2, 'Q': 0, 'R': 0, 'E': 0, 'W_full_service_component': 4}, 'external_requirements': [{'parameter': 0, 'representation': 'Bytes', 'protection': 'continuously live outside owner du",
      "observed_status": "conditional_component_certificate",
      "observed_work": 4,
      "rejection": null
    },
    {
      "record": "N_grammar",
      "variant": "metadata",
      "entry": ".minyar.fn.minyar_module_1_snow",
      "expected": "rejected",
      "options": {},
      "input_sha256": "af469e7cd35370d754d67875e7e55a692c031006d46b3f4b667f34716a9ed0dc",
      "passed": false,
      "error": "AssertionError: {'boundary': {'offset': 52911, 'end': 52915, 'line': 1057, 'column': 3, 'position': 'before instruction', 'policy': 'first instruction of maximal terminal rc_step?;rc_leave;stack_leave;ret void suffix'}, 'generations': [{'id': '%value.1', 'constructor': {'offset': 52148, 'end': 52156, 'line': 1044, 'column': 3}, 'kind': 'ScalarList', 'length': 3, 'capacity': 4, 'sealed': True, 'token': {'chunk': 0, 'slot': 0}, 'ownership_word': 10, 'producer_interval': {'start': {'offset': 52148, 'end': 52156, 'line': 1044, 'column': 3}, 'end': {'offset': 52360, 'end': 52364, 'line': 1048, 'column': 3}}, 'keep': {'offset': 52360, 'end': 52364, 'line': 1048, 'column': 3}, 'active_chunk_protection': {'start': {'offset': 52360, 'end': 52364, 'line': 1048, 'column': 3}, 'end': {'offset': 52911, 'end': 52915, 'line': 1057, 'column': 3}}}, {'id': '%value.2', 'constructor': {'offset': 52402, 'end': 52410, 'line': 1049, 'column': 3}, 'kind': 'ScalarList', 'length': 2, 'capacity': 2, 'sealed': True, 'token': {'chunk': 0, 'slot': 1}, 'ownership_word': 10, 'producer_interval': {'start': {'offset': 52402, 'end': 52410, 'line': 1049, 'column': 3}, 'end': {'offset': 52641, 'end': 52645, 'line': 1054, 'column': 3}}, 'keep': {'offset': 52641, 'end': 52645, 'line': 1054, 'column': 3}, 'active_chunk_protection': {'start': {'offset': 52641, 'end': 52645, 'line': 1054, 'column': 3}, 'end': {'offset': 52911, 'end': 52915, 'line': 1057, 'column': 3}}}], 'chunks': [['%value.1', '%value.2']], 'frame': {'activation': {'offset': 51993, 'end': 51997, 'line': 1042, 'column': 3}, 'written_locals': 0, 'finalizers': 1}, 'work': {'V': 2, 'F': 2, 'Q': 0, 'R': 0, 'E': 0, 'W_full_service_component': 4}, 'external_requirements': [{'parameter': 0, 'representation': 'Bytes', 'protection': 'continuously live outside owner du",
      "observed_status": "conditional_component_certificate",
      "observed_work": 4,
      "rejection": null
    },
    {
      "record": "N_grammar",
      "variant": "target",
      "entry": ".minyar.fn.minyar_module_1_snow",
      "expected": "rejected",
      "options": {},
      "input_sha256": "6684508f63ef7f866214fef9b4982f3b5b9d8aa41a43fbfacff6c7d01e652f0c",
      "passed": false,
      "error": "AssertionError: {'boundary': {'offset': 52911, 'end': 52915, 'line': 1057, 'column': 3, 'position': 'before instruction', 'policy': 'first instruction of maximal terminal rc_step?;rc_leave;stack_leave;ret void suffix'}, 'generations': [{'id': '%value.1', 'constructor': {'offset': 52148, 'end': 52156, 'line': 1044, 'column': 3}, 'kind': 'ScalarList', 'length': 3, 'capacity': 4, 'sealed': True, 'token': {'chunk': 0, 'slot': 0}, 'ownership_word': 10, 'producer_interval': {'start': {'offset': 52148, 'end': 52156, 'line': 1044, 'column': 3}, 'end': {'offset': 52360, 'end': 52364, 'line': 1048, 'column': 3}}, 'keep': {'offset': 52360, 'end': 52364, 'line': 1048, 'column': 3}, 'active_chunk_protection': {'start': {'offset': 52360, 'end': 52364, 'line': 1048, 'column': 3}, 'end': {'offset': 52911, 'end': 52915, 'line': 1057, 'column': 3}}}, {'id': '%value.2', 'constructor': {'offset': 52402, 'end': 52410, 'line': 1049, 'column': 3}, 'kind': 'ScalarList', 'length': 2, 'capacity': 2, 'sealed': True, 'token': {'chunk': 0, 'slot': 1}, 'ownership_word': 10, 'producer_interval': {'start': {'offset': 52402, 'end': 52410, 'line': 1049, 'column': 3}, 'end': {'offset': 52641, 'end': 52645, 'line': 1054, 'column': 3}}, 'keep': {'offset': 52641, 'end': 52645, 'line': 1054, 'column': 3}, 'active_chunk_protection': {'start': {'offset': 52641, 'end': 52645, 'line': 1054, 'column': 3}, 'end': {'offset': 52911, 'end': 52915, 'line': 1057, 'column': 3}}}], 'chunks': [['%value.1', '%value.2']], 'frame': {'activation': {'offset': 51993, 'end': 51997, 'line': 1042, 'column': 3}, 'written_locals': 0, 'finalizers': 1}, 'work': {'V': 2, 'F': 2, 'Q': 0, 'R': 0, 'E': 0, 'W_full_service_component': 4}, 'external_requirements': [{'parameter': 0, 'representation': 'Bytes', 'protection': 'continuously live outside owner du",
      "observed_status": "conditional_component_certificate",
      "observed_work": 4,
      "rejection": null
    },
    {
      "record": "N_grammar",
      "variant": "wrong_runtime_prototype",
      "entry": ".minyar.fn.minyar_module_1_snow",
      "expected": "rejected",
      "options": {},
      "input_sha256": "b8099ed0bc4ac9b7155dbcba29e2104983b3689138bce486b6d7e979b9351437",
      "passed": false,
      "error": "AssertionError: {'boundary': {'offset': 52911, 'end': 52915, 'line': 1057, 'column': 3, 'position': 'before instruction', 'policy': 'first instruction of maximal terminal rc_step?;rc_leave;stack_leave;ret void suffix'}, 'generations': [{'id': '%value.1', 'constructor': {'offset': 52148, 'end': 52156, 'line': 1044, 'column': 3}, 'kind': 'ScalarList', 'length': 3, 'capacity': 4, 'sealed': True, 'token': {'chunk': 0, 'slot': 0}, 'ownership_word': 10, 'producer_interval': {'start': {'offset': 52148, 'end': 52156, 'line': 1044, 'column': 3}, 'end': {'offset': 52360, 'end': 52364, 'line': 1048, 'column': 3}}, 'keep': {'offset': 52360, 'end': 52364, 'line': 1048, 'column': 3}, 'active_chunk_protection': {'start': {'offset': 52360, 'end': 52364, 'line': 1048, 'column': 3}, 'end': {'offset': 52911, 'end': 52915, 'line': 1057, 'column': 3}}}, {'id': '%value.2', 'constructor': {'offset': 52402, 'end': 52410, 'line': 1049, 'column': 3}, 'kind': 'ScalarList', 'length': 2, 'capacity': 2, 'sealed': True, 'token': {'chunk': 0, 'slot': 1}, 'ownership_word': 10, 'producer_interval': {'start': {'offset': 52402, 'end': 52410, 'line': 1049, 'column': 3}, 'end': {'offset': 52641, 'end': 52645, 'line': 1054, 'column': 3}}, 'keep': {'offset': 52641, 'end': 52645, 'line': 1054, 'column': 3}, 'active_chunk_protection': {'start': {'offset': 52641, 'end': 52645, 'line': 1054, 'column': 3}, 'end': {'offset': 52911, 'end': 52915, 'line': 1057, 'column': 3}}}], 'chunks': [['%value.1', '%value.2']], 'frame': {'activation': {'offset': 51993, 'end': 51997, 'line': 1042, 'column': 3}, 'written_locals': 0, 'finalizers': 1}, 'work': {'V': 2, 'F': 2, 'Q': 0, 'R': 0, 'E': 0, 'W_full_service_component': 4}, 'external_requirements': [{'parameter': 0, 'representation': 'Bytes', 'protection': 'continuously live outside owner du",
      "observed_status": "conditional_component_certificate",
      "observed_work": 4,
      "rejection": null
    }
  ]
}
